state,region,year,total_damages_cr,crops_damage_cr,houses_damage_cr,public_util_damage_cr
Arunachal Pradesh,Northeast,1953,0.0,0.0,0.0,
Arunachal Pradesh,Northeast,1954,0.0,0.0,0.0,
Arunachal Pradesh,Northeast,1955,0.0,0.0,0.0,
Arunachal Pradesh,Northeast,1956,0.0,0.0,0.0,
Arunachal Pradesh,Northeast,1957,0.0,0.0,0.0,
Arunachal Pradesh,Northeast,1958,0.0,0.0,0.0,
Arunachal Pradesh,Northeast,1959,0.0,0.0,0.0,
Arunachal Pradesh,Northeast,1960,0.0,0.0,0.0,
Arunachal Pradesh,Northeast,1961,0.0,0.0,0.0,
Arunachal Pradesh,Northeast,1962,0.0,0.0,0.0,
Arunachal Pradesh,Northeast,1963,0.0,0.0,0.0,
Arunachal Pradesh,Northeast,1964,0.0,0.0,0.0,
Arunachal Pradesh,Northeast,1965,0.0,0.0,0.0,
Arunachal Pradesh,Northeast,1966,0.0,0.0,0.0,
Arunachal Pradesh,Northeast,1967,0.0,0.0,0.0,
Arunachal Pradesh,Northeast,1968,0.0,0.0,0.0,
Arunachal Pradesh,Northeast,1969,0.0,0.0,0.0,
Arunachal Pradesh,Northeast,1970,0.0,0.0,0.0,
Arunachal Pradesh,Northeast,1971,0.0,0.0,0.0,
Arunachal Pradesh,Northeast,1972,0.0,0.0,0.0,
Arunachal Pradesh,Northeast,1973,0.0,0.0,0.0,
Arunachal Pradesh,Northeast,1974,0.03,0.0,0.0,
Arunachal Pradesh,Northeast,1975,0.0,0.0,0.0,
Arunachal Pradesh,Northeast,1976,0.02,0.0,0.0,
Arunachal Pradesh,Northeast,1977,0.04,0.04,0.0,
Arunachal Pradesh,Northeast,1978,0.0,0.0,0.0,
Arunachal Pradesh,Northeast,1979,0.0,0.0,0.0,
Arunachal Pradesh,Northeast,1980,0.0,0.0,0.0,
Arunachal Pradesh,Northeast,1981,0.0,0.0,0.0,
Arunachal Pradesh,Northeast,1982,0.02,0.0,0.0,
Arunachal Pradesh,Northeast,1983,0.33,0.33,0.0,
Arunachal Pradesh,Northeast,1984,0.0,0.0,0.0,
Arunachal Pradesh,Northeast,1985,5.96,0.45,0.0,
Arunachal Pradesh,Northeast,1986,1.33,0.32,0.46,
Arunachal Pradesh,Northeast,1987,0.0,0.0,0.0,
Arunachal Pradesh,Northeast,1988,55.99,8.83,1.1,
Arunachal Pradesh,Northeast,1989,1.52,1.52,0.0,
Arunachal Pradesh,Northeast,1990,0.0,0.0,0.0,
Arunachal Pradesh,Northeast,1991,0.0,0.0,0.0,
Arunachal Pradesh,Northeast,1992,1.91,0.0,0.0,
Arunachal Pradesh,Northeast,1993,49.72,2.84,0.59,
Arunachal Pradesh,Northeast,1994,0.0,0.0,0.0,
Arunachal Pradesh,Northeast,1995,0.0,0.0,0.0,
Arunachal Pradesh,Northeast,1996,134.9,10.43,0.0,
Arunachal Pradesh,Northeast,1997,0.0,0.0,0.0,
Arunachal Pradesh,Northeast,1998,1.73,0.0,0.0,
Arunachal Pradesh,Northeast,1999,1.72,0.0,0.0,
Arunachal Pradesh,Northeast,2000,3.58,0.0,0.0,
Arunachal Pradesh,Northeast,2001,2.41,0.0,0.0,
Arunachal Pradesh,Northeast,2002,5.88,0.0,0.0,
Arunachal Pradesh,Northeast,2003,6024.66,5678.0,0.42,
Arunachal Pradesh,Northeast,2004,507.19,103.53,37.23,
Arunachal Pradesh,Northeast,2005,510.03,0.0,0.0,
Arunachal Pradesh,Northeast,2006,270.25,103.54,0.25,
Arunachal Pradesh,Northeast,2007,332.14,94.66,15.71,
Arunachal Pradesh,Northeast,2008,540.39,82.85,21.19,
Arunachal Pradesh,Northeast,2009,740.09,8.98,0.0,
Arunachal Pradesh,Northeast,2010,1139.49,43.35,259.36,
Arunachal Pradesh,Northeast,2011,1203.8,0.5,0.0,
Arunachal Pradesh,Northeast,2012,809.29,0.0,1.29,
Arunachal Pradesh,Northeast,2013,875.52,8.25,12.85,
Arunachal Pradesh,Northeast,2014,2436.31,97.38,3.53,
Arunachal Pradesh,Northeast,2015,1762.81,15.29,16.95,
Arunachal Pradesh,Northeast,2016,0.0,,,
Arunachal Pradesh,Northeast,2017,1574.68,97.54,5.55,
Arunachal Pradesh,Northeast,2018,1913.83,462.92,589.95,
Arunachal Pradesh,Northeast,2019,,,,
Arunachal Pradesh,Northeast,2020,1390.08,10.13,4.44,
Arunachal Pradesh,Northeast,2021,567.9,44.43,2.32,
Arunachal Pradesh,Northeast,2022,4.42,,4.42,
Arunachal Pradesh,Northeast,2023,,,,
Assam,Northeast,1953,2.66,2.12,0.29,0.25
Assam,Northeast,1954,15.77,10.62,0.0,5.15
Assam,Northeast,1955,3.71,2.47,0.0,1.24
Assam,Northeast,1956,3.26,3.1,0.13,0.04
Assam,Northeast,1957,4.52,1.01,0.04,3.47
Assam,Northeast,1958,2.7,1.71,0.03,0.97
Assam,Northeast,1959,8.4,6.07,0.25,2.08
Assam,Northeast,1960,7.76,7.63,0.08,0.05
Assam,Northeast,1961,0.58,0.43,0.06,0.08
Assam,Northeast,1962,20.33,19.21,0.68,0.45
Assam,Northeast,1963,2.06,1.97,0.08,0.0
Assam,Northeast,1964,2.46,2.38,0.06,0.02
Assam,Northeast,1965,0.69,0.65,0.03,0.01
Assam,Northeast,1966,22.53,21.7,0.59,0.24
Assam,Northeast,1967,2.44,2.38,0.05,0.01
Assam,Northeast,1968,8.36,8.03,0.33,0.0
Assam,Northeast,1969,8.47,5.51,0.86,2.1
Assam,Northeast,1970,10.43,8.6,0.89,0.94
Assam,Northeast,1971,5.63,4.72,0.89,0.02
Assam,Northeast,1972,24.15,23.25,0.67,0.23
Assam,Northeast,1973,16.49,15.68,0.75,0.06
Assam,Northeast,1974,19.24,17.77,1.41,0.07
Assam,Northeast,1975,0.34,0.32,0.02,0.0
Assam,Northeast,1976,11.98,8.65,2.75,0.58
Assam,Northeast,1977,31.08,26.54,1.59,2.96
Assam,Northeast,1978,4.27,3.93,0.29,0.05
Assam,Northeast,1979,28.16,26.14,1.23,0.78
Assam,Northeast,1980,39.8,32.37,2.24,5.2
Assam,Northeast,1981,7.4,7.01,0.23,0.16
Assam,Northeast,1982,21.9,8.9,0.17,12.82
Assam,Northeast,1983,56.18,14.74,1.16,40.28
Assam,Northeast,1984,50.82,48.99,1.06,0.78
Assam,Northeast,1985,54.74,1.98,0.0,52.75
Assam,Northeast,1986,204.6,98.01,0.97,105.62
Assam,Northeast,1987,346.6,139.04,75.21,132.35
Assam,Northeast,1988,663.84,334.1,103.92,225.82
Assam,Northeast,1989,308.62,69.15,16.25,223.22
Assam,Northeast,1990,74.54,63.7,4.19,6.65
Assam,Northeast,1991,192.64,117.05,43.17,32.43
Assam,Northeast,1992,25.09,17.9,2.21,4.98
Assam,Northeast,1993,85.32,51.09,17.77,16.46
Assam,Northeast,1994,8.75,8.38,0.37,0.0
Assam,Northeast,1995,0.0,0.0,0.0,0.0
Assam,Northeast,1996,60.12,52.04,8.07,0.0
Assam,Northeast,1997,36.36,19.46,9.99,6.92
Assam,Northeast,1998,579.91,463.3,33.65,82.96
Assam,Northeast,1999,54.15,50.46,1.5,2.19
Assam,Northeast,2000,244.06,173.52,16.49,54.06
Assam,Northeast,2001,11.15,8.36,2.6,0.2
Assam,Northeast,2002,753.03,145.6,41.19,566.24
Assam,Northeast,2003,347.09,147.0,18.69,181.4
Assam,Northeast,2004,57.35,37.47,2.19,17.69
Assam,Northeast,2005,32.88,23.47,9.34,0.07
Assam,Northeast,2006,2.98,1.11,1.63,0.24
Assam,Northeast,2007,0.0,0.0,0.0,0.0
Assam,Northeast,2008,3.55,3.29,0.03,0.23
Assam,Northeast,2009,0.0,0.0,0.0,0.0
Assam,Northeast,2010,67.57,36.79,11.0,19.78
Assam,Northeast,2011,0.0,0.0,0.0,0.0
Assam,Northeast,2012,3200.31,0.0,0.0,3200.31
Assam,Northeast,2013,13.84,0.0,0.0,13.84
Assam,Northeast,2014,2.39,0.0,0.0,2.39
Assam,Northeast,2015,3.32,,,3.32
Assam,Northeast,2016,17.89,,,17.89
Assam,Northeast,2017,4164.81,178.69,90.94,3895.18
Assam,Northeast,2018,2480.98,23.49,84.01,2373.48
Assam,Northeast,2019,3121.98,167.47,151.4,2803.11
Assam,Northeast,2020,2439.73,145.87,93.36,2200.5
Assam,Northeast,2021,1072.43,8.56,12.73,1051.14
Assam,Northeast,2022,2397.9,154.59,151.14,2092.17
Assam,Northeast,2023,71.44,18.01,3.83,49.6
Bihar,Indo_Gangetic_Plain,1953,36.5,29.0,6.0,
Bihar,Indo_Gangetic_Plain,1954,21.5,15.0,5.0,
Bihar,Indo_Gangetic_Plain,1955,21.63,20.3,1.12,
Bihar,Indo_Gangetic_Plain,1956,5.73,5.22,0.51,
Bihar,Indo_Gangetic_Plain,1957,0.0,0.0,0.0,
Bihar,Indo_Gangetic_Plain,1958,3.21,3.2,0.0,
Bihar,Indo_Gangetic_Plain,1959,0.0,0.0,0.0,
Bihar,Indo_Gangetic_Plain,1960,0.01,0.0,0.0,
Bihar,Indo_Gangetic_Plain,1961,13.25,13.25,0.0,
Bihar,Indo_Gangetic_Plain,1962,10.13,9.57,0.52,
Bihar,Indo_Gangetic_Plain,1963,0.76,0.76,0.01,
Bihar,Indo_Gangetic_Plain,1964,13.27,11.09,0.48,
Bihar,Indo_Gangetic_Plain,1965,1.8,1.8,0.0,
Bihar,Indo_Gangetic_Plain,1966,39.0,39.0,0.0,
Bihar,Indo_Gangetic_Plain,1967,19.67,19.34,0.27,
Bihar,Indo_Gangetic_Plain,1968,10.16,10.14,0.01,
Bihar,Indo_Gangetic_Plain,1969,36.0,28.8,0.0,
Bihar,Indo_Gangetic_Plain,1970,15.08,14.74,0.32,
Bihar,Indo_Gangetic_Plain,1971,217.44,143.91,29.31,
Bihar,Indo_Gangetic_Plain,1972,1.7,1.62,0.07,
Bihar,Indo_Gangetic_Plain,1973,20.06,19.71,0.35,
Bihar,Indo_Gangetic_Plain,1974,381.84,294.95,52.88,
Bihar,Indo_Gangetic_Plain,1975,265.76,136.55,9.69,
Bihar,Indo_Gangetic_Plain,1976,205.99,94.64,30.04,
Bihar,Indo_Gangetic_Plain,1977,12.29,11.79,0.45,
Bihar,Indo_Gangetic_Plain,1978,178.86,94.6,9.12,
Bihar,Indo_Gangetic_Plain,1979,20.19,19.02,1.03,
Bihar,Indo_Gangetic_Plain,1980,57.73,0.0,3.72,
Bihar,Indo_Gangetic_Plain,1981,79.08,72.13,3.96,
Bihar,Indo_Gangetic_Plain,1982,113.42,97.0,6.87,
Bihar,Indo_Gangetic_Plain,1983,26.29,23.43,1.18,
Bihar,Indo_Gangetic_Plain,1984,235.53,185.44,22.92,
Bihar,Indo_Gangetic_Plain,1985,36.54,30.34,4.33,
Bihar,Indo_Gangetic_Plain,1986,308.05,103.66,4.39,
Bihar,Indo_Gangetic_Plain,1987,1209.61,501.32,217.74,
Bihar,Indo_Gangetic_Plain,1988,53.49,49.87,2.11,
Bihar,Indo_Gangetic_Plain,1989,9.5,7.05,1.61,
Bihar,Indo_Gangetic_Plain,1990,21.59,18.17,1.6,
Bihar,Indo_Gangetic_Plain,1991,31.15,23.61,6.14,
Bihar,Indo_Gangetic_Plain,1992,0.75,0.58,0.16,
Bihar,Indo_Gangetic_Plain,1993,73.01,66.83,5.74,
Bihar,Indo_Gangetic_Plain,1994,48.56,45.07,2.18,
Bihar,Indo_Gangetic_Plain,1995,292.08,195.14,75.1,
Bihar,Indo_Gangetic_Plain,1996,92.78,70.32,14.01,
Bihar,Indo_Gangetic_Plain,1997,108.33,57.38,30.57,
Bihar,Indo_Gangetic_Plain,1998,514.84,366.97,55.04,
Bihar,Indo_Gangetic_Plain,1999,349.99,242.04,53.85,
Bihar,Indo_Gangetic_Plain,2000,252.64,75.53,148.56,
Bihar,Indo_Gangetic_Plain,2001,624.34,267.22,173.58,
Bihar,Indo_Gangetic_Plain,2002,1446.63,511.5,526.22,
Bihar,Indo_Gangetic_Plain,2003,1118.14,62.66,20.32,
Bihar,Indo_Gangetic_Plain,2004,2310.65,522.06,758.1,
Bihar,Indo_Gangetic_Plain,2005,18.52,11.64,3.83,
Bihar,Indo_Gangetic_Plain,2006,103.88,7.06,12.26,
Bihar,Indo_Gangetic_Plain,2007,2242.24,768.38,831.45,
Bihar,Indo_Gangetic_Plain,2008,216.42,34.2,84.51,
Bihar,Indo_Gangetic_Plain,2009,32.41,21.83,5.28,
Bihar,Indo_Gangetic_Plain,2010,11.76,3.12,7.05,
Bihar,Indo_Gangetic_Plain,2011,103.45,59.87,17.79,
Bihar,Indo_Gangetic_Plain,2012,4.57,1.64,1.31,
Bihar,Indo_Gangetic_Plain,2013,146.35,105.72,24.02,
Bihar,Indo_Gangetic_Plain,2014,192.58,176.4,10.78,
Bihar,Indo_Gangetic_Plain,2015,62.69,,0.69,
Bihar,Indo_Gangetic_Plain,2016,528.76,443.53,44.26,
Bihar,Indo_Gangetic_Plain,2017,0.0,0.0,0.0,
Bihar,Indo_Gangetic_Plain,2018,5.56,5.14,0.41,
Bihar,Indo_Gangetic_Plain,2019,,,,
Bihar,Indo_Gangetic_Plain,2020,810.19,727.88,11.7,
Bihar,Indo_Gangetic_Plain,2021,6444.86,929.6,10.24,
Bihar,Indo_Gangetic_Plain,2022,,,,
Bihar,Indo_Gangetic_Plain,2023,3.57,0.0,0.88,2.69
Chattisgarh,Central_India,1953,,,,
Chattisgarh,Central_India,1954,,,,
Chattisgarh,Central_India,1955,,,,
Chattisgarh,Central_India,1956,,,,
Chattisgarh,Central_India,1957,,,,
Chattisgarh,Central_India,1958,,,,
Chattisgarh,Central_India,1959,,,,
Chattisgarh,Central_India,1960,,,,
Chattisgarh,Central_India,1961,,,,
Chattisgarh,Central_India,1962,,,,
Chattisgarh,Central_India,1963,,,,
Chattisgarh,Central_India,1964,,,,
Chattisgarh,Central_India,1965,,,,
Chattisgarh,Central_India,1966,,,,
Chattisgarh,Central_India,1967,,,,
Chattisgarh,Central_India,1968,,,,
Chattisgarh,Central_India,1969,,,,
Chattisgarh,Central_India,1970,,,,
Chattisgarh,Central_India,1971,,,,
Chattisgarh,Central_India,1972,,,,
Chattisgarh,Central_India,1973,,,,
Chattisgarh,Central_India,1974,,,,
Chattisgarh,Central_India,1975,,,,
Chattisgarh,Central_India,1976,,,,
Chattisgarh,Central_India,1977,,,,
Chattisgarh,Central_India,1978,,,,
Chattisgarh,Central_India,1979,,,,
Chattisgarh,Central_India,1980,,,,
Chattisgarh,Central_India,1981,,,,
Chattisgarh,Central_India,1982,,,,
Chattisgarh,Central_India,1983,,,,
Chattisgarh,Central_India,1984,,,,
Chattisgarh,Central_India,1985,,,,
Chattisgarh,Central_India,1986,,,,
Chattisgarh,Central_India,1987,,,,
Chattisgarh,Central_India,1988,,,,
Chattisgarh,Central_India,1989,,,,
Chattisgarh,Central_India,1990,,,,
Chattisgarh,Central_India,1991,,,,
Chattisgarh,Central_India,1992,,,,
Chattisgarh,Central_India,1993,,,,
Chattisgarh,Central_India,1994,,,,
Chattisgarh,Central_India,1995,,,,
Chattisgarh,Central_India,1996,,,,
Chattisgarh,Central_India,1997,,,,
Chattisgarh,Central_India,1998,,,,
Chattisgarh,Central_India,1999,,,,
Chattisgarh,Central_India,2000,,,,
Chattisgarh,Central_India,2001,231.37,50.74,12.68,167.95
Chattisgarh,Central_India,2002,0.0,0.0,0.0,0.0
Chattisgarh,Central_India,2003,20.98,2.31,13.88,4.79
Chattisgarh,Central_India,2004,9.9,3.37,3.23,3.3
Chattisgarh,Central_India,2005,28.96,4.54,4.7,19.72
Chattisgarh,Central_India,2006,118.45,29.45,27.72,61.28
Chattisgarh,Central_India,2007,71.16,12.15,22.62,36.39
Chattisgarh,Central_India,2008,56.03,12.24,24.5,19.29
Chattisgarh,Central_India,2009,0.0,,,
Chattisgarh,Central_India,2010,0.0,,,
Chattisgarh,Central_India,2011,62.06,3.79,4.49,53.78
Chattisgarh,Central_India,2012,0.0,0.0,0.0,0.0
Chattisgarh,Central_India,2013,0.0,0.0,0.0,0.0
Chattisgarh,Central_India,2014,0.0,0.0,0.0,0.0
Chattisgarh,Central_India,2015,0.0,,,
Chattisgarh,Central_India,2016,0.0,,,
Chattisgarh,Central_India,2017,0.0,0.0,0.0,0.0
Chattisgarh,Central_India,2018,41.69,12.25,4.14,25.3
Chattisgarh,Central_India,2019,,,,
Chattisgarh,Central_India,2020,31.34,3.66,15.3,12.38
Chattisgarh,Central_India,2021,1.24,0.12,1.12,0.0
Chattisgarh,Central_India,2022,,,,
Chattisgarh,Central_India,2023,,,,
Goa,Western_Ghats,1953,0.0,0.0,0.0,0.0
Goa,Western_Ghats,1954,0.0,0.0,0.0,0.0
Goa,Western_Ghats,1955,0.0,0.0,0.0,0.0
Goa,Western_Ghats,1956,0.0,0.0,0.0,0.0
Goa,Western_Ghats,1957,0.0,0.0,0.0,0.0
Goa,Western_Ghats,1958,0.0,0.0,0.0,0.0
Goa,Western_Ghats,1959,0.0,0.0,0.0,0.0
Goa,Western_Ghats,1960,0.0,0.0,0.0,0.0
Goa,Western_Ghats,1961,0.0,0.0,0.0,0.0
Goa,Western_Ghats,1962,0.0,0.0,0.0,0.0
Goa,Western_Ghats,1963,0.0,0.0,0.0,0.0
Goa,Western_Ghats,1964,0.0,0.0,0.0,0.0
Goa,Western_Ghats,1965,0.0,0.0,0.0,0.0
Goa,Western_Ghats,1966,0.0,0.0,0.0,0.0
Goa,Western_Ghats,1967,0.0,0.0,0.0,0.0
Goa,Western_Ghats,1968,0.0,0.0,0.0,0.0
Goa,Western_Ghats,1969,0.0,0.0,0.0,0.0
Goa,Western_Ghats,1970,0.0,0.0,0.0,0.0
Goa,Western_Ghats,1971,0.0,0.0,0.0,0.0
Goa,Western_Ghats,1972,0.0,0.0,0.0,0.0
Goa,Western_Ghats,1973,0.0,0.0,0.0,0.0
Goa,Western_Ghats,1974,0.01,0.01,0.0,0.0
Goa,Western_Ghats,1975,0.0,0.0,0.0,0.0
Goa,Western_Ghats,1976,0.19,0.14,0.05,0.0
Goa,Western_Ghats,1977,0.0,0.0,0.0,0.0
Goa,Western_Ghats,1978,0.0,0.0,0.0,0.0
Goa,Western_Ghats,1979,0.0,0.0,0.0,0.0
Goa,Western_Ghats,1980,0.0,0.0,0.0,0.0
Goa,Western_Ghats,1981,0.0,0.0,0.0,0.0
Goa,Western_Ghats,1982,0.0,0.0,0.0,0.0
Goa,Western_Ghats,1983,0.0,0.0,0.0,0.0
Goa,Western_Ghats,1984,0.0,0.0,0.0,0.0
Goa,Western_Ghats,1985,0.0,0.0,0.0,0.0
Goa,Western_Ghats,1986,0.0,0.0,0.0,0.0
Goa,Western_Ghats,1987,0.0,0.0,0.0,0.0
Goa,Western_Ghats,1988,0.0,0.0,0.0,0.0
Goa,Western_Ghats,1989,0.0,0.0,0.0,0.0
Goa,Western_Ghats,1990,0.0,0.0,0.0,0.0
Goa,Western_Ghats,1991,0.0,0.0,0.0,0.0
Goa,Western_Ghats,1992,0.0,0.0,0.0,0.0
Goa,Western_Ghats,1993,0.0,0.0,0.0,0.0
Goa,Western_Ghats,1994,0.0,0.0,0.0,0.0
Goa,Western_Ghats,1995,0.0,0.0,0.0,0.0
Goa,Western_Ghats,1996,0.0,0.0,0.0,0.0
Goa,Western_Ghats,1997,0.0,0.0,0.0,0.0
Goa,Western_Ghats,1998,0.07,0.0,0.07,0.0
Goa,Western_Ghats,1999,1.16,0.56,0.6,0.0
Goa,Western_Ghats,2000,1.96,0.29,0.67,1.0
Goa,Western_Ghats,2001,0.35,0.02,0.33,0.0
Goa,Western_Ghats,2002,0.36,0.0,0.35,0.0
Goa,Western_Ghats,2003,0.0,0.0,0.0,0.0
Goa,Western_Ghats,2004,0.0,0.0,0.0,0.0
Goa,Western_Ghats,2005,0.0,0.0,0.0,0.0
Goa,Western_Ghats,2006,0.0,0.0,0.0,0.0
Goa,Western_Ghats,2007,0.0,0.0,0.0,0.0
Goa,Western_Ghats,2008,0.38,0.0,0.35,0.03
Goa,Western_Ghats,2009,1.48,0.0,1.46,0.02
Goa,Western_Ghats,2010,0.0,0.0,0.0,0.0
Goa,Western_Ghats,2011,1.15,0.62,0.51,0.02
Goa,Western_Ghats,2012,0.57,0.0,0.55,0.02
Goa,Western_Ghats,2013,0.01,0.0,0.01,0.0
Goa,Western_Ghats,2014,0.0,0.0,0.0,0.0
Goa,Western_Ghats,2015,0.0,0.0,0.0,0.0
Goa,Western_Ghats,2016,0.0,0.0,0.0,0.0
Goa,Western_Ghats,2017,0.0,0.0,0.0,0.0
Goa,Western_Ghats,2018,,,,
Goa,Western_Ghats,2019,,,,
Goa,Western_Ghats,2020,,,,
Goa,Western_Ghats,2021,218.63,188.18,30.45,
Goa,Western_Ghats,2022,0.0,0.0,0.0,0.0
Goa,Western_Ghats,2023,0.0,0.0,0.0,0.0
Haryana,Indo_Gangetic_Plain,1953,0.0,0.0,0.0,0.0
Haryana,Indo_Gangetic_Plain,1954,0.0,0.0,0.0,0.0
Haryana,Indo_Gangetic_Plain,1955,3.24,2.8,0.42,0.02
Haryana,Indo_Gangetic_Plain,1956,3.34,3.32,0.02,0.0
Haryana,Indo_Gangetic_Plain,1957,0.0,0.0,0.0,0.0
Haryana,Indo_Gangetic_Plain,1958,7.91,7.3,0.6,0.01
Haryana,Indo_Gangetic_Plain,1959,0.64,0.64,,0.0
Haryana,Indo_Gangetic_Plain,1960,5.38,3.67,1.63,0.08
Haryana,Indo_Gangetic_Plain,1961,3.23,2.96,0.27,0.0
Haryana,Indo_Gangetic_Plain,1962,4.87,3.53,1.33,0.01
Haryana,Indo_Gangetic_Plain,1963,4.35,3.95,0.34,0.06
Haryana,Indo_Gangetic_Plain,1964,12.1,11.13,0.86,0.11
Haryana,Indo_Gangetic_Plain,1965,0.43,0.39,0.04,0.0
Haryana,Indo_Gangetic_Plain,1966,5.72,0.91,0.18,4.63
Haryana,Indo_Gangetic_Plain,1967,18.9,17.49,1.08,0.33
Haryana,Indo_Gangetic_Plain,1968,10.06,9.31,0.71,0.04
Haryana,Indo_Gangetic_Plain,1969,3.6,3.27,0.15,0.18
Haryana,Indo_Gangetic_Plain,1970,0.02,0.01,0.0,0.01
Haryana,Indo_Gangetic_Plain,1971,6.31,5.24,0.96,0.11
Haryana,Indo_Gangetic_Plain,1972,1.03,0.3,0.38,0.35
Haryana,Indo_Gangetic_Plain,1973,0.07,0.02,0.01,0.05
Haryana,Indo_Gangetic_Plain,1974,0.0,0.0,0.0,0.0
Haryana,Indo_Gangetic_Plain,1975,3.96,3.62,0.34,0.0
Haryana,Indo_Gangetic_Plain,1976,37.74,29.71,6.16,1.87
Haryana,Indo_Gangetic_Plain,1977,71.0,56.0,15.0,0.0
Haryana,Indo_Gangetic_Plain,1978,52.81,42.98,7.33,2.5
Haryana,Indo_Gangetic_Plain,1979,0.01,0.01,0.0,0.0
Haryana,Indo_Gangetic_Plain,1980,30.44,20.41,0.72,9.31
Haryana,Indo_Gangetic_Plain,1981,0.35,0.24,0.11,0.0
Haryana,Indo_Gangetic_Plain,1982,0.0,0.0,0.0,0.0
Haryana,Indo_Gangetic_Plain,1983,50.96,32.28,1.61,17.07
Haryana,Indo_Gangetic_Plain,1984,1.93,1.9,0.03,0.0
Haryana,Indo_Gangetic_Plain,1985,73.37,25.6,33.14,14.63
Haryana,Indo_Gangetic_Plain,1986,3.62,2.37,0.25,1.0
Haryana,Indo_Gangetic_Plain,1987,0.0,0.0,0.0,0.0
Haryana,Indo_Gangetic_Plain,1988,422.96,308.43,50.71,63.82
Haryana,Indo_Gangetic_Plain,1989,0.92,0.8,0.08,0.04
Haryana,Indo_Gangetic_Plain,1990,13.57,9.84,2.93,0.81
Haryana,Indo_Gangetic_Plain,1991,0.02,0.02,0.0,0.0
Haryana,Indo_Gangetic_Plain,1992,0.0,0.0,0.0,0.0
Haryana,Indo_Gangetic_Plain,1993,0.0,0.0,0.0,0.0
Haryana,Indo_Gangetic_Plain,1994,26.22,16.62,4.38,5.22
Haryana,Indo_Gangetic_Plain,1995,11.69,10.47,0.54,0.68
Haryana,Indo_Gangetic_Plain,1996,0.0,0.0,0.0,0.0
Haryana,Indo_Gangetic_Plain,1997,6.15,6.0,0.15,0.0
Haryana,Indo_Gangetic_Plain,1998,398.88,398.49,0.31,0.08
Haryana,Indo_Gangetic_Plain,1999,0.0,0.0,0.0,0.0
Haryana,Indo_Gangetic_Plain,2000,0.0,0.0,0.0,0.0
Haryana,Indo_Gangetic_Plain,2001,0.0,0.0,0.0,0.0
Haryana,Indo_Gangetic_Plain,2002,0.0,0.0,0.0,0.0
Haryana,Indo_Gangetic_Plain,2003,0.49,0.41,0.06,0.02
Haryana,Indo_Gangetic_Plain,2004,0.0,0.0,0.0,0.0
Haryana,Indo_Gangetic_Plain,2005,,,,
Haryana,Indo_Gangetic_Plain,2006,0.52,0.08,0.44,0.0
Haryana,Indo_Gangetic_Plain,2007,0.0,0.0,0.0,0.0
Haryana,Indo_Gangetic_Plain,2008,1.43,0.33,0.44,0.66
Haryana,Indo_Gangetic_Plain,2009,0.0,0.0,0.0,0.0
Haryana,Indo_Gangetic_Plain,2010,124.53,54.02,7.96,62.55
Haryana,Indo_Gangetic_Plain,2011,0.0,0.0,0.0,0.0
Haryana,Indo_Gangetic_Plain,2012,0.0,0.0,0.0,0.0
Haryana,Indo_Gangetic_Plain,2013,104.4,104.09,0.24,0.07
Haryana,Indo_Gangetic_Plain,2014,29.79,29.77,0.01,0.0
Haryana,Indo_Gangetic_Plain,2015,437.23,437.2,0.03,0.0
Haryana,Indo_Gangetic_Plain,2016,522.45,518.24,4.21,0.0
Haryana,Indo_Gangetic_Plain,2017,18.01,17.96,0.05,0.0
Haryana,Indo_Gangetic_Plain,2018,89.03,88.45,0.58,0.0
Haryana,Indo_Gangetic_Plain,2019,0.6,0.6,0.0,0.0
Haryana,Indo_Gangetic_Plain,2020,,,,
Haryana,Indo_Gangetic_Plain,2021,614.63,614.63,,
Haryana,Indo_Gangetic_Plain,2022,,,,
Haryana,Indo_Gangetic_Plain,2023,5.15,,5.15,
Jharkhand,Central_India,1953,,,,
Jharkhand,Central_India,1954,,,,
Jharkhand,Central_India,1955,,,,
Jharkhand,Central_India,1956,,,,
Jharkhand,Central_India,1957,,,,
Jharkhand,Central_India,1958,,,,
Jharkhand,Central_India,1959,,,,
Jharkhand,Central_India,1960,,,,
Jharkhand,Central_India,1961,,,,
Jharkhand,Central_India,1962,,,,
Jharkhand,Central_India,1963,,,,
Jharkhand,Central_India,1964,,,,
Jharkhand,Central_India,1965,,,,
Jharkhand,Central_India,1966,,,,
Jharkhand,Central_India,1967,,,,
Jharkhand,Central_India,1968,,,,
Jharkhand,Central_India,1969,,,,
Jharkhand,Central_India,1970,,,,
Jharkhand,Central_India,1971,,,,
Jharkhand,Central_India,1972,,,,
Jharkhand,Central_India,1973,,,,
Jharkhand,Central_India,1974,,,,
Jharkhand,Central_India,1975,,,,
Jharkhand,Central_India,1976,,,,
Jharkhand,Central_India,1977,,,,
Jharkhand,Central_India,1978,,,,
Jharkhand,Central_India,1979,,,,
Jharkhand,Central_India,1980,,,,
Jharkhand,Central_India,1981,,,,
Jharkhand,Central_India,1982,,,,
Jharkhand,Central_India,1983,,,,
Jharkhand,Central_India,1984,,,,
Jharkhand,Central_India,1985,,,,
Jharkhand,Central_India,1986,,,,
Jharkhand,Central_India,1987,,,,
Jharkhand,Central_India,1988,,,,
Jharkhand,Central_India,1989,,,,
Jharkhand,Central_India,1990,,,,
Jharkhand,Central_India,1991,,,,
Jharkhand,Central_India,1992,,,,
Jharkhand,Central_India,1993,,,,
Jharkhand,Central_India,1994,,,,
Jharkhand,Central_India,1995,,,,
Jharkhand,Central_India,1996,,,,
Jharkhand,Central_India,1997,,,,
Jharkhand,Central_India,1998,,,,
Jharkhand,Central_India,1999,,,,
Jharkhand,Central_India,2000,,,,
Jharkhand,Central_India,2001,0.0,0.0,0.0,0.0
Jharkhand,Central_India,2002,0.0,0.0,0.0,0.0
Jharkhand,Central_India,2003,0.0,0.0,0.0,0.0
Jharkhand,Central_India,2004,0.0,0.0,0.0,0.0
Jharkhand,Central_India,2005,0.0,0.0,0.0,0.0
Jharkhand,Central_India,2006,0.0,0.0,0.0,0.0
Jharkhand,Central_India,2007,0.0,0.0,0.0,0.0
Jharkhand,Central_India,2008,1.14,0.0,1.14,0.0
Jharkhand,Central_India,2009,0.0,0.0,0.0,0.0
Jharkhand,Central_India,2010,0.0,0.0,0.0,0.0
Jharkhand,Central_India,2011,0.0,0.0,0.0,0.0
Jharkhand,Central_India,2012,3.89,3.05,0.83,0.0
Jharkhand,Central_India,2013,4.1,3.89,0.2,0.0
Jharkhand,Central_India,2014,0.0,0.0,0.0,0.0
Jharkhand,Central_India,2015,0.0,,,
Jharkhand,Central_India,2016,0.0,,,
Jharkhand,Central_India,2017,0.67,0.0,0.67,0.0
Jharkhand,Central_India,2018,0.2,,,0.2
Jharkhand,Central_India,2019,13.25,2.71,0.54,10.0
Jharkhand,Central_India,2020,0.89,0.73,0.16,0.0
Jharkhand,Central_India,2021,1.49,1.48,0.02,0.0
Jharkhand,Central_India,2022,0.06,0.06,0.0,0.0
Jharkhand,Central_India,2023,0.0,0.0,0.0,0.0
Karnataka,Western_Ghats,1953,0.0,0.0,0.0,0.0
Karnataka,Western_Ghats,1954,0.0,0.0,0.0,0.0
Karnataka,Western_Ghats,1955,0.0,0.0,0.0,0.0
Karnataka,Western_Ghats,1956,0.0,0.0,0.0,0.0
Karnataka,Western_Ghats,1957,0.02,0.02,0.0,0.0
Karnataka,Western_Ghats,1958,0.0,0.0,0.0,0.0
Karnataka,Western_Ghats,1959,0.06,0.06,0.0,0.0
Karnataka,Western_Ghats,1960,0.0,0.0,0.0,0.0
Karnataka,Western_Ghats,1961,3.0,0.0,0.0,3.0
Karnataka,Western_Ghats,1962,0.18,0.1,0.07,0.02
Karnataka,Western_Ghats,1963,0.04,0.0,0.0,0.04
Karnataka,Western_Ghats,1964,0.25,0.0,0.0,0.25
Karnataka,Western_Ghats,1965,0.0,0.0,0.0,0.0
Karnataka,Western_Ghats,1966,0.0,0.0,0.0,0.0
Karnataka,Western_Ghats,1967,0.0,0.0,0.0,0.0
Karnataka,Western_Ghats,1968,0.66,0.37,0.06,0.23
Karnataka,Western_Ghats,1969,0.24,0.2,0.03,0.01
Karnataka,Western_Ghats,1970,1.28,1.04,0.24,0.0
Karnataka,Western_Ghats,1971,0.05,0.03,0.02,0.0
Karnataka,Western_Ghats,1972,2.86,1.55,0.5,0.81
Karnataka,Western_Ghats,1973,0.15,0.14,0.0,0.01
Karnataka,Western_Ghats,1974,4.07,0.31,2.0,1.76
Karnataka,Western_Ghats,1975,1.42,0.17,0.03,1.22
Karnataka,Western_Ghats,1976,0.25,0.04,0.0,0.21
Karnataka,Western_Ghats,1977,2.47,0.04,0.11,2.33
Karnataka,Western_Ghats,1978,1.68,0.26,0.01,1.42
Karnataka,Western_Ghats,1979,2.76,0.15,0.02,2.59
Karnataka,Western_Ghats,1980,4.34,1.09,0.11,3.14
Karnataka,Western_Ghats,1981,9.34,1.03,0.76,7.55
Karnataka,Western_Ghats,1982,9.64,2.36,2.67,4.61
Karnataka,Western_Ghats,1983,6.75,2.64,0.29,3.83
Karnataka,Western_Ghats,1984,3.33,0.14,0.04,3.15
Karnataka,Western_Ghats,1985,1.51,0.03,0.09,1.39
Karnataka,Western_Ghats,1986,0.57,0.01,0.01,0.55
Karnataka,Western_Ghats,1987,0.08,0.01,0.0,0.07
Karnataka,Western_Ghats,1988,174.44,130.96,6.02,37.46
Karnataka,Western_Ghats,1989,65.81,18.76,2.61,44.44
Karnataka,Western_Ghats,1990,5.29,0.04,0.02,5.23
Karnataka,Western_Ghats,1991,136.24,21.54,30.78,83.92
Karnataka,Western_Ghats,1992,0.0,0.0,0.0,0.0
Karnataka,Western_Ghats,1993,245.4,116.23,48.62,80.56
Karnataka,Western_Ghats,1994,96.9,25.8,5.32,65.79
Karnataka,Western_Ghats,1995,22.73,2.36,0.45,19.92
Karnataka,Western_Ghats,1996,25.44,2.62,1.89,20.93
Karnataka,Western_Ghats,1997,51.56,6.05,1.84,43.67
Karnataka,Western_Ghats,1998,0.0,0.0,0.0,0.0
Karnataka,Western_Ghats,1999,0.0,0.0,0.0,0.0
Karnataka,Western_Ghats,2000,0.0,0.0,0.0,0.0
Karnataka,Western_Ghats,2001,54.97,2.32,4.36,48.29
Karnataka,Western_Ghats,2002,0.0,0.0,0.0,0.0
Karnataka,Western_Ghats,2003,0.0,0.0,0.0,0.0
Karnataka,Western_Ghats,2004,0.0,0.0,0.0,0.0
Karnataka,Western_Ghats,2005,1896.53,646.61,11.99,1237.93
Karnataka,Western_Ghats,2006,3272.62,851.0,445.24,1976.38
Karnataka,Western_Ghats,2007,5475.5,1879.84,144.61,3451.05
Karnataka,Western_Ghats,2008,625.59,270.59,14.67,340.33
Karnataka,Western_Ghats,2009,17973.19,3028.57,9892.12,5052.5
Karnataka,Western_Ghats,2010,1788.57,760.22,35.75,992.6
Karnataka,Western_Ghats,2011,0.0,0.0,0.0,0.0
Karnataka,Western_Ghats,2012,29.19,0.06,0.97,28.17
Karnataka,Western_Ghats,2013,1713.07,1703.07,10.0,0.0
Karnataka,Western_Ghats,2014,623.53,170.45,122.75,330.33
Karnataka,Western_Ghats,2015,863.99,776.48,12.02,75.49
Karnataka,Western_Ghats,2016,2012.81,1771.26,5.37,236.18
Karnataka,Western_Ghats,2017,0.0,0.0,0.0,0.0
Karnataka,Western_Ghats,2018,4620.78,2220.7,367.51,2032.57
Karnataka,Western_Ghats,2019,,,,
Karnataka,Western_Ghats,2020,,,,
Karnataka,Western_Ghats,2021,1975.81,1069.19,170.12,736.5
Karnataka,Western_Ghats,2022,,,,
Karnataka,Western_Ghats,2023,,,,
Kerala,Western_Ghats,1953,0.0,0.0,0.0,0.0
Kerala,Western_Ghats,1954,0.0,0.0,0.0,0.0
Kerala,Western_Ghats,1955,0.0,0.0,0.0,0.0
Kerala,Western_Ghats,1956,0.03,0.0,0.03,0.0
Kerala,Western_Ghats,1957,0.14,0.11,0.02,0.0
Kerala,Western_Ghats,1958,0.11,0.02,0.09,0.0
Kerala,Western_Ghats,1959,0.0,0.0,0.0,0.0
Kerala,Western_Ghats,1960,0.0,0.0,0.0,0.0
Kerala,Western_Ghats,1961,1.53,0.3,0.0,1.23
Kerala,Western_Ghats,1962,0.29,0.23,0.0,0.07
Kerala,Western_Ghats,1963,0.0,0.0,0.0,0.0
Kerala,Western_Ghats,1964,0.27,0.08,0.11,0.09
Kerala,Western_Ghats,1965,0.0,0.0,0.0,0.0
Kerala,Western_Ghats,1966,0.0,0.0,0.0,0.0
Kerala,Western_Ghats,1967,0.0,0.0,0.0,0.0
Kerala,Western_Ghats,1968,15.95,7.0,6.3,2.65
Kerala,Western_Ghats,1969,3.4,0.41,0.82,2.18
Kerala,Western_Ghats,1970,2.79,0.36,0.4,2.03
Kerala,Western_Ghats,1971,7.82,1.41,0.25,6.16
Kerala,Western_Ghats,1972,3.53,1.26,0.12,2.15
Kerala,Western_Ghats,1973,3.93,0.55,0.09,3.29
Kerala,Western_Ghats,1974,21.76,12.58,1.75,7.43
Kerala,Western_Ghats,1975,0.48,0.34,0.12,0.02
Kerala,Western_Ghats,1976,0.74,0.2,0.03,0.51
Kerala,Western_Ghats,1977,13.41,6.44,3.97,3.0
Kerala,Western_Ghats,1978,74.65,23.36,21.06,30.24
Kerala,Western_Ghats,1979,1.31,0.22,0.31,0.79
Kerala,Western_Ghats,1980,33.18,9.43,5.13,18.62
Kerala,Western_Ghats,1981,47.15,15.11,0.54,31.5
Kerala,Western_Ghats,1982,32.22,0.6,0.32,31.3
Kerala,Western_Ghats,1983,0.95,0.71,0.23,0.01
Kerala,Western_Ghats,1984,96.58,8.71,4.57,83.3
Kerala,Western_Ghats,1985,638.4,161.5,93.07,383.83
Kerala,Western_Ghats,1986,293.91,57.66,117.64,118.61
Kerala,Western_Ghats,1987,0.18,0.04,0.13,0.01
Kerala,Western_Ghats,1988,151.72,100.5,4.91,46.31
Kerala,Western_Ghats,1989,774.59,352.8,89.71,332.08
Kerala,Western_Ghats,1990,0.0,0.0,0.0,0.0
Kerala,Western_Ghats,1991,311.63,103.48,15.38,192.77
Kerala,Western_Ghats,1992,1325.36,413.15,81.95,830.26
Kerala,Western_Ghats,1993,21.49,6.84,3.85,10.8
Kerala,Western_Ghats,1994,262.33,144.5,12.83,105.0
Kerala,Western_Ghats,1995,5.55,4.05,1.5,0.0
Kerala,Western_Ghats,1996,547.39,59.07,5.28,483.04
Kerala,Western_Ghats,1997,1265.25,243.0,6.93,1015.32
Kerala,Western_Ghats,1998,33.22,15.98,4.84,12.4
Kerala,Western_Ghats,1999,19.8,5.04,3.25,11.51
Kerala,Western_Ghats,2000,32.4,14.8,3.64,13.96
Kerala,Western_Ghats,2001,40.53,12.3,3.62,24.61
Kerala,Western_Ghats,2002,21.13,8.75,1.46,10.91
Kerala,Western_Ghats,2003,0.0,0.0,0.0,0.0
Kerala,Western_Ghats,2004,0.0,0.0,0.0,0.0
Kerala,Western_Ghats,2005,0.0,0.0,0.0,0.0
Kerala,Western_Ghats,2006,0.0,0.0,0.0,0.0
Kerala,Western_Ghats,2007,0.0,0.0,0.0,0.0
Kerala,Western_Ghats,2008,30.79,22.13,5.89,2.77
Kerala,Western_Ghats,2009,607.33,158.06,16.62,432.65
Kerala,Western_Ghats,2010,49.41,30.57,5.95,12.89
Kerala,Western_Ghats,2011,141.07,60.21,9.32,71.53
Kerala,Western_Ghats,2012,129.81,13.03,6.14,110.64
Kerala,Western_Ghats,2013,675.53,138.8,36.83,499.9
Kerala,Western_Ghats,2014,333.56,215.56,10.0,108.0
Kerala,Western_Ghats,2015,6.51,,,6.51
Kerala,Western_Ghats,2016,42.68,42.68,,
Kerala,Western_Ghats,2017,0.0,0.0,0.0,0.0
Kerala,Western_Ghats,2018,3320.76,168.48,998.13,2154.15
Kerala,Western_Ghats,2019,,,,
Kerala,Western_Ghats,2020,0.0,,0.0,0.0
Kerala,Western_Ghats,2021,9256.3,9256.3,,
Kerala,Western_Ghats,2022,,,,
Kerala,Western_Ghats,2023,,0.0,,
Madhya Pradesh,Central_India,1953,0.12,0.07,0.0,0.05
Madhya Pradesh,Central_India,1954,1.0,0.0,0.0,1.0
Madhya Pradesh,Central_India,1955,7.01,3.0,4.0,0.01
Madhya Pradesh,Central_India,1956,2.12,0.0,1.1,1.02
Madhya Pradesh,Central_India,1957,0.09,0.0,0.01,0.08
Madhya Pradesh,Central_India,1958,0.01,0.0,0.01,0.0
Madhya Pradesh,Central_India,1959,0.22,0.07,0.15,0.0
Madhya Pradesh,Central_India,1960,0.0,0.0,0.0,0.0
Madhya Pradesh,Central_India,1961,0.69,0.0,0.0,0.69
Madhya Pradesh,Central_India,1962,0.14,0.03,0.1,0.01
Madhya Pradesh,Central_India,1963,0.0,0.0,0.0,0.0
Madhya Pradesh,Central_India,1964,0.18,0.01,0.08,0.1
Madhya Pradesh,Central_India,1965,1.0,0.0,0.0,1.0
Madhya Pradesh,Central_India,1966,0.0,0.0,0.0,0.0
Madhya Pradesh,Central_India,1967,0.55,0.43,0.11,0.01
Madhya Pradesh,Central_India,1968,0.0,0.0,0.0,0.0
Madhya Pradesh,Central_India,1969,0.15,0.01,0.13,0.02
Madhya Pradesh,Central_India,1970,1.57,0.0,0.0,1.57
Madhya Pradesh,Central_India,1971,0.97,0.31,0.12,0.54
Madhya Pradesh,Central_India,1972,0.02,0.0,0.0,0.02
Madhya Pradesh,Central_India,1973,69.41,58.83,6.83,3.75
Madhya Pradesh,Central_India,1974,0.89,0.49,0.32,0.09
Madhya Pradesh,Central_India,1975,0.12,0.06,0.05,0.01
Madhya Pradesh,Central_India,1976,0.59,0.48,0.08,0.03
Madhya Pradesh,Central_India,1977,0.0,0.0,0.0,0.0
Madhya Pradesh,Central_India,1978,5.78,3.4,2.23,0.15
Madhya Pradesh,Central_India,1979,0.03,0.02,0.01,0.01
Madhya Pradesh,Central_India,1980,0.0,0.0,0.0,0.0
Madhya Pradesh,Central_India,1981,0.0,0.0,0.0,0.0
Madhya Pradesh,Central_India,1982,30.64,25.23,2.8,2.61
Madhya Pradesh,Central_India,1983,20.91,7.11,3.91,9.88
Madhya Pradesh,Central_India,1984,12.57,1.14,0.26,11.17
Madhya Pradesh,Central_India,1985,7.39,0.0,0.03,7.36
Madhya Pradesh,Central_India,1986,16.91,11.16,3.35,2.41
Madhya Pradesh,Central_India,1987,0.03,0.01,0.02,0.0
Madhya Pradesh,Central_India,1988,0.0,0.0,0.0,0.0
Madhya Pradesh,Central_India,1989,0.0,0.0,0.0,0.0
Madhya Pradesh,Central_India,1990,1.67,0.0,0.0,1.67
Madhya Pradesh,Central_India,1991,0.9,0.05,0.85,0.0
Madhya Pradesh,Central_India,1992,0.0,0.0,0.0,0.0
Madhya Pradesh,Central_India,1993,0.0,0.0,0.0,0.0
Madhya Pradesh,Central_India,1994,31.55,31.55,0.0,0.0
Madhya Pradesh,Central_India,1995,0.0,0.0,0.0,0.0
Madhya Pradesh,Central_India,1996,0.0,0.0,0.0,0.0
Madhya Pradesh,Central_India,1997,0.0,0.0,0.0,0.0
Madhya Pradesh,Central_India,1998,24.86,19.68,4.74,0.44
Madhya Pradesh,Central_India,1999,19.36,10.61,8.75,0.0
Madhya Pradesh,Central_India,2000,0.05,0.0,0.05,0.0
Madhya Pradesh,Central_India,2001,0.02,0.0,0.02,0.0
Madhya Pradesh,Central_India,2002,3.11,1.99,1.12,0.0
Madhya Pradesh,Central_India,2003,81.68,22.72,7.37,51.6
Madhya Pradesh,Central_India,2004,0.0,0.0,0.0,0.0
Madhya Pradesh,Central_India,2005,411.87,5.98,173.88,232.01
Madhya Pradesh,Central_India,2006,0.0,0.0,0.0,0.0
Madhya Pradesh,Central_India,2007,0.0,0.0,0.0,0.0
Madhya Pradesh,Central_India,2008,0.0,0.0,0.0,0.0
Madhya Pradesh,Central_India,2009,0.0,0.0,0.0,0.0
Madhya Pradesh,Central_India,2010,0.07,0.0,0.07,0.0
Madhya Pradesh,Central_India,2011,8.97,0.0,6.51,2.45
Madhya Pradesh,Central_India,2012,0.0,0.0,0.0,0.0
Madhya Pradesh,Central_India,2013,35.23,0.0,0.0,35.23
Madhya Pradesh,Central_India,2014,464.06,0.0,0.0,464.06
Madhya Pradesh,Central_India,2015,69.01,,,69.01
Madhya Pradesh,Central_India,2016,207.86,,,207.86
Madhya Pradesh,Central_India,2017,0.0,0.0,0.0,0.0
Madhya Pradesh,Central_India,2018,1.67,,1.67,0.0
Madhya Pradesh,Central_India,2019,0.0,,,
Madhya Pradesh,Central_India,2020,0.0,,,
Madhya Pradesh,Central_India,2021,,,,
Madhya Pradesh,Central_India,2022,,,,
Madhya Pradesh,Central_India,2023,,0.0,,
Maharashtra,Western_Ghats,1953,0.0,0.0,0.0,0.0
Maharashtra,Western_Ghats,1954,0.0,0.0,0.0,0.0
Maharashtra,Western_Ghats,1955,0.0,0.0,0.0,0.0
Maharashtra,Western_Ghats,1956,0.26,0.21,0.05,0.0
Maharashtra,Western_Ghats,1957,0.0,0.0,0.0,0.0
Maharashtra,Western_Ghats,1958,0.5,0.0,0.0,0.5
Maharashtra,Western_Ghats,1959,3.29,0.0,0.0,3.29
Maharashtra,Western_Ghats,1960,0.0,0.0,0.0,0.0
Maharashtra,Western_Ghats,1961,0.28,0.09,0.07,0.13
Maharashtra,Western_Ghats,1962,0.42,0.34,0.07,0.02
Maharashtra,Western_Ghats,1963,1.51,1.32,0.19,0.0
Maharashtra,Western_Ghats,1964,0.09,0.05,0.04,0.0
Maharashtra,Western_Ghats,1965,0.05,0.0,0.05,0.0
Maharashtra,Western_Ghats,1966,0.0,0.0,0.0,0.0
Maharashtra,Western_Ghats,1967,0.0,0.0,0.0,0.0
Maharashtra,Western_Ghats,1968,3.08,1.3,1.28,0.5
Maharashtra,Western_Ghats,1969,4.48,4.48,0.0,0.0
Maharashtra,Western_Ghats,1970,4.95,3.12,0.34,1.48
Maharashtra,Western_Ghats,1971,0.03,0.02,0.0,0.01
Maharashtra,Western_Ghats,1972,0.1,0.08,0.01,0.0
Maharashtra,Western_Ghats,1973,0.79,0.71,0.07,0.01
Maharashtra,Western_Ghats,1974,0.4,0.14,0.05,0.21
Maharashtra,Western_Ghats,1975,1.55,1.37,0.09,0.08
Maharashtra,Western_Ghats,1976,4.79,1.87,1.0,1.91
Maharashtra,Western_Ghats,1977,0.04,0.04,0.0,0.0
Maharashtra,Western_Ghats,1978,4.95,3.49,0.83,0.63
Maharashtra,Western_Ghats,1979,8.52,5.04,2.9,0.58
Maharashtra,Western_Ghats,1980,0.36,0.21,0.15,0.01
Maharashtra,Western_Ghats,1981,0.42,0.35,0.03,0.05
Maharashtra,Western_Ghats,1982,3.28,1.9,0.14,1.24
Maharashtra,Western_Ghats,1983,106.8,53.75,20.43,32.62
Maharashtra,Western_Ghats,1984,2.58,1.71,0.25,0.62
Maharashtra,Western_Ghats,1985,8.59,0.13,0.07,8.4
Maharashtra,Western_Ghats,1986,17.79,6.9,5.08,5.81
Maharashtra,Western_Ghats,1987,0.84,0.69,0.14,0.01
Maharashtra,Western_Ghats,1988,3.67,1.38,0.07,2.22
Maharashtra,Western_Ghats,1989,135.96,35.87,14.41,85.68
Maharashtra,Western_Ghats,1990,68.63,0.0,50.27,18.36
Maharashtra,Western_Ghats,1991,16.72,0.18,14.02,2.52
Maharashtra,Western_Ghats,1992,31.63,7.8,6.02,17.81
Maharashtra,Western_Ghats,1993,10.9,2.39,0.69,7.82
Maharashtra,Western_Ghats,1994,228.6,61.58,52.73,114.29
Maharashtra,Western_Ghats,1995,0.0,0.0,0.0,0.0
Maharashtra,Western_Ghats,1996,0.0,0.0,0.0,0.0
Maharashtra,Western_Ghats,1997,0.0,0.0,0.0,0.0
Maharashtra,Western_Ghats,1998,0.57,0.54,0.02,0.01
Maharashtra,Western_Ghats,1999,4.67,4.39,0.28,0.0
Maharashtra,Western_Ghats,2000,14.09,3.79,1.7,8.6
Maharashtra,Western_Ghats,2001,1.65,1.3,0.3,0.05
Maharashtra,Western_Ghats,2002,40.09,21.7,2.52,15.87
Maharashtra,Western_Ghats,2003,114.49,74.49,39.96,0.04
Maharashtra,Western_Ghats,2004,0.0,0.0,0.0,0.0
Maharashtra,Western_Ghats,2005,0.0,0.0,0.0,0.0
Maharashtra,Western_Ghats,2006,0.0,0.0,0.0,0.0
Maharashtra,Western_Ghats,2007,0.0,0.0,0.0,0.0
Maharashtra,Western_Ghats,2008,0.0,0.0,0.0,0.0
Maharashtra,Western_Ghats,2009,0.0,0.0,0.0,0.0
Maharashtra,Western_Ghats,2010,0.0,0.0,0.0,0.0
Maharashtra,Western_Ghats,2011,0.0,0.0,0.0,0.0
Maharashtra,Western_Ghats,2012,0.0,0.0,0.0,0.0
Maharashtra,Western_Ghats,2013,0.0,0.0,0.0,0.0
Maharashtra,Western_Ghats,2014,0.0,0.0,0.0,0.0
Maharashtra,Western_Ghats,2015,0.0,,,
Maharashtra,Western_Ghats,2016,0.0,,,
Maharashtra,Western_Ghats,2017,0.0,0.0,0.0,0.0
Maharashtra,Western_Ghats,2018,0.0,,,
Maharashtra,Western_Ghats,2019,0.0,,,
Maharashtra,Western_Ghats,2020,0.0,,,
Maharashtra,Western_Ghats,2021,,,,
Maharashtra,Western_Ghats,2022,10526.13,5684.84,1488.88,3352.41
Maharashtra,Western_Ghats,2023,,,,
Meghalaya,Northeast,1953,0.0,0.0,0.0,0.0
Meghalaya,Northeast,1954,0.0,0.0,0.0,0.0
Meghalaya,Northeast,1955,0.0,0.0,0.0,0.0
Meghalaya,Northeast,1956,0.0,0.0,0.0,0.0
Meghalaya,Northeast,1957,0.0,0.0,0.0,0.0
Meghalaya,Northeast,1958,0.0,0.0,0.0,0.0
Meghalaya,Northeast,1959,0.0,0.0,0.0,0.0
Meghalaya,Northeast,1960,0.0,0.0,0.0,0.0
Meghalaya,Northeast,1961,0.0,0.0,0.0,0.0
Meghalaya,Northeast,1962,0.0,0.0,0.0,0.0
Meghalaya,Northeast,1963,0.0,0.0,0.0,0.0
Meghalaya,Northeast,1964,0.0,0.0,0.0,0.0
Meghalaya,Northeast,1965,0.0,0.0,0.0,0.0
Meghalaya,Northeast,1966,0.0,0.0,0.0,0.0
Meghalaya,Northeast,1967,0.0,0.0,0.0,0.0
Meghalaya,Northeast,1968,0.0,0.0,0.0,0.0
Meghalaya,Northeast,1969,0.0,0.0,0.0,0.0
Meghalaya,Northeast,1970,0.0,0.0,0.0,0.0
Meghalaya,Northeast,1971,0.0,0.0,0.0,0.0
Meghalaya,Northeast,1972,0.0,0.0,0.0,0.0
Meghalaya,Northeast,1973,0.37,0.35,0.01,0.0
Meghalaya,Northeast,1974,0.98,0.39,0.01,0.58
Meghalaya,Northeast,1975,0.0,0.0,0.0,0.0
Meghalaya,Northeast,1976,0.03,0.03,0.0,0.0
Meghalaya,Northeast,1977,0.0,0.0,0.0,0.0
Meghalaya,Northeast,1978,0.0,0.0,0.0,0.0
Meghalaya,Northeast,1979,0.0,0.0,0.0,0.0
Meghalaya,Northeast,1980,0.69,0.0,0.0,0.69
Meghalaya,Northeast,1981,0.0,0.0,0.0,0.0
Meghalaya,Northeast,1982,0.0,0.0,0.0,0.0
Meghalaya,Northeast,1983,3.05,0.48,0.22,2.35
Meghalaya,Northeast,1984,13.25,8.58,0.0,4.67
Meghalaya,Northeast,1985,10.0,1.5,0.0,8.5
Meghalaya,Northeast,1986,0.0,0.0,0.0,0.0
Meghalaya,Northeast,1987,2.73,2.35,0.0,0.38
Meghalaya,Northeast,1988,12.29,10.46,0.23,1.6
Meghalaya,Northeast,1989,0.0,0.0,0.0,0.0
Meghalaya,Northeast,1990,0.0,0.0,0.0,0.0
Meghalaya,Northeast,1991,2.21,2.21,0.0,0.0
Meghalaya,Northeast,1992,0.0,0.0,0.0,0.0
Meghalaya,Northeast,1993,8.65,6.5,0.0,2.15
Meghalaya,Northeast,1994,0.0,0.0,0.0,0.0
Meghalaya,Northeast,1995,0.0,0.0,0.0,0.0
Meghalaya,Northeast,1996,0.0,0.0,0.0,0.0
Meghalaya,Northeast,1997,0.0,0.0,0.0,0.0
Meghalaya,Northeast,1998,0.01,0.01,0.0,0.0
Meghalaya,Northeast,1999,0.04,0.0,0.0,0.04
Meghalaya,Northeast,2000,7.68,6.51,1.08,0.09
Meghalaya,Northeast,2001,0.69,0.59,0.1,0.0
Meghalaya,Northeast,2002,4.86,0.13,0.6,4.13
Meghalaya,Northeast,2003,1.11,0.23,0.81,0.06
Meghalaya,Northeast,2004,210.34,78.05,1.42,130.87
Meghalaya,Northeast,2005,0.48,0.0,0.0,0.48
Meghalaya,Northeast,2006,0.0,0.0,0.0,0.0
Meghalaya,Northeast,2007,0.0,0.0,0.0,0.0
Meghalaya,Northeast,2008,0.0,0.0,0.0,0.0
Meghalaya,Northeast,2009,0.0,0.0,0.0,0.0
Meghalaya,Northeast,2010,0.0,0.0,0.0,0.0
Meghalaya,Northeast,2011,0.0,0.0,0.0,0.0
Meghalaya,Northeast,2012,7.72,0.0,0.0,7.72
Meghalaya,Northeast,2013,0.0,0.0,0.0,0.0
Meghalaya,Northeast,2014,1552.37,707.0,71.2,774.17
Meghalaya,Northeast,2015,0.0,,,
Meghalaya,Northeast,2016,62.53,17.73,15.48,29.32
Meghalaya,Northeast,2017,0.14,0.0,0.14,0.0
Meghalaya,Northeast,2018,0.07,0.04,0.03,0.0
Meghalaya,Northeast,2019,3.66,0.0,0.0,3.66
Meghalaya,Northeast,2020,,,,
Meghalaya,Northeast,2021,,,,
Meghalaya,Northeast,2022,,,,
Meghalaya,Northeast,2023,12.166,0.06,0.036,12.07
Odisha,Central_India,1953,0.0,0.0,0.0,0.0
Odisha,Central_India,1954,0.0,0.0,0.0,0.0
Odisha,Central_India,1955,10.39,7.88,1.76,0.75
Odisha,Central_India,1956,2.24,2.15,0.09,0.0
Odisha,Central_India,1957,0.0,0.0,0.0,0.0
Odisha,Central_India,1958,0.11,0.1,0.01,0.0
Odisha,Central_India,1959,3.46,3.24,0.22,0.0
Odisha,Central_India,1960,33.71,20.0,10.0,3.71
Odisha,Central_India,1961,0.02,0.0,0.0,0.02
Odisha,Central_India,1962,0.01,0.01,0.0,0.0
Odisha,Central_India,1963,1.09,1.0,0.06,0.03
Odisha,Central_India,1964,2.39,2.02,0.0,0.37
Odisha,Central_India,1965,0.02,0.0,0.01,0.01
Odisha,Central_India,1966,0.0,0.0,0.0,0.0
Odisha,Central_India,1967,12.25,8.75,1.11,2.39
Odisha,Central_India,1968,13.91,8.58,0.15,5.18
Odisha,Central_India,1969,15.4,11.02,0.53,3.85
Odisha,Central_India,1970,13.36,12.25,0.21,0.9
Odisha,Central_India,1971,31.71,19.57,1.3,10.84
Odisha,Central_India,1972,46.9,30.78,3.36,12.76
Odisha,Central_India,1973,51.4,37.98,1.17,12.25
Odisha,Central_India,1974,2.91,0.02,0.2,2.69
Odisha,Central_India,1975,47.0,23.21,4.52,19.27
Odisha,Central_India,1976,0.4,0.05,0.01,0.34
Odisha,Central_India,1977,19.22,7.51,0.58,11.13
Odisha,Central_India,1978,44.89,11.17,1.18,32.54
Odisha,Central_India,1979,5.23,0.5,0.09,4.64
Odisha,Central_India,1980,117.16,40.48,16.35,60.33
Odisha,Central_India,1981,1.19,0.06,0.0,1.13
Odisha,Central_India,1982,331.45,0.0,0.0,331.45
Odisha,Central_India,1983,11.47,3.26,0.23,7.98
Odisha,Central_India,1984,161.59,30.45,2.31,128.83
Odisha,Central_India,1985,223.07,60.15,20.69,142.23
Odisha,Central_India,1986,107.32,9.44,12.88,85.0
Odisha,Central_India,1987,0.0,0.0,0.0,0.0
Odisha,Central_India,1988,35.96,2.1,1.02,32.84
Odisha,Central_India,1989,0.0,0.0,0.0,0.0
Odisha,Central_India,1990,0.0,0.0,0.0,0.0
Odisha,Central_India,1991,347.54,83.67,12.28,251.59
Odisha,Central_India,1992,235.38,37.1,13.28,185.0
Odisha,Central_India,1993,7.65,0.0,0.0,7.65
Odisha,Central_India,1994,0.0,0.0,0.0,0.0
Odisha,Central_India,1995,0.0,0.0,0.0,0.0
Odisha,Central_India,1996,0.0,0.0,0.0,0.0
Odisha,Central_India,1997,336.11,40.23,7.37,288.5
Odisha,Central_India,1998,0.0,0.0,0.0,0.0
Odisha,Central_India,1999,327.59,1.48,272.11,53.99
Odisha,Central_India,2000,0.0,0.0,0.0,0.0
Odisha,Central_India,2001,1442.98,66.74,56.36,1319.88
Odisha,Central_India,2002,0.0,0.0,0.0,0.0
Odisha,Central_India,2003,1510.66,253.83,63.11,1193.72
Odisha,Central_India,2004,74.62,7.9,0.53,66.19
Odisha,Central_India,2005,243.35,0.0,0.0,243.35
Odisha,Central_India,2006,2042.53,0.0,0.0,2042.53
Odisha,Central_India,2007,1226.28,,,1226.28
Odisha,Central_India,2008,3158.41,641.25,297.78,2219.38
Odisha,Central_India,2009,483.02,0.0,0.0,483.02
Odisha,Central_India,2010,327.56,0.0,7.56,320.0
Odisha,Central_India,2011,2874.41,0.0,0.0,2874.41
Odisha,Central_India,2012,284.82,0.16,67.14,217.52
Odisha,Central_India,2013,0.22,0.0,0.22,0.0
Odisha,Central_India,2014,0.0,0.0,0.0,0.0
Odisha,Central_India,2015,0.0,,,
Odisha,Central_India,2016,31.3,,0.05,31.25
Odisha,Central_India,2017,334.32,0.0,0.0,334.32
Odisha,Central_India,2018,299.84,29.02,23.98,246.84
Odisha,Central_India,2019,454.82,43.25,42.05,369.52
Odisha,Central_India,2020,1509.33,542.3,108.91,858.12
Odisha,Central_India,2021,379.51,136.75,45.46,197.3
Odisha,Central_India,2022,591.56,104.1,6.49,480.97
Odisha,Central_India,2023,,,,
Punjab,Indo_Gangetic_Plain,1953,0.03,0.02,0.01,0.0
Punjab,Indo_Gangetic_Plain,1954,0.21,0.17,0.04,0.0
Punjab,Indo_Gangetic_Plain,1955,31.06,15.98,15.08,0.0
Punjab,Indo_Gangetic_Plain,1956,0.98,0.8,0.18,0.0
Punjab,Indo_Gangetic_Plain,1957,1.64,1.61,0.03,0.0
Punjab,Indo_Gangetic_Plain,1958,20.33,18.1,2.23,0.0
Punjab,Indo_Gangetic_Plain,1959,1.79,1.75,0.04,0.0
Punjab,Indo_Gangetic_Plain,1960,12.29,9.94,2.35,0.0
Punjab,Indo_Gangetic_Plain,1961,4.78,4.72,0.05,0.01
Punjab,Indo_Gangetic_Plain,1962,31.07,24.32,6.67,0.08
Punjab,Indo_Gangetic_Plain,1963,0.61,0.48,0.12,0.01
Punjab,Indo_Gangetic_Plain,1964,16.12,15.1,0.52,0.5
Punjab,Indo_Gangetic_Plain,1965,0.03,0.02,0.0,0.01
Punjab,Indo_Gangetic_Plain,1966,9.36,8.27,0.89,0.2
Punjab,Indo_Gangetic_Plain,1967,2.77,2.67,0.04,0.06
Punjab,Indo_Gangetic_Plain,1968,6.32,6.17,0.15,0.0
Punjab,Indo_Gangetic_Plain,1969,1.09,1.05,0.04,0.0
Punjab,Indo_Gangetic_Plain,1970,0.35,0.31,0.04,0.0
Punjab,Indo_Gangetic_Plain,1971,5.22,4.62,0.59,0.01
Punjab,Indo_Gangetic_Plain,1972,0.59,0.53,0.06,0.0
Punjab,Indo_Gangetic_Plain,1973,8.06,7.1,0.93,0.03
Punjab,Indo_Gangetic_Plain,1974,0.04,0.0,0.04,0.0
Punjab,Indo_Gangetic_Plain,1975,10.06,4.03,5.57,0.46
Punjab,Indo_Gangetic_Plain,1976,49.58,36.4,9.79,3.39
Punjab,Indo_Gangetic_Plain,1977,0.84,0.69,0.06,0.09
Punjab,Indo_Gangetic_Plain,1978,24.97,22.05,2.52,0.4
Punjab,Indo_Gangetic_Plain,1979,0.44,0.44,0.0,0.0
Punjab,Indo_Gangetic_Plain,1980,5.09,4.32,0.75,0.02
Punjab,Indo_Gangetic_Plain,1981,2.62,1.63,0.88,0.11
Punjab,Indo_Gangetic_Plain,1982,0.01,0.0,0.01,0.0
Punjab,Indo_Gangetic_Plain,1983,8.35,7.35,0.79,0.21
Punjab,Indo_Gangetic_Plain,1984,1.14,0.56,0.58,0.0
Punjab,Indo_Gangetic_Plain,1985,237.65,42.12,140.34,55.19
Punjab,Indo_Gangetic_Plain,1986,71.77,5.95,2.0,63.82
Punjab,Indo_Gangetic_Plain,1987,0.0,0.0,0.0,0.0
Punjab,Indo_Gangetic_Plain,1988,1270.95,519.9,293.43,457.62
Punjab,Indo_Gangetic_Plain,1989,0.0,0.0,0.0,0.0
Punjab,Indo_Gangetic_Plain,1990,40.32,4.43,1.25,34.64
Punjab,Indo_Gangetic_Plain,1991,0.0,0.0,0.0,0.0
Punjab,Indo_Gangetic_Plain,1992,0.0,0.0,0.0,0.0
Punjab,Indo_Gangetic_Plain,1993,825.21,348.21,0.0,477.0
Punjab,Indo_Gangetic_Plain,1994,0.0,0.0,0.0,0.0
Punjab,Indo_Gangetic_Plain,1995,479.85,182.54,109.84,187.47
Punjab,Indo_Gangetic_Plain,1996,0.0,0.0,0.0,0.0
Punjab,Indo_Gangetic_Plain,1997,0.0,0.0,0.0,0.0
Punjab,Indo_Gangetic_Plain,1998,9.45,9.26,0.16,0.03
Punjab,Indo_Gangetic_Plain,1999,2.61,2.49,0.12,0.0
Punjab,Indo_Gangetic_Plain,2000,10.24,10.07,0.15,0.03
Punjab,Indo_Gangetic_Plain,2001,5.79,5.72,0.06,0.0
Punjab,Indo_Gangetic_Plain,2002,3.01,2.97,0.05,0.0
Punjab,Indo_Gangetic_Plain,2003,0.0,0.0,0.0,0.0
Punjab,Indo_Gangetic_Plain,2004,0.0,0.0,0.0,0.0
Punjab,Indo_Gangetic_Plain,2005,0.0,0.0,0.0,0.0
Punjab,Indo_Gangetic_Plain,2006,0.0,0.0,0.0,0.0
Punjab,Indo_Gangetic_Plain,2007,0.0,0.0,0.0,0.0
Punjab,Indo_Gangetic_Plain,2008,0.0,0.0,0.0,0.0
Punjab,Indo_Gangetic_Plain,2009,0.0,0.0,0.0,0.0
Punjab,Indo_Gangetic_Plain,2010,268.48,132.02,3.13,133.32
Punjab,Indo_Gangetic_Plain,2011,97.22,59.56,6.47,31.19
Punjab,Indo_Gangetic_Plain,2012,0.13,0.0,0.13,0.0
Punjab,Indo_Gangetic_Plain,2013,331.97,136.46,26.51,169.0
Punjab,Indo_Gangetic_Plain,2014,120.3,49.71,21.59,49.0
Punjab,Indo_Gangetic_Plain,2015,164.54,63.86,2.68,98.0
Punjab,Indo_Gangetic_Plain,2016,1.66,1.14,0.03,0.5
Punjab,Indo_Gangetic_Plain,2017,18.64,18.23,0.41,0.0
Punjab,Indo_Gangetic_Plain,2018,124.52,120.41,4.11,
Punjab,Indo_Gangetic_Plain,2019,,,,
Punjab,Indo_Gangetic_Plain,2020,0.0,,,
Punjab,Indo_Gangetic_Plain,2021,46.61,44.45,2.16,0.0
Punjab,Indo_Gangetic_Plain,2022,,,,
Punjab,Indo_Gangetic_Plain,2023,,,,
Tripura,Northeast,1953,0.0,0.0,0.0,0.0
Tripura,Northeast,1954,0.04,0.03,0.0,0.01
Tripura,Northeast,1955,0.07,0.06,0.0,0.01
Tripura,Northeast,1956,0.16,0.13,0.03,0.0
Tripura,Northeast,1957,0.0,0.0,0.0,0.0
Tripura,Northeast,1958,0.48,0.18,0.0,0.3
Tripura,Northeast,1959,0.01,0.0,0.0,0.01
Tripura,Northeast,1960,0.0,0.0,0.0,0.0
Tripura,Northeast,1961,0.0,0.0,0.0,0.0
Tripura,Northeast,1962,0.02,0.02,0.0,0.0
Tripura,Northeast,1963,0.46,0.32,0.05,0.09
Tripura,Northeast,1964,0.12,0.05,0.01,0.06
Tripura,Northeast,1965,0.06,0.05,0.01,0.0
Tripura,Northeast,1966,0.56,0.52,0.03,0.01
Tripura,Northeast,1967,0.01,0.01,0.0,0.0
Tripura,Northeast,1968,1.3,0.97,0.21,0.12
Tripura,Northeast,1969,0.45,0.33,0.02,0.11
Tripura,Northeast,1970,0.02,0.01,0.0,0.01
Tripura,Northeast,1971,0.02,0.02,0.0,0.0
Tripura,Northeast,1972,0.0,0.0,0.0,0.0
Tripura,Northeast,1973,12.1,11.59,0.31,0.2
Tripura,Northeast,1974,0.0,0.0,0.0,0.0
Tripura,Northeast,1975,0.47,0.45,0.0,0.02
Tripura,Northeast,1976,5.76,3.01,0.22,2.54
Tripura,Northeast,1977,1.03,0.92,0.09,0.02
Tripura,Northeast,1978,1.08,0.61,0.06,0.41
Tripura,Northeast,1979,0.0,0.0,0.0,0.0
Tripura,Northeast,1980,0.0,0.0,0.0,0.0
Tripura,Northeast,1981,0.0,0.0,0.0,0.0
Tripura,Northeast,1982,3.62,3.22,0.0,0.4
Tripura,Northeast,1983,20.46,15.43,0.0,5.03
Tripura,Northeast,1984,15.22,7.52,0.85,6.85
Tripura,Northeast,1985,6.22,2.43,1.68,2.11
Tripura,Northeast,1986,0.5,0.44,0.05,0.0
Tripura,Northeast,1987,0.0,0.0,0.0,0.0
Tripura,Northeast,1988,9.63,4.21,1.1,4.32
Tripura,Northeast,1989,0.0,0.0,0.0,0.0
Tripura,Northeast,1990,0.0,0.0,0.0,0.0
Tripura,Northeast,1991,0.0,0.0,0.0,0.0
Tripura,Northeast,1992,3.7,0.0,2.93,0.77
Tripura,Northeast,1993,80.05,41.34,13.1,25.61
Tripura,Northeast,1994,0.0,0.0,0.0,0.0
Tripura,Northeast,1995,0.0,0.0,0.0,0.0
Tripura,Northeast,1996,0.0,0.0,0.0,0.0
Tripura,Northeast,1997,0.0,0.0,0.0,0.0
Tripura,Northeast,1998,31.78,7.82,1.7,22.26
Tripura,Northeast,1999,32.42,10.51,0.13,21.78
Tripura,Northeast,2000,0.0,0.0,0.0,0.0
Tripura,Northeast,2001,28.52,9.19,8.0,11.32
Tripura,Northeast,2002,14.97,4.7,7.34,2.94
Tripura,Northeast,2003,4.29,1.56,0.04,2.69
Tripura,Northeast,2004,9.52,4.78,2.13,2.62
Tripura,Northeast,2005,5.62,3.6,0.13,1.89
Tripura,Northeast,2006,4.26,1.71,0.17,2.39
Tripura,Northeast,2007,5.87,4.96,0.89,0.02
Tripura,Northeast,2008,3.41,3.18,0.21,0.02
Tripura,Northeast,2009,4.38,1.01,0.32,3.05
Tripura,Northeast,2010,4.95,3.88,0.99,0.08
Tripura,Northeast,2011,7.5,5.85,0.6,1.05
Tripura,Northeast,2012,0.0,0.0,0.0,0.0
Tripura,Northeast,2013,4.22,2.16,1.85,0.2
Tripura,Northeast,2014,4.96,1.45,2.97,0.54
Tripura,Northeast,2015,310.76,247.91,20.74,42.12
Tripura,Northeast,2016,89.36,89.12,0.24,
Tripura,Northeast,2017,132.82,14.39,20.55,97.89
Tripura,Northeast,2018,946.18,24.28,115.94,805.95
Tripura,Northeast,2019,437.65,2.61,81.71,353.33
Tripura,Northeast,2020,137.92,137.72,0.2,0.0
Tripura,Northeast,2021,38.12,37.36,0.65,0.11
Tripura,Northeast,2022,,,,
Tripura,Northeast,2023,,,,
Uttar Pradesh,Indo_Gangetic_Plain,1953,12.93,10.82,1.11,1.0
Uttar Pradesh,Indo_Gangetic_Plain,1954,8.51,6.82,0.19,1.5
Uttar Pradesh,Indo_Gangetic_Plain,1955,29.8,26.38,2.82,0.6
Uttar Pradesh,Indo_Gangetic_Plain,1956,28.58,21.48,6.6,0.5
Uttar Pradesh,Indo_Gangetic_Plain,1957,15.29,10.67,4.62,0.0
Uttar Pradesh,Indo_Gangetic_Plain,1958,0.0,0.0,0.0,0.0
Uttar Pradesh,Indo_Gangetic_Plain,1959,0.01,0.0,0.0,0.01
Uttar Pradesh,Indo_Gangetic_Plain,1960,0.0,0.0,0.0,0.0
Uttar Pradesh,Indo_Gangetic_Plain,1961,0.3,0.0,0.03,0.27
Uttar Pradesh,Indo_Gangetic_Plain,1962,20.63,19.35,1.17,0.1
Uttar Pradesh,Indo_Gangetic_Plain,1963,21.5,18.31,2.74,0.46
Uttar Pradesh,Indo_Gangetic_Plain,1964,11.53,11.21,0.32,0.0
Uttar Pradesh,Indo_Gangetic_Plain,1965,0.13,0.11,0.01,0.01
Uttar Pradesh,Indo_Gangetic_Plain,1966,7.62,6.91,0.71,0.0
Uttar Pradesh,Indo_Gangetic_Plain,1967,61.61,55.55,5.0,1.05
Uttar Pradesh,Indo_Gangetic_Plain,1968,8.83,8.31,0.39,0.13
Uttar Pradesh,Indo_Gangetic_Plain,1969,38.45,34.6,2.77,1.09
Uttar Pradesh,Indo_Gangetic_Plain,1970,69.08,43.0,20.8,5.28
Uttar Pradesh,Indo_Gangetic_Plain,1971,174.48,108.12,20.26,46.1
Uttar Pradesh,Indo_Gangetic_Plain,1972,3.85,2.84,1.01,0.0
Uttar Pradesh,Indo_Gangetic_Plain,1973,81.71,67.45,10.77,3.49
Uttar Pradesh,Indo_Gangetic_Plain,1974,105.3,57.52,12.79,35.0
Uttar Pradesh,Indo_Gangetic_Plain,1975,38.77,30.78,2.91,5.08
Uttar Pradesh,Indo_Gangetic_Plain,1976,247.18,186.0,22.5,38.68
Uttar Pradesh,Indo_Gangetic_Plain,1977,96.6,75.0,5.0,16.6
Uttar Pradesh,Indo_Gangetic_Plain,1978,561.36,382.0,90.0,89.36
Uttar Pradesh,Indo_Gangetic_Plain,1979,53.49,51.77,1.72,0.0
Uttar Pradesh,Indo_Gangetic_Plain,1980,366.19,190.12,100.12,75.95
Uttar Pradesh,Indo_Gangetic_Plain,1981,604.98,365.0,122.78,117.2
Uttar Pradesh,Indo_Gangetic_Plain,1982,762.83,330.87,254.55,177.41
Uttar Pradesh,Indo_Gangetic_Plain,1983,1009.33,624.69,129.13,255.51
Uttar Pradesh,Indo_Gangetic_Plain,1984,464.06,260.37,21.49,182.2
Uttar Pradesh,Indo_Gangetic_Plain,1985,2400.94,967.53,248.08,1185.33
Uttar Pradesh,Indo_Gangetic_Plain,1986,470.21,258.0,20.56,191.65
Uttar Pradesh,Indo_Gangetic_Plain,1987,288.25,128.33,38.94,120.98
Uttar Pradesh,Indo_Gangetic_Plain,1988,834.18,685.76,148.42,0.0
Uttar Pradesh,Indo_Gangetic_Plain,1989,0.0,0.0,0.0,0.0
Uttar Pradesh,Indo_Gangetic_Plain,1990,566.27,481.76,60.52,23.99
Uttar Pradesh,Indo_Gangetic_Plain,1991,147.75,116.4,31.35,0.0
Uttar Pradesh,Indo_Gangetic_Plain,1992,535.59,181.28,55.58,298.73
Uttar Pradesh,Indo_Gangetic_Plain,1993,697.91,368.06,118.63,211.22
Uttar Pradesh,Indo_Gangetic_Plain,1994,643.72,295.2,37.12,311.4
Uttar Pradesh,Indo_Gangetic_Plain,1995,0.0,0.0,0.0,0.0
Uttar Pradesh,Indo_Gangetic_Plain,1996,748.0,678.0,70.0,0.0
Uttar Pradesh,Indo_Gangetic_Plain,1997,0.0,0.0,0.0,0.0
Uttar Pradesh,Indo_Gangetic_Plain,1998,624.77,224.52,59.35,340.9
Uttar Pradesh,Indo_Gangetic_Plain,1999,13.28,10.28,3.01,0.0
Uttar Pradesh,Indo_Gangetic_Plain,2000,31.17,17.39,13.54,0.24
Uttar Pradesh,Indo_Gangetic_Plain,2001,3315.43,44.75,17.85,3252.83
Uttar Pradesh,Indo_Gangetic_Plain,2002,3.8,2.58,1.2,0.01
Uttar Pradesh,Indo_Gangetic_Plain,2003,675.88,448.57,99.86,127.44
Uttar Pradesh,Indo_Gangetic_Plain,2004,0.0,0.0,0.0,0.0
Uttar Pradesh,Indo_Gangetic_Plain,2005,3.77,0.0,1.33,2.44
Uttar Pradesh,Indo_Gangetic_Plain,2006,0.0,0.0,0.0,0.0
Uttar Pradesh,Indo_Gangetic_Plain,2007,0.0,0.0,0.0,0.0
Uttar Pradesh,Indo_Gangetic_Plain,2008,724.56,189.02,213.05,322.49
Uttar Pradesh,Indo_Gangetic_Plain,2009,110.1,42.1,4.28,63.72
Uttar Pradesh,Indo_Gangetic_Plain,2010,0.0,0.0,0.0,0.0
Uttar Pradesh,Indo_Gangetic_Plain,2011,1438.44,199.94,79.37,1159.13
Uttar Pradesh,Indo_Gangetic_Plain,2012,117.88,6.98,11.2,99.7
Uttar Pradesh,Indo_Gangetic_Plain,2013,0.0,0.0,0.0,0.0
Uttar Pradesh,Indo_Gangetic_Plain,2014,0.0,0.0,0.0,0.0
Uttar Pradesh,Indo_Gangetic_Plain,2015,0.0,,,
Uttar Pradesh,Indo_Gangetic_Plain,2016,123.78,123.78,,
Uttar Pradesh,Indo_Gangetic_Plain,2017,308.05,308.05,0.0,0.0
Uttar Pradesh,Indo_Gangetic_Plain,2018,547.42,230.36,13.72,303.34
Uttar Pradesh,Indo_Gangetic_Plain,2019,809.63,625.12,20.3,164.21
Uttar Pradesh,Indo_Gangetic_Plain,2020,602.96,176.38,5.27,421.31
Uttar Pradesh,Indo_Gangetic_Plain,2021,825.26,443.08,25.48,356.7
Uttar Pradesh,Indo_Gangetic_Plain,2022,465.84,454.98,10.86,
Uttar Pradesh,Indo_Gangetic_Plain,2023,18.67,,1.67,17.0
West Bengal,Indo_Gangetic_Plain,1953,0.16,0.05,0.01,0.1
West Bengal,Indo_Gangetic_Plain,1954,10.6,7.6,1.0,2.0
West Bengal,Indo_Gangetic_Plain,1955,1.5,0.5,0.0,1.0
West Bengal,Indo_Gangetic_Plain,1956,7.75,7.42,0.0,0.33
West Bengal,Indo_Gangetic_Plain,1957,0.01,0.01,0.0,0.0
West Bengal,Indo_Gangetic_Plain,1958,5.85,5.55,0.3,0.0
West Bengal,Indo_Gangetic_Plain,1959,51.22,44.0,7.22,0.0
West Bengal,Indo_Gangetic_Plain,1960,0.0,0.0,0.0,0.0
West Bengal,Indo_Gangetic_Plain,1961,0.0,0.0,0.0,0.0
West Bengal,Indo_Gangetic_Plain,1962,6.27,6.17,0.02,0.08
West Bengal,Indo_Gangetic_Plain,1963,0.16,0.15,0.01,0.0
West Bengal,Indo_Gangetic_Plain,1964,1.29,0.73,0.12,0.44
West Bengal,Indo_Gangetic_Plain,1965,2.91,2.85,0.04,0.02
West Bengal,Indo_Gangetic_Plain,1966,1.76,1.59,0.15,0.02
West Bengal,Indo_Gangetic_Plain,1967,23.89,19.62,2.39,1.88
West Bengal,Indo_Gangetic_Plain,1968,86.07,53.56,25.94,6.57
West Bengal,Indo_Gangetic_Plain,1969,84.39,78.02,3.49,2.88
West Bengal,Indo_Gangetic_Plain,1970,86.99,60.89,11.25,14.85
West Bengal,Indo_Gangetic_Plain,1971,159.0,123.93,21.26,13.81
West Bengal,Indo_Gangetic_Plain,1972,15.07,10.09,1.92,3.06
West Bengal,Indo_Gangetic_Plain,1973,44.25,34.93,3.34,5.98
West Bengal,Indo_Gangetic_Plain,1974,26.82,26.26,0.15,0.41
West Bengal,Indo_Gangetic_Plain,1975,4.51,3.94,0.33,0.24
West Bengal,Indo_Gangetic_Plain,1976,21.01,16.9,2.6,1.51
West Bengal,Indo_Gangetic_Plain,1977,39.83,39.47,0.0,0.36
West Bengal,Indo_Gangetic_Plain,1978,268.56,207.35,0.09,61.12
West Bengal,Indo_Gangetic_Plain,1979,0.01,0.0,0.0,0.01
West Bengal,Indo_Gangetic_Plain,1980,78.02,33.38,26.27,18.37
West Bengal,Indo_Gangetic_Plain,1981,67.13,28.75,20.78,17.6
West Bengal,Indo_Gangetic_Plain,1982,6.77,4.66,1.8,0.31
West Bengal,Indo_Gangetic_Plain,1983,14.43,9.56,3.93,0.94
West Bengal,Indo_Gangetic_Plain,1984,298.49,124.67,33.78,140.04
West Bengal,Indo_Gangetic_Plain,1985,6.13,2.85,2.71,0.57
West Bengal,Indo_Gangetic_Plain,1986,360.93,139.5,21.43,200.0
West Bengal,Indo_Gangetic_Plain,1987,491.17,244.22,122.22,124.73
West Bengal,Indo_Gangetic_Plain,1988,108.13,62.98,43.67,1.48
West Bengal,Indo_Gangetic_Plain,1989,7.08,1.24,0.26,5.58
West Bengal,Indo_Gangetic_Plain,1990,83.79,14.27,54.08,15.45
West Bengal,Indo_Gangetic_Plain,1991,176.24,100.35,10.94,64.95
West Bengal,Indo_Gangetic_Plain,1992,13.01,2.28,3.83,6.9
West Bengal,Indo_Gangetic_Plain,1993,661.03,54.77,245.27,361.0
West Bengal,Indo_Gangetic_Plain,1994,0.0,0.0,0.0,0.0
West Bengal,Indo_Gangetic_Plain,1995,1647.79,705.66,912.87,29.26
West Bengal,Indo_Gangetic_Plain,1996,0.0,0.0,0.0,0.0
West Bengal,Indo_Gangetic_Plain,1997,0.0,0.0,0.0,0.0
West Bengal,Indo_Gangetic_Plain,1998,1412.66,149.73,627.15,635.78
West Bengal,Indo_Gangetic_Plain,1999,2239.36,1261.2,921.0,57.16
West Bengal,Indo_Gangetic_Plain,2000,5660.0,3866.0,361.0,1433.0
West Bengal,Indo_Gangetic_Plain,2001,77.44,57.78,10.73,8.93
West Bengal,Indo_Gangetic_Plain,2002,201.91,165.07,14.04,22.8
West Bengal,Indo_Gangetic_Plain,2003,17.97,13.15,1.18,3.64
West Bengal,Indo_Gangetic_Plain,2004,90.36,14.22,73.65,2.49
West Bengal,Indo_Gangetic_Plain,2005,1017.89,400.0,106.15,511.74
West Bengal,Indo_Gangetic_Plain,2006,64.28,31.72,31.59,0.97
West Bengal,Indo_Gangetic_Plain,2007,159.72,78.38,79.47,1.88
West Bengal,Indo_Gangetic_Plain,2008,383.25,68.14,262.6,52.51
West Bengal,Indo_Gangetic_Plain,2009,7.84,1.79,3.39,2.65
West Bengal,Indo_Gangetic_Plain,2010,2.24,0.29,1.21,0.74
West Bengal,Indo_Gangetic_Plain,2011,857.46,575.3,281.56,0.6
West Bengal,Indo_Gangetic_Plain,2012,686.58,20.62,33.02,632.95
West Bengal,Indo_Gangetic_Plain,2013,726.5,533.95,178.97,13.58
West Bengal,Indo_Gangetic_Plain,2014,26.07,6.13,17.28,2.67
West Bengal,Indo_Gangetic_Plain,2015,25353.27,11433.68,7895.63,6023.96
West Bengal,Indo_Gangetic_Plain,2016,,,,
West Bengal,Indo_Gangetic_Plain,2017,17727.94,6914.5,9158.28,1655.16
West Bengal,Indo_Gangetic_Plain,2018,54.01,22.41,13.27,18.33
West Bengal,Indo_Gangetic_Plain,2019,1269.83,1166.07,46.63,57.13
West Bengal,Indo_Gangetic_Plain,2020,0.0,,,
West Bengal,Indo_Gangetic_Plain,2021,16079.45,6355.76,3383.23,6340.46
West Bengal,Indo_Gangetic_Plain,2022,3.68,0.26,3.11,0.32
West Bengal,Indo_Gangetic_Plain,2023,0.0,0.0,0.0,0.0
Delhi,Indo_Gangetic_Plain,1953,0.0,0.0,0.0,0.0
Delhi,Indo_Gangetic_Plain,1954,0.0,0.0,0.0,0.0
Delhi,Indo_Gangetic_Plain,1955,0.32,0.15,0.14,0.03
Delhi,Indo_Gangetic_Plain,1956,0.06,0.04,0.02,0.0
Delhi,Indo_Gangetic_Plain,1957,0.02,0.02,0.0,0.0
Delhi,Indo_Gangetic_Plain,1958,0.02,0.02,0.0,0.0
Delhi,Indo_Gangetic_Plain,1959,0.0,0.0,0.0,0.0
Delhi,Indo_Gangetic_Plain,1960,0.0,0.0,0.0,0.0
Delhi,Indo_Gangetic_Plain,1961,1.13,1.03,0.1,0.0
Delhi,Indo_Gangetic_Plain,1962,0.08,0.07,0.01,0.0
Delhi,Indo_Gangetic_Plain,1963,0.65,0.64,0.01,0.0
Delhi,Indo_Gangetic_Plain,1964,1.85,1.25,0.6,0.0
Delhi,Indo_Gangetic_Plain,1965,0.0,0.0,0.0,0.0
Delhi,Indo_Gangetic_Plain,1966,0.2,0.2,0.0,0.0
Delhi,Indo_Gangetic_Plain,1967,4.88,1.17,3.71,0.0
Delhi,Indo_Gangetic_Plain,1968,0.02,0.02,0.0,0.0
Delhi,Indo_Gangetic_Plain,1969,0.0,0.0,0.0,0.0
Delhi,Indo_Gangetic_Plain,1970,0.0,0.0,0.0,0.0
Delhi,Indo_Gangetic_Plain,1971,0.13,0.12,0.01,0.0
Delhi,Indo_Gangetic_Plain,1972,0.07,0.04,0.01,0.022
Delhi,Indo_Gangetic_Plain,1973,0.02,0.02,0.0,0.0
Delhi,Indo_Gangetic_Plain,1974,0.15,0.15,0.0,0.0
Delhi,Indo_Gangetic_Plain,1975,0.3,0.3,0.0,0.0
Delhi,Indo_Gangetic_Plain,1976,0.01,0.0,0.01,0.0
Delhi,Indo_Gangetic_Plain,1977,5.4,3.55,1.83,0.02
Delhi,Indo_Gangetic_Plain,1978,17.61,9.32,3.18,5.11
Delhi,Indo_Gangetic_Plain,1979,0.0,0.0,0.0,0.0
Delhi,Indo_Gangetic_Plain,1980,0.12,0.12,0.0,0.0
Delhi,Indo_Gangetic_Plain,1981,0.02,0.02,0.0,0.0
Delhi,Indo_Gangetic_Plain,1982,0.0,0.0,0.0,0.0
Delhi,Indo_Gangetic_Plain,1983,0.35,0.35,0.0,0.0
Delhi,Indo_Gangetic_Plain,1984,0.0,0.0,0.0,0.0
Delhi,Indo_Gangetic_Plain,1985,0.07,0.0,0.0,0.07
Delhi,Indo_Gangetic_Plain,1986,0.0,0.0,0.0,0.0
Delhi,Indo_Gangetic_Plain,1987,0.0,0.0,0.0,0.0
Delhi,Indo_Gangetic_Plain,1988,0.0,0.0,0.0,0.0
Delhi,Indo_Gangetic_Plain,1989,0.0,0.0,0.0,0.0
Delhi,Indo_Gangetic_Plain,1990,0.0,0.0,0.0,0.0
Delhi,Indo_Gangetic_Plain,1991,0.0,0.0,0.0,0.0
Delhi,Indo_Gangetic_Plain,1992,0.0,0.0,0.0,0.0
Delhi,Indo_Gangetic_Plain,1993,0.0,0.0,0.0,0.0
Delhi,Indo_Gangetic_Plain,1994,0.0,0.0,0.0,0.0
Delhi,Indo_Gangetic_Plain,1995,32.34,6.99,0.07,25.28
Delhi,Indo_Gangetic_Plain,1996,0.0,0.0,0.0,0.0
Delhi,Indo_Gangetic_Plain,1997,65.809,25.58,9.7,30.53
Delhi,Indo_Gangetic_Plain,1998,0.0,0.0,0.0,0.0
Delhi,Indo_Gangetic_Plain,1999,0.0,0.0,0.0,0.0
Delhi,Indo_Gangetic_Plain,2000,0.0,0.0,0.0,0.0
Delhi,Indo_Gangetic_Plain,2001,0.0,0.0,0.0,0.0
Delhi,Indo_Gangetic_Plain,2002,0.0,0.0,0.0,0.0
Delhi,Indo_Gangetic_Plain,2003,0.0,0.0,0.0,0.0
Delhi,Indo_Gangetic_Plain,2004,0.0,0.0,0.0,0.0
Delhi,Indo_Gangetic_Plain,2005,0.0,0.0,0.0,0.0
Delhi,Indo_Gangetic_Plain,2006,0.0,0.0,0.0,0.0
Delhi,Indo_Gangetic_Plain,2007,0.0,0.0,0.0,0.0
Delhi,Indo_Gangetic_Plain,2008,0.0,0.0,0.0,0.0
Delhi,Indo_Gangetic_Plain,2009,0.0,0.0,0.0,0.0
Delhi,Indo_Gangetic_Plain,2010,0.0,0.0,0.0,0.0
Delhi,Indo_Gangetic_Plain,2011,0.0,0.0,0.0,0.0
Delhi,Indo_Gangetic_Plain,2012,0.0,0.0,0.0,0.0
Delhi,Indo_Gangetic_Plain,2013,0.01,0.01,0.0,0.0
Delhi,Indo_Gangetic_Plain,2014,0.0,0.0,0.0,0.0
Delhi,Indo_Gangetic_Plain,2015,,,,
Delhi,Indo_Gangetic_Plain,2016,,,,
Delhi,Indo_Gangetic_Plain,2017,,,,
Delhi,Indo_Gangetic_Plain,2018,,,,
Delhi,Indo_Gangetic_Plain,2019,,,,
Delhi,Indo_Gangetic_Plain,2020,,,,
Delhi,Indo_Gangetic_Plain,2021,18.39,18.39,0.0,0.0
Delhi,Indo_Gangetic_Plain,2022,0.06,0.06,0.0,0.0
Delhi,Indo_Gangetic_Plain,2023,0.24,,0.09,0.15
