region,year,regional_total_cr,deflator_index,regional_total_cr_real_2022
Western_Ghats,1981,56.91,6.88862716034943,826.1442908039924
Western_Ghats,1982,45.14,7.44632098471959,606.2054011992052
Western_Ghats,1983,114.5,8.08319436421132,1416.5191982386757
Western_Ghats,1984,102.49,8.72364467527372,1174.8529865102992
Western_Ghats,1985,648.5,9.35120495613869,6934.935155862303
Western_Ghats,1986,312.27000000000004,9.98609570765228,3127.0479388727426
Western_Ghats,1987,1.1,10.9175880607911,10.075485481545938
Western_Ghats,1988,329.83,11.8163801753813,2791.2947544391004
Western_Ghats,1989,976.36,12.8133055864533,7619.891630714278
Western_Ghats,1990,73.92,14.1802679594129,521.2877514837913
Western_Ghats,1991,464.59,16.1303127348422,2880.229339859386
Western_Ghats,1992,1356.99,17.5764198477346,7720.51425577946
Western_Ghats,1993,277.79,19.3097682064243,1438.598314751288
Western_Ghats,1994,587.83,21.2368917187623,2767.966272016474
Western_Ghats,1995,28.28,23.1615279764214,122.0990257153554
Western_Ghats,1996,572.83,24.9160179568326,2299.043133587547
Western_Ghats,1997,1316.81,26.5296468670007,4963.541379202954
Western_Ghats,1998,33.86,28.6547160249704,118.16554025694616
Western_Ghats,1999,25.630000000000003,29.5339560481166,86.78146591077643
Western_Ghats,2000,48.45,30.6104599330265,158.2792290805337
Western_Ghats,2001,97.5,31.594774786071,308.5953315387589
Western_Ghats,2002,61.58,32.768736707346,187.9230211099202
Western_Ghats,2003,114.49,34.0361652784497,336.37749453664316
Western_Ghats,2004,0.0,35.9848763872227,0.0
Western_Ghats,2005,1896.53,38.0079113271814,4989.829574359416
Western_Ghats,2006,3272.62,41.2009324749758,7943.072652512635
Western_Ghats,2007,5475.5,44.062097550747,12426.780167906856
Western_Ghats,2008,656.76,48.113153416174,1365.032123999629
Western_Ghats,2009,18582.0,51.5004952392024,36081.20643052633
Western_Ghats,2010,1837.98,56.9214532589359,3228.9758865414456
Western_Ghats,2011,142.22,61.8927332933406,229.78464907333844
Western_Ghats,2012,159.57,66.8035425735272,238.86457791421702
Western_Ghats,2013,2388.61,70.9363464075585,3367.2582829068365
Western_Ghats,2014,957.09,73.2997730356476,1305.7202776528954
Western_Ghats,2015,870.5,74.9707059453487,1161.1201855756399
Western_Ghats,2016,2055.49,77.3982386243201,2655.7322705714946
Western_Ghats,2017,0.0,80.4703743512893,0.0
Western_Ghats,2018,7941.54,83.5960370388638,9499.900092522303
Western_Ghats,2019,0.0,85.6069540558026,0.0
Western_Ghats,2020,0.0,89.7288072623215,0.0
Central_India,2001,1674.37,31.594774786071,5299.515541215915
Central_India,2002,3.11,32.768736707346,9.490753420783562
Central_India,2003,1613.3200000000002,34.0361652784497,4740.016940220607
Central_India,2004,84.52000000000001,35.9848763872227,234.87644945755844
Central_India,2005,684.18,38.0079113271814,1800.0989165397993
Central_India,2006,2160.98,41.2009324749758,5244.978378371688
Central_India,2007,1297.44,44.062097550747,2944.571575390206
Central_India,2008,3215.58,48.113153416174,6683.36987223754
Central_India,2009,483.02,51.5004952392024,937.8938935568198
Central_India,2010,327.63,56.9214532589359,575.5826340371352
Central_India,2011,2945.44,61.8927332933406,4758.943163876909
Central_India,2012,288.71,66.8035425735272,432.1776793232662
Central_India,2013,39.55,70.9363464075585,55.75421064508872
Central_India,2014,464.06,73.2997730356476,633.0988225220226
Central_India,2015,69.01,74.9707059453487,92.04928662443987
Central_India,2016,239.16000000000005,77.3982386243201,308.99927989427283
Central_India,2017,334.99,80.4703743512893,416.289849153203
Central_India,2018,343.4,83.5960370388638,410.78502302729174
Central_India,2019,468.07,85.6069540558026,546.7663289303462
Central_India,2020,1541.56,89.7288072623215,1718.0212765932138
Indo_Gangetic_Plain,1981,754.16,6.88862716034943,10947.89981291054
Indo_Gangetic_Plain,1982,883.03,7.44632098471959,11858.607785133676
Indo_Gangetic_Plain,1983,1109.36,8.08319436421132,13724.277185659888
Indo_Gangetic_Plain,1984,1001.15,8.72364467527372,11476.281270804822
Indo_Gangetic_Plain,1985,2754.63,9.35120495613869,29457.48716791515
Indo_Gangetic_Plain,1986,1214.58,9.98609570765228,12162.711389490041
Indo_Gangetic_Plain,1987,1989.03,10.9175880607911,18218.584443053922
Indo_Gangetic_Plain,1988,2689.71,11.8163801753813,22762.554691696914
Indo_Gangetic_Plain,1989,17.5,12.8133055864533,136.57677858320687
Indo_Gangetic_Plain,1990,725.54,14.1802679594129,5116.546472017721
Indo_Gangetic_Plain,1991,355.16,16.1303127348422,2201.817198700918
Indo_Gangetic_Plain,1992,549.35,17.5764198477346,3125.4942972405443
Indo_Gangetic_Plain,1993,2257.16,19.3097682064243,11689.213334259754
Indo_Gangetic_Plain,1994,718.5,21.2368917187623,3383.2634714863757
Indo_Gangetic_Plain,1995,2431.41,23.1615279764214,10497.623483542158
Indo_Gangetic_Plain,1996,840.78,24.9160179568326,3374.4557475302227
Indo_Gangetic_Plain,1997,114.48,26.5296468670007,431.51724021776437
Indo_Gangetic_Plain,1998,2960.6000000000004,28.6547160249704,10331.981644557438
Indo_Gangetic_Plain,1999,2605.24,29.5339560481166,8821.168406140896
Indo_Gangetic_Plain,2000,5954.05,30.6104599330265,19451.030833992812
Indo_Gangetic_Plain,2001,4023.0,31.594774786071,12733.118141337713
Indo_Gangetic_Plain,2002,1655.35,32.768736707346,5051.6137218952
Indo_Gangetic_Plain,2003,1812.48,34.0361652784497,5325.159239215434
Indo_Gangetic_Plain,2004,2401.01,35.9848763872227,6672.275247421822
Indo_Gangetic_Plain,2005,1040.18,38.0079113271814,2736.746018600907
Indo_Gangetic_Plain,2006,168.68,41.2009324749758,409.40820963809773
Indo_Gangetic_Plain,2007,2401.96,44.062097550747,5451.306527642325
Indo_Gangetic_Plain,2008,1325.66,48.113153416174,2755.296433250119
Indo_Gangetic_Plain,2009,150.35,51.5004952392024,291.9389402017884
Indo_Gangetic_Plain,2010,407.01,56.9214532589359,715.0379631885187
Indo_Gangetic_Plain,2011,2496.57,61.8927332933406,4033.704551659574
Indo_Gangetic_Plain,2012,809.1600000000001,66.8035425735272,1211.2531294420496
Indo_Gangetic_Plain,2013,1309.22,70.9363464075585,1845.6264895262468
Indo_Gangetic_Plain,2014,368.74,73.2997730356476,503.05749217077664
Indo_Gangetic_Plain,2015,26017.73,74.9707059453487,34703.861557561046
Indo_Gangetic_Plain,2016,1176.65,77.3982386243201,1520.254234351882
Indo_Gangetic_Plain,2017,18072.64,80.4703743512893,22458.74975193332
Indo_Gangetic_Plain,2018,820.54,83.5960370388638,981.5537064496621
Indo_Gangetic_Plain,2019,2080.06,85.6069540558026,2429.7792427518443
Indo_Gangetic_Plain,2020,1413.15,89.7288072623215,1574.9122752391734
Northeast,1981,7.4,6.88862716034943,107.42343616147502
Northeast,1982,25.54,7.44632098471959,342.9881689549778
Northeast,1983,80.02,8.08319436421132,989.9551636948369
Northeast,1984,79.28999999999999,8.72364467527372,908.9090965011379
Northeast,1985,76.92,9.35120495613869,822.567790576605
Northeast,1986,206.43,9.98609570765228,2067.17425952381
Northeast,1987,349.33000000000004,10.9175880607911,3199.6994029713114
Northeast,1988,741.75,11.8163801753813,6277.303107980483
Northeast,1989,310.14,12.8133055864533,2420.45269198833
Northeast,1990,74.54,14.1802679594129,525.66002429115
Northeast,1991,194.85,16.1303127348422,1207.9740994674905
Northeast,1992,30.7,17.5764198477346,174.66583221131282
Northeast,1993,223.74,19.3097682064243,1158.68817071332
Northeast,1994,8.75,21.2368917187623,41.20188639597187
Northeast,1995,0.0,23.1615279764214,0.0
Northeast,1996,195.02,24.9160179568326,782.7093411871643
Northeast,1997,36.36,26.5296468670007,137.0542178050132
Northeast,1998,613.43,28.6547160249704,2140.7645410460273
Northeast,1999,88.33,29.5339560481166,299.0794726452939
Northeast,2000,255.32,30.6104599330265,834.0939683971488
Northeast,2001,42.77,31.594774786071,135.37048543500222
Northeast,2002,778.74,32.768736707346,2376.472449807393
Northeast,2003,6377.15,34.0361652784497,18736.39391461572
Northeast,2004,784.4,35.9848763872227,2179.8046255857644
Northeast,2005,549.01,38.0079113271814,1444.4624311869907
Northeast,2006,277.49,41.2009324749758,673.5041741313478
Northeast,2007,338.01,44.062097550747,767.1219002016612
Northeast,2008,547.3499999999999,48.113153416174,1137.630691685238
Northeast,2009,744.47,51.5004952392024,1445.55891461274
Northeast,2010,1212.01,56.9214532589359,2129.267491619657
Northeast,2011,1211.3,61.8927332933406,1957.095664621958
Northeast,2012,4017.32,66.8035425735272,6013.633177579384
Northeast,2013,893.58,70.9363464075585,1259.692731940288
Northeast,2014,3996.03,73.2997730356476,5451.626702932117
Northeast,2015,2076.89,74.9707059453487,2770.2686987021143
Northeast,2016,169.78,77.3982386243201,219.35899707496918
Northeast,2017,5872.450000000001,80.4703743512893,7297.654630465768
Northeast,2018,5341.06,83.5960370388638,6389.130620530423
Northeast,2019,3563.29,85.6069540558026,4162.383814844389
Northeast,2020,3967.73,89.7288072623215,4421.913230608729
