region,year,location,scale,shape,n
Central_India,1860,113.03420236902548,9.232973289144375,-0.26552221936991827,150
Central_India,1861,113.42061480829285,9.424494537339694,-0.2400259389474106,150
Central_India,1862,113.94006588625325,9.398550019645363,-0.22626758478462086,150
Central_India,1863,114.32528310042645,9.396660421389399,-0.2258023071418816,150
Central_India,1864,114.79863234225968,9.407912183743665,-0.14693616875045323,150
Central_India,1865,115.22493950248,9.447396475190743,-0.11663235688875509,150
Central_India,1866,114.96336254009165,9.06745838047755,-0.09646853314588197,150
Central_India,1867,114.9590053601529,8.869564981592642,-0.09274677427197335,150
Central_India,1868,114.50913005358748,9.299830074989185,-0.10227592932872655,150
Central_India,1869,114.3287404965794,9.849023693664794,-0.1469237800859604,150
Central_India,1870,114.13478764235916,9.62860702184544,-0.10176469234841613,150
Central_India,1871,114.64347434145333,10.06959304610781,-0.12324028674820625,150
Central_India,1872,114.8863009718068,10.22746227926424,-0.12112342649351923,150
Central_India,1873,115.15709523074588,9.880401503924988,-0.11938430800807745,150
Central_India,1874,115.10851114696483,8.826140625472005,-0.07084749886257777,150
Central_India,1875,114.937626421499,8.856734829815531,-0.09433024075272858,150
Central_India,1876,113.962448521005,8.735773006172755,-0.09535112317876307,150
Central_India,1877,114.40388128593409,8.882766181749858,-0.11112813575533552,150
Central_India,1878,114.47079460964252,9.782347412744954,-0.14823682289241302,150
Central_India,1879,114.45108834881285,9.833484384554062,-0.15374697991002162,150
Central_India,1880,114.66490517907394,10.118511262015794,-0.24539472630646228,150
Central_India,1881,115.24206606274898,10.040800521783826,-0.2666446952232059,150
Central_India,1882,113.03800492511297,10.060069847293667,-0.2513088695396688,150
Central_India,1883,112.17994031124229,9.031487513873737,-0.19838108571420826,150
Central_India,1884,112.39233392879402,9.2336219831299,-0.2162157041043199,150
Central_India,1885,112.78835491698182,8.818682215879328,-0.24017240752593683,150
Central_India,1886,112.55149017719937,8.780550149227484,-0.2415526780169092,150
Central_India,1887,113.74462015025547,8.511657333833266,-0.09094584863822139,150
Central_India,1888,114.8170498869838,8.748629098814373,-0.10405849611855306,150
Central_India,1889,114.72994967752642,8.937224402448194,-0.10433776696527855,150
Central_India,1890,114.99276899234451,9.545500783259012,-0.12925506088487176,150
Central_India,1891,115.65620593535706,10.087567756138565,-0.13704773284259897,150
Central_India,1892,115.9985975486197,10.161653012589847,-0.2586423912037362,150
Central_India,1893,115.56059095005982,10.217220412044234,-0.24381644784907505,150
Central_India,1894,115.38928963927788,9.906454308645783,-0.23352481368908076,150
Central_India,1895,115.04577210805323,9.541723385314938,-0.18949227243404426,150
Central_India,1896,114.6365471159194,8.896431604549722,-0.07907119554966746,150
Central_India,1897,114.97897116540305,8.836029053128115,-0.06473251608208327,150
Central_India,1898,114.59917624537428,8.542715714460076,-0.056806736299139016,150
Central_India,1899,114.58757138155607,8.80899397418321,-0.06681198239616637,150
Central_India,1900,114.65820671543977,9.160847802687037,-0.09011335266324763,150
Central_India,1901,114.70582646868765,10.015484492588076,-0.28463614385864844,150
Central_India,1902,113.62077843161254,9.404890521118574,-0.17840062144933888,150
Central_India,1903,114.2731749742869,9.27156142425069,-0.18737339445209225,150
Central_India,1904,114.84284633758902,9.050247286074292,-0.18325692741890612,150
Central_India,1905,114.85925270798981,8.953364641509758,-0.18061943155808713,150
Central_India,1906,115.26138386830806,8.350315217345823,-0.1609522665290153,150
Central_India,1907,115.68235498086082,9.42596171069892,-0.2698815398439808,150
Central_India,1908,115.19380384750906,10.084833259011448,-0.2657592733107917,150
Central_India,1909,114.82161620023085,10.240272328237005,-0.2515913742013944,150
Central_India,1910,113.85728791319633,10.073933627399304,-0.22897809525914647,150
Central_India,1911,113.7235491400807,9.485733775054838,-0.2093369536531717,150
Central_India,1912,113.38570125363441,8.342161476350503,-0.15837195572147955,150
Central_India,1913,113.13321747282131,8.496783405385287,-0.20793717578540805,150
Central_India,1914,113.86694534913222,8.448822807423635,-0.3222208104341165,150
Central_India,1915,114.5506407897345,8.09830979739187,-0.3090625163232006,150
Central_India,1916,114.89474176777958,8.556838215760369,-0.2723174627984999,150
Central_India,1917,115.27747115600944,9.410638061669726,-0.2936803437784902,150
Central_India,1918,115.76645464076759,9.206417964152813,-0.24774929793179096,150
Central_India,1919,115.02248637424513,10.044311006372512,-0.2680605468061999,150
Central_India,1920,115.30511008010447,10.406526454495573,-0.27746821747340666,150
Central_India,1921,115.17526884274311,10.288092759342623,-0.26231774051766077,150
Central_India,1922,114.51738259995071,9.966463891909887,-0.2450554012994548,150
Central_India,1923,114.57422316353166,9.984286928559241,-0.2476261126179525,150
Central_India,1924,114.04912696366078,8.878207641574232,-0.14767809536010357,150
Central_India,1925,114.34687293023119,8.706722051030614,-0.17545115769643954,150
Central_India,1926,114.88239760749224,9.127127635619946,-0.21461947229970263,150
Central_India,1927,114.89542072511179,9.186151996760326,-0.2141875883328563,150
Central_India,1928,114.9485884920563,9.523727795464023,-0.26544629389274793,150
Central_India,1929,114.9488431428712,9.588517467331448,-0.29783841165387326,150
Central_India,1930,114.90545455224381,10.512831755535,-0.24143204922080413,150
Central_India,1931,114.21170796970725,10.41164993380217,-0.19478739245720733,150
Central_India,1932,114.4031568008981,10.171923215625174,-0.1425643158711436,150
Central_India,1933,114.56992316794167,9.449331862980053,-0.09258853738763614,150
Central_India,1934,115.3168165950025,9.845499292696818,-0.14917205619346394,150
Central_India,1935,114.9769250486121,10.64356419098221,-0.23414716669538788,150
Central_India,1936,115.38291401465725,10.616716361448479,-0.23979415961488093,150
Central_India,1937,115.27218534165536,10.225030166419547,-0.2584094928369788,150
Central_India,1938,115.51963085317385,10.41964339092037,-0.24009581551808185,150
Central_India,1939,115.90927917853153,10.431272480272625,-0.242104205624809,150
Central_India,1940,115.90111375577902,9.241369912612615,-0.15993316347202413,150
Central_India,1941,115.60167529467702,8.59310526301368,-0.14768515437106805,150
Central_India,1942,115.75758504817426,8.615209516753287,-0.15151106734898215,150
Central_India,1943,115.51745620292616,9.061293860172523,-0.20646904776325625,150
Central_India,1944,115.10648778347499,8.945453998179499,-0.2002207700093136,150
Central_India,1945,115.54394572779529,8.526092646077043,-0.17214684932432245,150
Central_India,1946,115.1246620625993,9.141872643271896,-0.18488418146073354,150
Central_India,1947,115.19468094594859,9.677266596673556,-0.19017370772726247,150
Central_India,1948,114.7531373274211,9.070598469001691,-0.15924325151011393,150
Central_India,1949,114.39200897016454,9.194310337319855,-0.12951589761280624,150
Central_India,1950,113.96210974662745,9.065116090960554,-0.146170008493654,150
Central_India,1951,114.02596794915002,9.199763043107243,-0.12382839896491057,150
Central_India,1952,114.527436019979,9.433056373130734,-0.1590397350584985,150
Central_India,1953,114.78220980075166,9.85658833625957,-0.1684722564855492,150
Central_India,1954,115.45506538643299,9.706031849585731,-0.20392749194683657,150
Central_India,1955,115.98020100859397,9.883346661271522,-0.1953448376917144,150
Central_India,1956,115.57633778934704,9.69051394653244,-0.19654060539195606,150
Central_India,1957,115.37694575014113,9.318460509498577,-0.17006891111283137,150
Central_India,1958,115.7251503080141,9.74685766808864,-0.1773051665441599,150
Central_India,1959,115.68452860477694,10.378064729666928,-0.18709457877768748,150
Central_India,1960,115.07871863966238,9.981403991833616,-0.1872703044117159,150
Central_India,1961,115.01654545530484,10.106213409269587,-0.18582399712226083,150
Central_India,1962,114.8217746993966,10.04525693804783,-0.18202730206189602,150
Central_India,1963,113.64666211228871,9.196290836099791,-0.160348021049721,150
Central_India,1964,113.89745188749234,8.484755410108274,-0.13475459155628766,150
Central_India,1965,114.03399487956,8.70872829385512,-0.15064401533601116,150
Central_India,1966,114.65207399174514,8.594699796591915,-0.1506751836404656,150
Central_India,1967,114.7273075829999,8.870779198556999,-0.17554992023067634,150
Central_India,1968,115.35611676874498,9.271894859859966,-0.19748897463961473,150
Central_India,1969,116.09048999831873,9.58829040152916,-0.29155018628650853,150
Central_India,1970,115.8108168588962,9.564488180098072,-0.2808691609261101,150
Central_India,1971,115.81748719668346,9.707964187648422,-0.2878793787143273,150
Central_India,1972,115.29858654040666,10.088434989903288,-0.298090750393769,150
Central_India,1973,115.09641110768777,9.857377358993938,-0.2791682981437271,150
Central_India,1974,114.58593821352923,10.05871747001041,-0.27595202671624824,150
Central_India,1975,114.21630266887217,10.181065369116892,-0.2563331763199379,150
Central_India,1976,113.98244381257649,10.546766600870114,-0.3020323081089408,150
Central_India,1977,115.06003126718534,10.231401089813769,-0.29526758616616033,150
Central_India,1978,115.6665664745158,10.204839624360034,-0.31305569106876924,150
Central_India,1979,115.29747143909921,10.357584253333073,-0.30528140794788056,150
Central_India,1980,115.23164994737937,10.273901875804569,-0.31295086127910565,150
Central_India,1981,115.04154699031932,9.836693713078215,-0.25830879826124253,150
Central_India,1982,114.34891082046593,9.865505942686644,-0.23379560714853181,150
Central_India,1983,113.96462703472552,10.65431884881794,-0.2614753012693948,150
Central_India,1984,113.62187512618613,10.064974338123832,-0.23982023420439708,150
Central_India,1985,114.07749772703026,9.99133967689512,-0.24970516475767285,150
Central_India,1986,114.02096971380243,9.741509409887556,-0.27440128807347897,150
Central_India,1987,113.81181337103683,9.400471627924865,-0.23251083577397325,150
Central_India,1988,114.01918195175887,8.448335633765957,-0.20676135481477967,150
Central_India,1989,114.19915680757586,8.94453676847513,-0.16855032984483997,150
Central_India,1990,113.23655295234377,8.945399578631594,-0.1308354162604595,150
Central_India,1991,113.36287045530449,9.008701880157794,-0.1317431934552558,150
Central_India,1992,113.06463548351813,8.545489351278011,-0.1308302442660349,150
Central_India,1993,112.16934510555538,9.487197505927359,-0.17352934908405482,150
Central_India,1994,112.45110774931317,9.395398373119587,-0.2079660586788316,150
Central_India,1995,113.69437375820957,9.57148063367357,-0.2714364277060618,150
Central_India,1996,114.82179687016858,9.995564619162067,-0.25466139471788407,150
Central_India,1997,114.74767235800752,10.3706236212882,-0.18958735921398534,150
Central_India,1998,115.71817582714158,9.442022782600727,-0.12051063030976676,150
Central_India,1999,116.52931788614302,9.741779498828793,-0.1466731463976155,150
Central_India,2000,116.73264046758874,9.865835140240744,-0.12801745766363504,150
Central_India,2001,115.67126955131313,9.492286736813485,-0.08647684434962868,150
Central_India,2002,117.19778567417167,9.708963293135577,-0.16133345774754482,150
Central_India,2003,117.45275984824914,9.46338283406411,-0.1758801917114306,150
Central_India,2004,117.4892009119649,9.339249578045436,-0.17467354815645186,150
Central_India,2005,117.12592126108507,9.187040153439305,-0.19379776050248798,150
Central_India,2006,117.53436873427475,9.24414893867985,-0.19116926795502406,150
Central_India,2007,116.83959433527463,8.95227370141858,-0.18201007327325364,150
Central_India,2008,116.39864098425375,8.896936296036923,-0.17423163281375287,150
Central_India,2009,115.45723413138407,8.825048697240039,-0.16041096034963886,150
Central_India,2010,115.55170266316574,8.969310144143142,-0.16383622062613806,150
Central_India,2011,115.51262272002984,8.809759455525771,-0.19577545752765613,150
Central_India,2012,114.75723765723899,8.977125472358416,-0.18850071442541563,150
Central_India,2013,114.9117523176549,8.925225815955386,-0.09852393707023327,150
Central_India,2014,115.32118407955556,8.86179131912921,-0.09770012082687604,150
Central_India,2015,115.7496782865289,8.972208623445546,-0.11179898108256237,150
Central_India,2016,115.5353311842797,8.79925228170854,-0.08174883521127779,150
Central_India,2017,116.18741169837651,9.048849705909848,-0.1053657916828784,150
Central_India,2018,116.40644447178008,9.356022963890597,-0.18870435272207045,150
Central_India,2019,116.46059279765981,9.504469948388607,-0.18991133234654517,150
Central_India,2020,116.29504201005497,9.666632998505108,-0.20472443068187227,150
Central_India,2021,117.10991915745215,9.99624352430273,-0.3597096900513607,150
Central_India,2022,116.07734237855882,9.56477062097877,-0.1948609268476118,150
Central_India,2023,116.06246185926,9.058820149301345,-0.15951990368191227,150
Central_India,2024,115.3729600418391,9.257448461157786,-0.17749543603862283,150
Central_India,2025,114.85372822462153,8.905567138816082,-0.1545557712851004,150
Central_India,2026,114.01216399386516,8.727450340678452,-0.11676663563337275,150
Central_India,2027,114.00961833611382,9.02468934803966,-0.18431399870807502,150
Central_India,2028,113.68891536002809,8.870663311967919,-0.18030822312738987,150
Central_India,2029,114.72273306475188,8.589412660357727,-0.18403772918214797,150
Central_India,2030,115.08707421656423,8.48668443358973,-0.1904494651048999,150
Central_India,2031,115.93887940561015,8.952766098376463,-0.1259070375726879,150
Central_India,2032,116.51288329332436,8.278115839509782,-0.0760957140121653,150
Central_India,2033,116.98569071527328,8.16603244470708,-0.0901586237860144,150
Central_India,2034,117.1071712150644,8.330928471138977,-0.09826716883335068,150
Central_India,2035,117.53609636681962,8.618385703272649,-0.11350137676465977,150
Central_India,2036,117.67719353414077,8.2330147798614,-0.1652613585589477,150
Central_India,2037,117.49793987175282,8.025255712786652,-0.14639007282791905,150
Central_India,2038,118.09999157084503,8.299065353222845,-0.17145567038606546,150
Central_India,2039,117.74662583633089,8.264203869666897,-0.1391483620409171,150
Central_India,2040,118.63846136030979,8.243190334307904,-0.1327140952095956,150
Indo_Gangetic_Plain,1860,91.61667214618495,10.783864727223854,-0.21601664711108726,150
Indo_Gangetic_Plain,1861,91.53731677678326,10.333044015098093,-0.18046495765261217,150
Indo_Gangetic_Plain,1862,91.86079305439442,10.132284443761709,-0.15037094951803423,150
Indo_Gangetic_Plain,1863,91.32783688332466,9.544646751929985,-0.11830393295486781,150
Indo_Gangetic_Plain,1864,92.2075024945599,9.82153037724365,-0.15574752182461252,150
Indo_Gangetic_Plain,1865,92.27836028844287,9.900118974322861,-0.20175606666915344,150
Indo_Gangetic_Plain,1866,91.6470452076203,10.258531650754636,-0.191777084760544,150
Indo_Gangetic_Plain,1867,91.5962311842564,10.074875951681221,-0.1838178848461727,150
Indo_Gangetic_Plain,1868,92.37955575114171,10.883898607032,-0.2121891095542126,150
Indo_Gangetic_Plain,1869,92.60065706693965,10.515343955920613,-0.2005259283760904,150
Indo_Gangetic_Plain,1870,92.01473282359828,10.25164608441519,-0.18061988392979755,150
Indo_Gangetic_Plain,1871,92.5896841504815,9.85545170734552,-0.22821501453679327,150
Indo_Gangetic_Plain,1872,92.74595594151579,9.755389947565638,-0.21238050798882735,150
Indo_Gangetic_Plain,1873,92.23642456306294,9.915355007846,-0.21818894104159414,150
Indo_Gangetic_Plain,1874,91.9965092644486,10.12368861301077,-0.21728211432625555,150
Indo_Gangetic_Plain,1875,93.17257877215806,10.067965932564654,-0.23196989662462691,150
Indo_Gangetic_Plain,1876,93.10226219051478,10.349516665386197,-0.23966106710493534,150
Indo_Gangetic_Plain,1877,92.8761312592743,10.580670821214756,-0.21989786517250381,150
Indo_Gangetic_Plain,1878,93.00883235891759,10.36769180023053,-0.21115765693151067,150
Indo_Gangetic_Plain,1879,93.35236339390406,10.564236943448211,-0.21798812943314086,150
Indo_Gangetic_Plain,1880,92.27838663249831,11.33392812653457,-0.23149423762252835,150
Indo_Gangetic_Plain,1881,92.1926661199042,10.930090008484324,-0.21867327623542354,150
Indo_Gangetic_Plain,1882,92.05457076850331,11.032442688148098,-0.28970806865210463,150
Indo_Gangetic_Plain,1883,91.6928337427017,11.138491557516296,-0.21060205531417533,150
Indo_Gangetic_Plain,1884,91.19290612908442,10.394320412862923,-0.18593866484382815,150
Indo_Gangetic_Plain,1885,90.83609893345056,9.34354203636341,-0.09106375948026058,150
Indo_Gangetic_Plain,1886,90.64379165353472,9.753017337244334,-0.12331855700235098,150
Indo_Gangetic_Plain,1887,91.3333520577367,9.838943187684782,-0.14031025415448106,150
Indo_Gangetic_Plain,1888,92.19344319115913,9.114752147788508,-0.1510640920856433,150
Indo_Gangetic_Plain,1889,91.83993381992468,10.017900155112265,-0.17848917596253444,150
Indo_Gangetic_Plain,1890,93.49411271766833,9.749365313593135,-0.3383948669020237,150
Indo_Gangetic_Plain,1891,94.44366538063062,9.590487348330566,-0.3476312479013425,150
Indo_Gangetic_Plain,1892,94.1296260740873,9.585340178713615,-0.3225259128988123,150
Indo_Gangetic_Plain,1893,92.9396656800618,9.428558655583497,-0.2980277023832305,150
Indo_Gangetic_Plain,1894,92.62171462124027,9.31098344598829,-0.20160288200412946,150
Indo_Gangetic_Plain,1895,92.47590851913478,9.863634338862672,-0.21227605961827659,150
Indo_Gangetic_Plain,1896,91.52451263546605,9.860456709893906,-0.17222214890648643,150
Indo_Gangetic_Plain,1897,91.4054756584475,9.807538286003414,-0.17636493939463427,150
Indo_Gangetic_Plain,1898,92.00425609278497,10.191149606709113,-0.197493842194316,150
Indo_Gangetic_Plain,1899,92.33330525357155,9.841050826363784,-0.23634300593568414,150
Indo_Gangetic_Plain,1900,92.24454366680061,9.568962953252967,-0.20592043505842744,150
Indo_Gangetic_Plain,1901,91.377583712607,9.930957085579873,-0.2489046256440356,150
Indo_Gangetic_Plain,1902,90.70807995181681,10.107573414777079,-0.258032113498321,150
Indo_Gangetic_Plain,1903,90.70396766264271,9.988036643889298,-0.2717418759294594,150
Indo_Gangetic_Plain,1904,91.13030897378772,9.66052700288136,-0.2681811253380116,150
Indo_Gangetic_Plain,1905,90.5393251891401,9.419579105958398,-0.32406140084469814,150
Indo_Gangetic_Plain,1906,92.26462933874066,9.158702170945077,-0.33193276219646783,150
Indo_Gangetic_Plain,1907,92.35717868150351,9.27448510902233,-0.28920048618806904,150
Indo_Gangetic_Plain,1908,92.09064963920457,8.886407893268043,-0.24587531695048598,150
Indo_Gangetic_Plain,1909,92.47739273597847,9.049724901365796,-0.25564844418659416,150
Indo_Gangetic_Plain,1910,92.57021428435264,9.01481238194391,-0.18822733002007963,150
Indo_Gangetic_Plain,1911,91.3615899766458,9.36744035165157,-0.18118804070683497,150
Indo_Gangetic_Plain,1912,91.51018397393403,9.090622897392901,-0.16913657938467422,150
Indo_Gangetic_Plain,1913,91.34705741104165,9.753042973350432,-0.15048501258709684,150
Indo_Gangetic_Plain,1914,91.07993710680023,9.958992504828288,-0.14673831187371325,150
Indo_Gangetic_Plain,1915,91.45283743946494,9.955607513652119,-0.17195691438611083,150
Indo_Gangetic_Plain,1916,92.24787463190071,9.946697442500417,-0.18241322842402033,150
Indo_Gangetic_Plain,1917,93.01671309048922,9.963931681960798,-0.17786414701135828,150
Indo_Gangetic_Plain,1918,93.56625976508212,9.67891501087549,-0.2223275788245739,150
Indo_Gangetic_Plain,1919,92.98052677705344,9.497677659295107,-0.198926514258834,150
Indo_Gangetic_Plain,1920,92.55924204546218,9.230995588426204,-0.17798020465795544,150
Indo_Gangetic_Plain,1921,93.07850363217116,9.244279021972972,-0.1724526190010499,150
Indo_Gangetic_Plain,1922,92.38874727575208,9.506458657414655,-0.19777698448437808,150
Indo_Gangetic_Plain,1923,91.87178077859394,9.292450435570064,-0.15116526065492247,150
Indo_Gangetic_Plain,1924,92.07139822055743,8.975605413492085,-0.16103901962869072,150
Indo_Gangetic_Plain,1925,92.77928553361919,9.174979709636052,-0.18965990435379843,150
Indo_Gangetic_Plain,1926,92.30213662693642,9.03373872303733,-0.13285578179297775,150
Indo_Gangetic_Plain,1927,92.03596220244897,9.170549847905615,-0.15899959152996163,150
Indo_Gangetic_Plain,1928,92.57304980200615,9.44997082899801,-0.1508085808409405,150
Indo_Gangetic_Plain,1929,92.10228908211144,10.022273786879683,-0.16763149957550688,150
Indo_Gangetic_Plain,1930,92.34411166689735,10.274455036023706,-0.16929878384080932,150
Indo_Gangetic_Plain,1931,92.08665057716237,9.6666674192936,-0.17607510558209144,150
Indo_Gangetic_Plain,1932,92.62717365236249,9.176356802186639,-0.15800347626156352,150
Indo_Gangetic_Plain,1933,93.32928703036077,9.077893027409722,-0.23775582600704287,150
Indo_Gangetic_Plain,1934,93.3714680682489,9.70856365866524,-0.27676658066475923,150
Indo_Gangetic_Plain,1935,92.7220222293603,9.61614731364615,-0.2636429956103078,150
Indo_Gangetic_Plain,1936,92.96641378347994,9.927484103165337,-0.24346654995940858,150
Indo_Gangetic_Plain,1937,93.56311473042084,10.072243795953797,-0.2653210159582702,150
Indo_Gangetic_Plain,1938,93.0305682842357,10.700529524277478,-0.2653600258519879,150
Indo_Gangetic_Plain,1939,93.9170204950172,10.694940212305001,-0.2647703412735198,150
Indo_Gangetic_Plain,1940,93.60092000383631,11.072964582053913,-0.2816003922745933,150
Indo_Gangetic_Plain,1941,93.53257880234165,11.524761928101377,-0.3291062137297228,150
Indo_Gangetic_Plain,1942,92.98960627798428,11.39744243796769,-0.3007511892378447,150
Indo_Gangetic_Plain,1943,93.37600902690173,10.805179689688842,-0.32357583252471456,150
Indo_Gangetic_Plain,1944,92.94578248234791,10.034823063112007,-0.295201209350641,150
Indo_Gangetic_Plain,1945,93.88692014738646,9.657160461148633,-0.23999595412272257,150
Indo_Gangetic_Plain,1946,93.90972648194555,9.514326893192788,-0.23189105510774596,150
Indo_Gangetic_Plain,1947,94.17985010896089,9.504420052061242,-0.24825356961719253,150
Indo_Gangetic_Plain,1948,93.74717268791042,9.780022488484061,-0.24719869821577165,150
Indo_Gangetic_Plain,1949,93.76195498787797,9.734191563228055,-0.253691968625679,150
Indo_Gangetic_Plain,1950,93.07917923336453,10.13940152263945,-0.24991091715891656,150
Indo_Gangetic_Plain,1951,92.06210514398893,9.782518672574334,-0.15024043432275597,150
Indo_Gangetic_Plain,1952,91.94498333533903,10.293068838351104,-0.1344522096298749,150
Indo_Gangetic_Plain,1953,91.8052257533015,9.729345302315181,-0.11377195691241726,150
Indo_Gangetic_Plain,1954,92.94031522062615,9.833671871358188,-0.1344773090329133,150
Indo_Gangetic_Plain,1955,93.51077648805155,9.678517662342362,-0.11204322890214591,150
Indo_Gangetic_Plain,1956,93.57279306549475,9.880187844088947,-0.16796160632385945,150
Indo_Gangetic_Plain,1957,93.46719892072917,9.788290612833684,-0.21351554136401013,150
Indo_Gangetic_Plain,1958,93.83846260400747,10.706712064313042,-0.26023546441208056,150
Indo_Gangetic_Plain,1959,92.7040230132126,11.098662132655505,-0.196839492543741,150
Indo_Gangetic_Plain,1960,91.47124498942034,10.929912121702172,-0.17945782152332207,150
Indo_Gangetic_Plain,1961,91.95706636240683,11.284765045268887,-0.19870379937653476,150
Indo_Gangetic_Plain,1962,92.15266407023041,10.776709266736223,-0.18579050251460974,150
Indo_Gangetic_Plain,1963,91.96889290787442,10.050314774970492,-0.1612375378625135,150
Indo_Gangetic_Plain,1964,91.82915153647534,9.71032963477905,-0.1902522273123981,150
Indo_Gangetic_Plain,1965,92.69862772280456,9.094019744165365,-0.30751900020002954,150
Indo_Gangetic_Plain,1966,93.06863207804733,9.362536484980208,-0.30281032083016457,150
Indo_Gangetic_Plain,1967,92.94012981898315,10.152011361422474,-0.3316934191762444,150
Indo_Gangetic_Plain,1968,92.47424336588855,9.959588614353663,-0.3084866040470483,150
Indo_Gangetic_Plain,1969,92.78678419367284,9.64087615062163,-0.30499685493698747,150
Indo_Gangetic_Plain,1970,93.12226697862687,9.657258583239965,-0.3138873656718463,150
Indo_Gangetic_Plain,1971,92.69391559989714,8.967415506127118,-0.226662366669505,150
Indo_Gangetic_Plain,1972,91.96493471748681,8.631382020173945,-0.2204036683197081,150
Indo_Gangetic_Plain,1973,92.02042279615164,9.354910540246145,-0.09094177462581338,150
Indo_Gangetic_Plain,1974,92.3174751808299,9.933188999775208,-0.09871145968590712,150
Indo_Gangetic_Plain,1975,91.72624324419812,10.617918649615714,-0.10360837857049068,150
Indo_Gangetic_Plain,1976,90.82188286274804,10.34582286656981,-0.09144652174644106,150
Indo_Gangetic_Plain,1977,91.39324258183129,10.183112477904873,-0.09460413510205046,150
Indo_Gangetic_Plain,1978,91.90125339914437,10.091349432269482,-0.17570748194418906,150
Indo_Gangetic_Plain,1979,91.40652949433664,10.179137142910605,-0.18918955568849488,150
Indo_Gangetic_Plain,1980,91.74292568313213,9.471806622805715,-0.23232763078125246,150
Indo_Gangetic_Plain,1981,91.63229160740576,9.57083878425486,-0.23618975273400672,150
Indo_Gangetic_Plain,1982,91.68625844336972,9.74924977051544,-0.14822116100616764,150
Indo_Gangetic_Plain,1983,90.84134565621588,9.598959931347563,-0.14910900467961086,150
Indo_Gangetic_Plain,1984,90.97005614664197,9.115399214469324,-0.1241136080799774,150
Indo_Gangetic_Plain,1985,91.34540379835771,9.612417142351742,-0.11890934921792891,150
Indo_Gangetic_Plain,1986,92.41516336528231,9.482419355748272,-0.11790004379288246,150
Indo_Gangetic_Plain,1987,92.85730378733345,9.414059815149747,-0.15665066162783053,150
Indo_Gangetic_Plain,1988,93.15238213801092,8.636589077076005,-0.10995399412905782,150
Indo_Gangetic_Plain,1989,93.1807784713803,8.804626476838987,-0.09614270813968794,150
Indo_Gangetic_Plain,1990,93.0760508876653,8.867556689607333,-0.14634457780562682,150
Indo_Gangetic_Plain,1991,93.21226323206196,8.77159611406379,-0.1467717485506574,150
Indo_Gangetic_Plain,1992,93.28168961198243,8.550652853471359,-0.13092408260176258,150
Indo_Gangetic_Plain,1993,92.74388905217332,9.871275954799097,-0.18797619670047555,150
Indo_Gangetic_Plain,1994,92.56984417503222,9.74990801804859,-0.20661128748216,150
Indo_Gangetic_Plain,1995,92.66509500514661,9.541453720347963,-0.19096315778079181,150
Indo_Gangetic_Plain,1996,92.73270324403646,9.668582727520896,-0.2062493956342587,150
Indo_Gangetic_Plain,1997,92.47868562505542,9.795827838056745,-0.21140950820133847,150
Indo_Gangetic_Plain,1998,93.34413783066209,8.699672173542046,-0.13203307015327095,150
Indo_Gangetic_Plain,1999,94.47773688206331,8.450650167631487,-0.17052726891433495,150
Indo_Gangetic_Plain,2000,94.01377065718468,9.819940315823809,-0.20997303395251926,150
Indo_Gangetic_Plain,2001,94.37597491453764,10.328413349151294,-0.233300842559308,150
Indo_Gangetic_Plain,2002,94.92083981762822,10.914369928934153,-0.19640735971913686,150
Indo_Gangetic_Plain,2003,95.55439248067009,10.992106118190208,-0.21386308750948774,150
Indo_Gangetic_Plain,2004,95.61104887351811,11.287119391215928,-0.21800071882172462,150
Indo_Gangetic_Plain,2005,96.29812660205985,10.570092843758975,-0.20808694063123312,150
Indo_Gangetic_Plain,2006,96.437228765263,10.059758900273037,-0.17427614252160759,150
Indo_Gangetic_Plain,2007,96.00611833411647,10.06918997850304,-0.22110465638161492,150
Indo_Gangetic_Plain,2008,95.07659993764653,9.956525281658166,-0.18684136367876708,150
Indo_Gangetic_Plain,2009,94.52608213646603,9.860644434799855,-0.18936905880742158,150
Indo_Gangetic_Plain,2010,95.05482352501829,9.295157876165476,-0.1718443724474376,150
Indo_Gangetic_Plain,2011,94.79216179329761,9.485727849524174,-0.19425440808004774,150
Indo_Gangetic_Plain,2012,94.72233117221168,8.83806295557865,-0.16222260311287673,150
Indo_Gangetic_Plain,2013,95.54163490744396,8.787792401885955,-0.17334505395071279,150
Indo_Gangetic_Plain,2014,96.01545674796884,8.568622764830664,-0.16472595032249826,150
Indo_Gangetic_Plain,2015,95.38884544183088,9.291871443480677,-0.17997805872730832,150
Indo_Gangetic_Plain,2016,95.57323135737425,8.959400848702728,-0.15069821203281433,150
Indo_Gangetic_Plain,2017,96.34241596296847,9.069257345114451,-0.22680174327863126,150
Indo_Gangetic_Plain,2018,95.77986965427436,9.467610224308636,-0.22044333332409355,150
Indo_Gangetic_Plain,2019,95.69993511205938,9.875255906676143,-0.2320784602082327,150
Indo_Gangetic_Plain,2020,95.92750420774993,9.909241218081089,-0.27093201638969694,150
Indo_Gangetic_Plain,2021,96.33938972025868,9.987688851035232,-0.30096653544808116,150
Indo_Gangetic_Plain,2022,96.43378618654768,10.240622213593468,-0.31292396779172127,150
Indo_Gangetic_Plain,2023,96.72008551859963,9.961619523272724,-0.3520860660034779,150
Indo_Gangetic_Plain,2024,96.72551872878695,9.77775026266525,-0.3909413118069539,150
Indo_Gangetic_Plain,2025,96.99105692508026,9.574503969272115,-0.33250440783622204,150
Indo_Gangetic_Plain,2026,95.91296721945758,9.342805784004575,-0.31076368644151176,150
Indo_Gangetic_Plain,2027,95.27012938662747,9.35038363832711,-0.21630954903856414,150
Indo_Gangetic_Plain,2028,95.12496030142142,9.229310002291875,-0.19978111071933577,150
Indo_Gangetic_Plain,2029,94.79182419499588,9.027219737562007,-0.18410551015894627,150
Indo_Gangetic_Plain,2030,94.36405784855225,8.809548854587128,-0.16094041288550687,150
Indo_Gangetic_Plain,2031,95.09296971233317,9.06552042250036,-0.16516518712638967,150
Indo_Gangetic_Plain,2032,95.45703855707501,9.31406526441906,-0.2553782949236303,150
Indo_Gangetic_Plain,2033,95.92351960527259,9.194270619788163,-0.2796947407962003,150
Indo_Gangetic_Plain,2034,97.05143359048006,9.398185768344039,-0.28811576139244033,150
Indo_Gangetic_Plain,2035,97.0266841332776,8.789833396364223,-0.20984037049928136,150
Indo_Gangetic_Plain,2036,96.98227475496276,8.369384141461094,-0.18908808227494694,150
Indo_Gangetic_Plain,2037,96.8519519545203,7.837306829222818,-0.15164108405878995,150
Indo_Gangetic_Plain,2038,97.17090465943302,8.253471673565041,-0.15025945453823614,150
Indo_Gangetic_Plain,2039,96.53512621056382,8.219308310219812,-0.12061343988562212,150
Indo_Gangetic_Plain,2040,97.01375596629194,8.96915695990765,-0.1661510722106992,150
Northeast,1860,132.20659381236771,13.93640783140637,-0.015904439155452282,150
Northeast,1861,132.5254983062379,13.569926184317875,-0.04232580172138513,150
Northeast,1862,133.6114181924262,13.690626532408405,-0.04573065879364328,150
Northeast,1863,133.89154356643752,13.25345858905011,-0.0043097363116927825,150
Northeast,1864,135.0057716113335,13.680539923769208,-0.08735159926219982,150
Northeast,1865,136.23484847752042,13.292475722621832,-0.09450568883771113,150
Northeast,1866,135.995189155572,13.068193623919825,-0.031398670435329304,150
Northeast,1867,134.2523654144768,13.198264473160378,-0.023764720196105427,150
Northeast,1868,134.64798675540675,13.264310571744804,-0.0441150048167656,150
Northeast,1869,134.65286787976115,12.92068141207157,-0.024116466638053394,150
Northeast,1870,134.58191651315025,13.89874107563465,-0.03146528670721796,150
Northeast,1871,134.5972644046431,14.243052795319146,-0.06089984958693319,150
Northeast,1872,135.43653794412654,14.57564176363623,-0.1177472797255423,150
Northeast,1873,135.02011308284006,14.674764003949392,-0.05906734649333517,150
Northeast,1874,135.00721184632988,14.901441374566613,-0.02836351449970778,150
Northeast,1875,134.80680185263745,14.479815164723565,0.02022124033242075,150
Northeast,1876,134.40897242133235,15.868124812638026,-0.07008591953198673,150
Northeast,1877,135.20579059861302,15.020831137901457,-0.06724005382062467,150
Northeast,1878,135.49493156113542,14.500313644969168,-0.09239507320301837,150
Northeast,1879,135.75273736698034,15.148165223112368,-0.0940750889761405,150
Northeast,1880,136.3611745446987,14.823522852237545,-0.11204318724988022,150
Northeast,1881,136.81050002511762,13.239253596034338,-0.0202360965536989,150
Northeast,1882,136.38767012598555,13.445034317634512,-0.022215284411389577,150
Northeast,1883,135.84265268962434,13.985533728788198,-0.03178059829877361,150
Northeast,1884,135.41895032316518,12.550346527965782,-0.01106372133384554,150
Northeast,1885,134.83339154579033,13.111826238324486,-0.026965139566383856,150
Northeast,1886,134.64060358375616,13.856987010863637,-0.07435579445209879,150
Northeast,1887,135.4810795010398,15.845121685915156,-0.15921918084757303,150
Northeast,1888,135.43113020583314,15.997897975699832,-0.13698068943513853,150
Northeast,1889,134.49772968996564,16.20608451722527,-0.11829155977050766,150
Northeast,1890,134.62717619879857,16.825900754759573,-0.12369668370070147,150
Northeast,1891,135.38452525129495,16.799025011239884,-0.13629796037771422,150
Northeast,1892,134.49192906038314,15.735494957680263,-0.024919370876426258,150
Northeast,1893,134.5311673028287,15.793836086765374,-0.02982767033137681,150
Northeast,1894,134.57006461804843,15.686190981272041,-0.05561708939372395,150
Northeast,1895,133.77362477771004,14.040111741486353,-0.024889289877981773,150
Northeast,1896,133.49474503336472,13.70377362722798,0.020709788169575492,150
Northeast,1897,133.85592619581712,13.49513514266689,-0.022924972978679764,150
Northeast,1898,133.7234406778942,13.229916344122719,-0.026946872545768892,150
Northeast,1899,133.42062727777295,14.006849144885283,-0.042222987589041375,150
Northeast,1900,133.98473174053976,14.246292746282172,-0.05594453939467174,150
Northeast,1901,133.6329825385264,14.401579318227084,-0.10223423178976307,150
Northeast,1902,134.18475225689826,14.336213774291384,-0.13211393412266714,150
Northeast,1903,134.74685935405802,14.522983694837553,-0.16528548735900547,150
Northeast,1904,134.80584864084338,13.918621469276204,-0.08357045130523982,150
Northeast,1905,133.73929501840317,14.180140807422168,-0.0331401210012562,150
Northeast,1906,135.37774905226098,14.058733271982021,-0.0662664036293942,150
Northeast,1907,135.45381066186212,14.689664821722936,-0.08564854810058678,150
Northeast,1908,136.70936120905054,14.510258790515579,-0.07838889666434036,150
Northeast,1909,137.54163105744743,14.540438087026992,-0.09566877459629891,150
Northeast,1910,138.9087405603771,14.074994933594567,-0.1372353596688479,150
Northeast,1911,136.9225084157611,14.69396902249905,-0.15726757948929115,150
Northeast,1912,135.71388962850148,14.593417714161635,-0.07981080632721244,150
Northeast,1913,134.99860889218863,14.648591191405302,-0.052078954552824554,150
Northeast,1914,134.626076680702,14.364091002469337,-0.06091786104918305,150
Northeast,1915,134.63022311482462,14.03117212315776,-0.060675275533023584,150
Northeast,1916,136.24708401235458,13.729141905148337,-0.04209473731956615,150
Northeast,1917,136.40095286700432,14.10158370711319,-0.047550751246641806,150
Northeast,1918,135.54975834120597,14.513163913416584,-0.10997949787770217,150
Northeast,1919,135.4677103403797,14.577839674347008,-0.11647582209991605,150
Northeast,1920,134.32840736864028,14.662005881299176,-0.10793384643264307,150
Northeast,1921,133.6071484343264,14.586010942482346,-0.08622102830570219,150
Northeast,1922,135.0473521008348,14.159294962847804,-0.05796687621582722,150
Northeast,1923,135.0412021342451,13.443275249761871,-0.027107183422860427,150
Northeast,1924,134.45006307227663,12.956081066656967,0.026196901716066673,150
Northeast,1925,134.393083515878,14.975441048538652,-0.005008735247041508,150
Northeast,1926,133.89167860282248,14.835808076062076,-0.010740267286418408,150
Northeast,1927,131.72468925955235,14.18267846197404,-0.022240298187534216,150
Northeast,1928,132.20868783772653,14.316110686814874,-0.030520159037963027,150
Northeast,1929,132.11722897287888,14.976833671541618,0.003983474778223448,150
Northeast,1930,133.43536641981376,14.37699753583874,0.024643487184934434,150
Northeast,1931,134.32273572441335,15.062334828413812,0.010264088187334274,150
Northeast,1932,135.60385798914962,15.224198172058058,-0.004524070072926547,150
Northeast,1933,136.11574396125303,15.318186676379728,-0.014937403134051778,150
Northeast,1934,137.7530786138039,14.592118930154388,-0.10686474827580891,150
Northeast,1935,136.76536568740045,14.695800121653347,-0.12717188349622605,150
Northeast,1936,137.4764820974318,14.752506032230901,-0.1369561071440335,150
Northeast,1937,137.47949964697455,15.149326839355767,-0.12331322887465443,150
Northeast,1938,136.04039564753387,15.367446977466471,-0.07384584081112014,150
Northeast,1939,135.9493874046783,14.934235059757185,-0.053465069395148807,150
Northeast,1940,137.38901782778578,14.933374394031109,-0.06333934569816976,150
Northeast,1941,135.90716749663932,15.143801385994365,-0.08289926762901317,150
Northeast,1942,134.35611794721967,16.279575758528473,-0.10525071757672617,150
Northeast,1943,134.3483877817996,16.056152878131183,-0.09780357863949034,150
Northeast,1944,133.81124218745805,16.597126189249963,-0.06328430934173626,150
Northeast,1945,132.85542812819665,15.722584398274138,-0.02878331995822886,150
Northeast,1946,132.7812219242163,14.695364993669855,0.005086357599136858,150
Northeast,1947,134.70880350499567,13.141558316999893,0.04041146628955584,150
Northeast,1948,134.96926841639575,12.449992855026034,0.04593582770656481,150
Northeast,1949,135.21307569922817,13.067733077529475,-0.041329624258595266,150
Northeast,1950,136.19854553801014,13.807454597541955,-0.08178389608055106,150
Northeast,1951,135.73533613126375,14.470522313828527,-0.08779641012379277,150
Northeast,1952,135.41008528138644,14.912324196429932,-0.14016496468341688,150
Northeast,1953,136.0481179037314,15.649489691791572,-0.15663059209809194,150
Northeast,1954,136.21495949549058,15.367755996084986,-0.08452484934454396,150
Northeast,1955,135.42453469434383,15.594958890679669,-0.05160465603780488,150
Northeast,1956,135.66621318935864,15.511707161366179,-0.06211328328980658,150
Northeast,1957,136.11011483103448,16.301904602058805,-0.016051353714837048,150
Northeast,1958,136.61914858152565,16.412408262171475,0.008856326114289152,150
Northeast,1959,136.07684176237228,16.903826554960382,-0.0217284205593036,150
Northeast,1960,135.97537240234283,16.459638430125935,-0.045828560745822214,150
Northeast,1961,136.14623490235505,17.469621308161706,-0.050899725031692974,150
Northeast,1962,135.2831588977141,16.286424772282437,-0.08308931853193056,150
Northeast,1963,133.75116641804695,15.419812644727585,-0.07176352276797193,150
Northeast,1964,134.22713732869596,14.960097993394228,0.012253045558893352,150
Northeast,1965,134.29807969563345,14.993305551846127,0.007900478325752917,150
Northeast,1966,135.9611826314975,14.06458749309178,-0.001676449719909271,150
Northeast,1967,135.1133847282286,14.07060331363388,0.0009493849853695169,150
Northeast,1968,135.1406722173619,15.016821135754952,-0.01521384827756514,150
Northeast,1969,134.97065812010322,15.219077746430962,-0.1579258115919545,150
Northeast,1970,134.36824835290412,15.199579383977728,-0.06070177937145482,150
Northeast,1971,133.49504070514377,14.89289570534895,-0.034052347345358974,150
Northeast,1972,133.90754701068755,15.86155699456041,-0.06180026011451614,150
Northeast,1973,135.95853882980106,16.429740188287052,-0.10390152641710812,150
Northeast,1974,136.756744807737,16.947006532303057,-0.1146858500901887,150
Northeast,1975,138.2386620604702,17.541860743684865,-0.27781245278305206,150
Northeast,1976,136.80851147623804,17.736801455231515,-0.10830714873329224,150
Northeast,1977,137.65404166360804,16.84332185729555,-0.08172494831074947,150
Northeast,1978,136.9751628456039,16.257544013178304,-0.05843398867831501,150
Northeast,1979,136.28257450539132,16.176097766677238,-0.03254157863464034,150
Northeast,1980,135.21292421528108,15.438132537163458,0.03025985511838579,150
Northeast,1981,135.8179365447255,15.686534192195234,-0.037399469511505704,150
Northeast,1982,136.12845429501758,15.911424778543758,-0.03277712769694971,150
Northeast,1983,134.53342927305732,15.415475125586585,0.008114444661319891,150
Northeast,1984,135.0863030456363,15.37003180586259,-0.021698886432965143,150
Northeast,1985,136.1798262766536,14.576040206825944,-0.011727981502212917,150
Northeast,1986,136.16111627711862,13.824002240529264,0.010151803219855253,150
Northeast,1987,135.84996614205193,14.871384058829182,-0.06243521555128698,150
Northeast,1988,136.69220215885917,15.24574195360978,-0.05906927197314717,150
Northeast,1989,136.52313858667273,14.9332725636371,-0.03602196722233855,150
Northeast,1990,135.416598823083,14.72609074635942,-0.002075495182520664,150
Northeast,1991,134.84461557650798,14.447937697291469,0.0021776675037418506,150
Northeast,1992,135.22909913335016,14.330510292246785,-0.0014160635877787315,150
Northeast,1993,135.63785813200326,15.352542602294328,-0.046975204722118476,150
Northeast,1994,135.39012004172926,17.15419194453541,-0.09009013389909434,150
Northeast,1995,135.4620227026989,17.95659965260075,-0.12025191164893426,150
Northeast,1996,134.85447527395706,17.912284355395734,-0.10960437441663752,150
Northeast,1997,134.57424756460364,17.178532610768855,-0.08450565468626023,150
Northeast,1998,132.57776354917075,16.844141390959347,-0.09463392666873296,150
Northeast,1999,133.53365991963557,15.97945277092158,-0.04453785117597863,150
Northeast,2000,132.61619398114487,15.340861477584767,-0.027827825523719436,150
Northeast,2001,133.0114299464454,15.697336409214255,-0.01620534171233963,150
Northeast,2002,132.69896582878465,15.969500765574718,-0.0005927354018792639,150
Northeast,2003,133.68372770268866,14.833743454730467,0.04404773715372459,150
Northeast,2004,131.68245023819145,14.40566177879149,0.030451051637258225,150
Northeast,2005,132.0468188666618,14.918508112573388,0.03063741021184578,150
Northeast,2006,132.91495481666004,15.869757944546564,-0.045522821023975604,150
Northeast,2007,132.6268961944067,15.460934385887652,-0.06182286344444588,150
Northeast,2008,133.081199871009,15.142580682495,-0.04737007806854277,150
Northeast,2009,135.37266293024277,16.007857367794415,-0.02681518248107168,150
Northeast,2010,135.50613185898254,15.631867224258457,0.0008927070864820385,150
Northeast,2011,134.10698893110714,14.681185079351206,0.07133215105668833,150
Northeast,2012,135.6216578831511,15.607021291216224,0.022950058165179137,150
Northeast,2013,135.71814065936712,15.907612347170605,0.018170952061754675,150
Northeast,2014,134.39886824140382,15.839088167936836,-0.038556392280497925,150
Northeast,2015,134.565969579695,15.291534241809778,-0.06668431211231586,150
Northeast,2016,134.7558700518477,15.461293120972165,-0.04538980993780416,150
Northeast,2017,134.54871851045374,15.685087293742926,-0.02221890731273072,150
Northeast,2018,135.40197363449852,15.905912577812893,-0.037249581044461785,150
Northeast,2019,135.73853964386393,15.59905315835336,0.0549338052741086,150
Northeast,2020,136.15339039494688,16.108710633789762,0.05021672378304204,150
Northeast,2021,136.71016532759828,16.597732311264753,0.04817124921854694,150
Northeast,2022,136.33456462004946,16.500039303336635,0.046658177797055084,150
Northeast,2023,135.03184792223442,16.399598292393442,0.07497283012327721,150
Northeast,2024,134.74817939888175,17.36528332364538,-0.002286119915739295,150
Northeast,2025,133.80988239549532,17.35400790663693,0.031072117929662038,150
Northeast,2026,134.90251418231986,17.497730471022365,-0.003213346812408701,150
Northeast,2027,134.08107424240623,16.50237422289674,0.028129805304930283,150
Northeast,2028,134.4878989267996,16.698548873902688,0.00824091870989352,150
Northeast,2029,133.47545739043818,15.452601712114596,0.04572715681865449,150
Northeast,2030,134.57129533013983,16.07849569256902,-0.0006293496359414579,150
Northeast,2031,134.9712334693175,15.829011467004293,-0.027888279924230132,150
Northeast,2032,136.32265492659118,16.806030273777395,-0.06619577312175004,150
Northeast,2033,135.88675319558223,17.871202498633078,-0.05459984962213719,150
Northeast,2034,136.739887170156,18.19624014903052,-0.03221183393650414,150
Northeast,2035,137.03211292105183,18.493188384504407,-0.010665278244141391,150
Northeast,2036,135.97714236985252,18.956853487535472,-0.002014694438247526,150
Northeast,2037,136.45040116668952,18.579353357269667,0.01640841418498247,150
Northeast,2038,138.66185806632626,18.352210292010184,0.034697210028487795,150
Northeast,2039,140.79369677693495,17.891817774602224,-0.011397042033711485,150
Northeast,2040,141.32603287759372,18.833213894860748,-0.04042452620852577,150
Western_Ghats,1860,87.9105962518842,9.064840187867388,-0.18241084627078785,150
Western_Ghats,1861,86.88763965491827,9.487754656237266,-0.0802693600044706,150
Western_Ghats,1862,86.86388325691786,10.11094149147182,-0.10693947879887089,150
Western_Ghats,1863,86.78958197165977,10.262050172736801,-0.11309349257044349,150
Western_Ghats,1864,86.31093231988699,10.42652006619316,-0.11414243780448369,150
Western_Ghats,1865,86.47194135591542,10.189962958057283,-0.1131078797648021,150
Western_Ghats,1866,87.47404513888243,9.964067538064665,-0.21658609663754574,150
Western_Ghats,1867,87.09483573380825,9.776401701916207,-0.17344002332919536,150
Western_Ghats,1868,86.18803179174697,9.556520591571532,-0.15737539785373228,150
Western_Ghats,1869,86.09400757369836,9.672161454954274,-0.11219351621731172,150
Western_Ghats,1870,86.43964009748814,10.606877850706393,-0.11975325546213737,150
Western_Ghats,1871,86.11094669721567,10.708781375311244,-0.11987349895927835,150
Western_Ghats,1872,86.4614162164788,10.736448938974679,-0.13116198873580942,150
Western_Ghats,1873,87.23988182416777,10.52112892454001,-0.1208227966655829,150
Western_Ghats,1874,86.78466646152522,11.261312222518908,-0.14815081423835388,150
Western_Ghats,1875,86.85301800124077,10.54766107266122,-0.13585457492984715,150
Western_Ghats,1876,86.80940287193144,11.288984304956905,-0.20015444162798435,150
Western_Ghats,1877,85.89060016141102,11.38729847325246,-0.20166347689877648,150
Western_Ghats,1878,85.65058319683061,11.64613706590518,-0.19900121785981134,150
Western_Ghats,1879,84.73177929414747,11.184034315623453,-0.09258796046183954,150
Western_Ghats,1880,84.53577466308892,11.024436525484647,-0.08822019795753533,150
Western_Ghats,1881,84.58462118214126,10.787322252394695,-0.04472269306830858,150
Western_Ghats,1882,84.86958522406309,10.678746689590842,-0.03181167691775974,150
Western_Ghats,1883,83.52383141748041,10.377881032671327,-0.02425368780623098,150
Western_Ghats,1884,84.45580938758943,9.852612026227158,-0.06113236679192775,150
Western_Ghats,1885,84.27303302504077,9.919179783928076,-0.05771566413887017,150
Western_Ghats,1886,85.2690165743645,9.690074243694195,-0.1276729844438474,150
Western_Ghats,1887,85.67594225588185,9.35176421822101,-0.13209117402117584,150
Western_Ghats,1888,86.42496824339496,9.722892366532534,-0.1593628042554937,150
Western_Ghats,1889,86.26385993622156,10.393780484225282,-0.18432613453373803,150
Western_Ghats,1890,86.21297193616374,10.567830779050851,-0.20613664983304314,150
Western_Ghats,1891,86.50518152759301,10.472901175944745,-0.27604461611381637,150
Western_Ghats,1892,86.37573775188949,10.523191947364772,-0.26847532785828643,150
Western_Ghats,1893,86.1695906882351,9.665229152969573,-0.1571549536604932,150
Western_Ghats,1894,86.07443823420323,9.353479704637902,-0.1197257776847474,150
Western_Ghats,1895,86.94331294754623,9.260701333999645,-0.11960985239037397,150
Western_Ghats,1896,86.51932094828572,9.498108145829752,-0.09662731286615295,150
Western_Ghats,1897,86.9340108201524,9.37211489754384,-0.09004564131058695,150
Western_Ghats,1898,87.69474112148689,9.642847502549024,-0.14685748158991732,150
Western_Ghats,1899,87.61184860373741,9.037604152181892,-0.07922837035896285,150
Western_Ghats,1900,87.65113250300212,9.138615335199027,-0.06192612762175339,150
Western_Ghats,1901,87.10053579449433,9.899016614436793,-0.10153122143625987,150
Western_Ghats,1902,86.50204478137101,9.776266263089592,-0.059452229261328045,150
Western_Ghats,1903,85.70157768715364,9.940635206694221,-0.014749125697134548,150
Western_Ghats,1904,85.95738589517308,10.040332560556827,-0.04013067667724095,150
Western_Ghats,1905,85.82689203892593,10.237943729556356,-0.03005133320872167,150
Western_Ghats,1906,86.16490601399374,9.85859074783633,-0.01739357258462205,150
Western_Ghats,1907,86.51114672854544,10.106235800928083,-0.0539885269893321,150
Western_Ghats,1908,87.39626852694553,10.96621751084901,-0.1376729939242673,150
Western_Ghats,1909,87.27821530578302,10.880593173410894,-0.11847716854253484,150
Western_Ghats,1910,86.37015459558211,10.867996353459027,-0.11009901684224585,150
Western_Ghats,1911,86.20044097341516,10.428181555432587,-0.07080629159639965,150
Western_Ghats,1912,86.53878451052705,10.263375258699574,-0.07723828401965119,150
Western_Ghats,1913,86.46980477720238,10.035165894633408,-0.16032764451503256,150
Western_Ghats,1914,86.29996933287234,9.834345212391039,-0.16177248124044397,150
Western_Ghats,1915,86.64373727464078,9.46549903253236,-0.20152185029672068,150
Western_Ghats,1916,86.58217804962997,9.711175489867742,-0.22417013475187397,150
Western_Ghats,1917,85.84486758096097,9.698790737566217,-0.20712850934326066,150
Western_Ghats,1918,85.51774013160681,9.40197360723731,-0.141623457866341,150
Western_Ghats,1919,85.38136409927594,9.569987789656556,-0.13867162933445287,150
Western_Ghats,1920,85.72800760069762,9.526867719745704,-0.14045991193320984,150
Western_Ghats,1921,86.41942465932294,9.49537015468567,-0.14413327305235163,150
Western_Ghats,1922,86.25677752010941,10.110482358280318,-0.18694915472736046,150
Western_Ghats,1923,86.91405265044799,10.070667165161424,-0.1573892894703775,150
Western_Ghats,1924,87.1182428636676,10.101495292393187,-0.163909527049168,150
Western_Ghats,1925,87.05431816220917,10.062480963181613,-0.14971365236434048,150
Western_Ghats,1926,87.22358597773038,9.894044789484568,-0.15655023950442187,150
Western_Ghats,1927,87.01262726991493,9.783302384300141,-0.13968995191727002,150
Western_Ghats,1928,86.66866080598024,10.068088845496042,-0.20917547154013727,150
Western_Ghats,1929,86.38372634600552,9.87992751497664,-0.17495828634628907,150
Western_Ghats,1930,86.12438535863704,10.169310570977345,-0.188075369982393,150
Western_Ghats,1931,86.23725216090267,10.174235308721702,-0.19309538115263758,150
Western_Ghats,1932,86.57971778278011,10.601106617415883,-0.21444083944230216,150
Western_Ghats,1933,86.80941337271015,10.639159037117532,-0.17975225461282207,150
Western_Ghats,1934,86.5302821568682,11.00869625017954,-0.20987340805523858,150
Western_Ghats,1935,86.10339046740896,11.262862810552164,-0.1086551901937817,150
Western_Ghats,1936,85.96163740901707,11.379582079451229,-0.0931887005184183,150
Western_Ghats,1937,86.59810779261437,10.282803842741618,-0.05394561697581671,150
Western_Ghats,1938,87.14303746901832,10.850967367411766,-0.08094908950372715,150
Western_Ghats,1939,87.80694184236151,10.830179866009805,-0.08692868221213726,150
Western_Ghats,1940,87.95068364618598,9.882770878771723,-0.135137730460736,150
Western_Ghats,1941,87.86863277360533,9.584362695527759,-0.18127287621673488,150
Western_Ghats,1942,88.19005747127181,10.148868957428988,-0.22936396639664058,150
Western_Ghats,1943,87.61086212193547,9.226292772656482,-0.17453811464899383,150
Western_Ghats,1944,86.86533690431452,8.683431793702782,-0.08471582898245672,150
Western_Ghats,1945,87.21364583631532,10.51161310829269,-0.1745287763101539,150
Western_Ghats,1946,86.62350629975992,10.758928184313778,-0.1820083089077268,150
Western_Ghats,1947,86.50930842669122,10.617733382651592,-0.16837294473253117,150
Western_Ghats,1948,86.67377956742536,10.904132452167321,-0.16085334037103555,150
Western_Ghats,1949,86.22153687512997,10.577563112957431,-0.17342644599215085,150
Western_Ghats,1950,85.83546912510755,9.165308403958345,-0.11900947639014384,150
Western_Ghats,1951,86.78010320713823,10.25685317930364,-0.1506941109814322,150
Western_Ghats,1952,87.53629456572864,10.663760552964906,-0.16481988580402274,150
Western_Ghats,1953,87.3646650959526,10.498356961330913,-0.20387319309474516,150
Western_Ghats,1954,87.62221703972651,10.421417556841064,-0.17454034119040504,150
Western_Ghats,1955,88.15923251225243,10.697660560056438,-0.19763800757802655,150
Western_Ghats,1956,87.70822542816437,9.404019057308574,-0.10925354438754356,150
Western_Ghats,1957,86.48962544070469,8.6433600372517,0.009030057705064867,150
Western_Ghats,1958,86.54119762111338,9.074091285647294,-0.05221166589260612,150
Western_Ghats,1959,87.72340925083452,9.391090289601756,-0.0992378186633519,150
Western_Ghats,1960,87.1289241596997,9.305784071970528,-0.0849030720263003,150
Western_Ghats,1961,86.99276705200879,10.145179698704816,-0.12217880769405975,150
Western_Ghats,1962,86.99296500287744,10.000889856889337,-0.23060251515996885,150
Western_Ghats,1963,86.43719217193912,9.806164926718239,-0.21481225755766825,150
Western_Ghats,1964,85.58153540030565,10.137068093300318,-0.21795527669952897,150
Western_Ghats,1965,86.61876735943707,11.182127709402492,-0.2207571272536401,150
Western_Ghats,1966,85.89652618764165,10.695083465245881,-0.13200804735015498,150
Western_Ghats,1967,85.94526551554674,10.503843410338643,-0.12163655485302818,150
Western_Ghats,1968,86.09724887221975,11.080038728927217,-0.11631769362531279,150
Western_Ghats,1969,86.90154383538382,10.686829645593857,-0.09383243793050214,150
Western_Ghats,1970,86.13926781745023,9.573487085583693,-0.1037265262724096,150
Western_Ghats,1971,86.64325557437766,9.196097981513423,-0.10235990993237798,150
Western_Ghats,1972,86.74802978319649,9.71154564598512,-0.11206610906029896,150
Western_Ghats,1973,86.92472825905784,9.236057851737396,-0.12308153200890337,150
Western_Ghats,1974,86.73901844739929,9.404458792251543,-0.1262452266429382,150
Western_Ghats,1975,87.4288696183784,10.13412744068174,-0.1382577574024686,150
Western_Ghats,1976,88.23474333382654,11.48759747845881,-0.23165054873493032,150
Western_Ghats,1977,88.62557974449649,11.427699873297406,-0.2332517805265203,150
Western_Ghats,1978,88.85624009376843,10.847590300780269,-0.2170025123374227,150
Western_Ghats,1979,88.68700382203983,10.868126072303973,-0.23302633938454786,150
Western_Ghats,1980,87.95439280402914,10.494908813829696,-0.20407558713895063,150
Western_Ghats,1981,86.49766043850778,9.290457468340303,-0.18466181601989773,150
Western_Ghats,1982,86.39379460458761,9.423326833662134,-0.14378808830424922,150
Western_Ghats,1983,86.73088048276972,11.053837007666276,-0.20918011390354596,150
Western_Ghats,1984,86.87803317510316,11.317607934160469,-0.18857881044999106,150
Western_Ghats,1985,87.47865516748196,11.352128441649725,-0.19735808695128257,150
Western_Ghats,1986,88.60925742452068,11.859868999026146,-0.2374923849988313,150
Western_Ghats,1987,89.26034909261924,11.694697847157986,-0.25419788997794307,150
Western_Ghats,1988,89.13811349160167,10.798820045922287,-0.21521275251760347,150
Western_Ghats,1989,88.57276473810998,10.962994286403097,-0.23701002143463473,150
Western_Ghats,1990,88.1434875838368,10.75647706353051,-0.26064375612023694,150
Western_Ghats,1991,88.19895258387325,9.8818853390205,-0.22459830099505762,150
Western_Ghats,1992,87.32501446265127,9.60652544487587,-0.25792118901170913,150
Western_Ghats,1993,87.88486427642597,9.787453953517367,-0.25261042598728356,150
Western_Ghats,1994,88.47464740929857,9.524978700698497,-0.168720790360746,150
Western_Ghats,1995,88.6776462445554,9.415970919500621,-0.16240004730581872,150
Western_Ghats,1996,88.43989816413844,9.903122037460472,-0.1074981843687593,150
Western_Ghats,1997,88.89555681558019,9.820430009392332,-0.11338601168108461,150
Western_Ghats,1998,88.65401593848667,10.559832342274209,-0.143432780001212,150
Western_Ghats,1999,87.95247791172955,10.401136907887821,-0.12116911366837943,150
Western_Ghats,2000,88.2219555710005,10.731583618571467,-0.1265845176910843,150
Western_Ghats,2001,89.12392305769072,10.615008275115205,-0.20009695466291758,150
Western_Ghats,2002,89.37698053077047,11.090674076203786,-0.21012473128281603,150
Western_Ghats,2003,88.97596189211356,9.982224145264617,-0.12290775358987197,150
Western_Ghats,2004,89.61736724623685,10.550030014963111,-0.23627648587155742,150
Western_Ghats,2005,90.46589367367099,10.659975668207085,-0.26762671700504437,150
Western_Ghats,2006,89.27600815408451,10.449985931998548,-0.04953962577441902,150
Western_Ghats,2007,89.1805894316671,10.150121490847212,-0.04495439019328665,150
Western_Ghats,2008,89.318967598093,10.197031103309024,-0.02219332692426682,150
Western_Ghats,2009,89.64741321318752,9.389436012753855,-0.002082610375500538,150
Western_Ghats,2010,88.86703075132118,9.285659769371566,-0.002050685044230268,150
Western_Ghats,2011,89.29929338008913,9.606933487536008,-0.08271203147550857,150
Western_Ghats,2012,88.98941602975377,10.326855224843989,-0.0909328518546091,150
Western_Ghats,2013,89.24627675762504,10.566221963700869,-0.20431308505329,150
Western_Ghats,2014,89.25533821691091,10.649099227161683,-0.20527949837338927,150
Western_Ghats,2015,89.7473231499547,10.648432331844248,-0.2141132830658602,150
Western_Ghats,2016,88.15679962221185,10.35098091682342,-0.1728544534962395,150
Western_Ghats,2017,88.78049504590831,9.503563814110805,-0.2076982080400946,150
Western_Ghats,2018,88.87260677815999,9.671231060909719,-0.23096315865873057,150
Western_Ghats,2019,89.13370934943103,9.419962852289434,-0.1923551979712298,150
Western_Ghats,2020,89.6302266263186,9.539142512615914,-0.1919593558526384,150
Western_Ghats,2021,90.64522129043648,9.789384460687238,-0.20759397781360336,150
Western_Ghats,2022,90.68280741015968,10.028527385569944,-0.1892023239571628,150
Western_Ghats,2023,91.12280811399133,9.713090787622566,-0.147702700356746,150
Western_Ghats,2024,89.7897633418661,9.734310707477531,-0.14231639087991477,150
Western_Ghats,2025,89.41547201472576,9.519395638205141,-0.1343794028411276,150
Western_Ghats,2026,89.48784032517585,9.461562438742378,-0.134193923552408,150
Western_Ghats,2027,89.3486929778605,10.124242948485316,-0.15541065204808957,150
Western_Ghats,2028,88.87151429726794,10.569099702418573,-0.20724653275555366,150
Western_Ghats,2029,89.27207706140842,10.641721452116556,-0.20397066173678224,150
Western_Ghats,2030,88.33919044866929,11.03249815974213,-0.20928447869853467,150
Western_Ghats,2031,88.46350106602827,10.970332503974067,-0.20876278587698174,150
Western_Ghats,2032,88.49009967298872,10.527892693355009,-0.20137937053699195,150
Western_Ghats,2033,88.79582677954352,10.137711629953738,-0.12650448800626865,150
Western_Ghats,2034,89.21549654575193,10.332057515816084,-0.1438463509582615,150
Western_Ghats,2035,89.79325449270928,9.72927281023684,-0.10310075365629268,150
Western_Ghats,2036,90.41228998881374,9.77676334975449,-0.07469718385154565,150
Western_Ghats,2037,90.03965616126166,9.762439292497891,-0.09508999001673663,150
Western_Ghats,2038,90.48021702483663,9.59728624917652,-0.08020422648160541,150
Western_Ghats,2039,89.91979512671114,9.217320333609344,-0.012427982804531335,150
Western_Ghats,2040,89.97907427247513,8.976891789230784,0.004096532527334549,150
