region,year,location,scale,shape,shape_scipy,ks_stat,ks_p
Central_India,1860,114.27612940437282,6.9867458442525034,-0.2208414063266117,0.2208414063266117,0.07331958874817313,0.9932348404691845
Central_India,1861,115.01611915561432,8.901881332387934,-0.1916128751386453,0.1916128751386453,0.13283237796960967,0.6177080293069801
Central_India,1862,113.97534321010049,10.115803244955588,-0.17742255883703117,0.17742255883703117,0.08603172491375119,0.9655730046789237
Central_India,1863,113.61893357638805,6.241171159854803,0.0431494780489627,-0.0431494780489627,0.09600852816239647,0.9202328234130233
Central_India,1864,116.21946861386009,7.00526415514815,-0.04348004366911547,0.04348004366911547,0.15762833151273092,0.40335356417847334
Central_India,1865,113.5977895646096,7.749921161294428,-0.1123749222002644,0.1123749222002644,0.0740046950599701,0.9924503632978542
Central_India,1866,113.9834294852854,7.107861862880374,-0.3518788683735281,0.3518788683735281,0.08846681566123615,0.9565462353444644
Central_India,1867,114.0463403286082,9.536685834880611,-0.16507351429207157,0.16507351429207157,0.1196557250584207,0.7393301953967393
Central_India,1868,111.26212477472109,7.980024691014314,0.08693892077088253,-0.08693892077088253,0.12367829259935992,0.7026157356995341
Central_India,1869,114.43622228179174,7.564925091513344,-0.3287609753577385,0.3287609753577385,0.10320325317452889,0.8744150870967689
Central_India,1870,114.36062168635496,6.366838097540063,0.1710098729957555,-0.1710098729957555,0.10156406029096754,0.8857426825858816
Central_India,1871,117.53243042284853,7.606990908594641,-0.04888645617062576,0.04888645617062576,0.09509127233773729,0.9253145141074409
Central_India,1872,118.71253980738248,9.472063087914997,-0.3201628598069445,0.3201628598069445,0.14436232562846596,0.5132376512541368
Central_India,1873,116.03852180301118,8.03246883279228,-0.09685721727681725,0.09685721727681725,0.07255995665504095,0.994031372770982
Central_India,1874,114.29513683029438,7.515382267553349,-0.19523122951014,0.19523122951014,0.11253955405401944,0.801641865739568
Central_India,1875,117.46600905847762,8.557239777962586,-0.757689001127188,0.757689001127188,0.12017452537105855,0.7346392954987506
Central_India,1876,121.39764075916273,12.916944498077847,-0.4029905077337233,0.4029905077337233,0.1022231743165476,0.8812474388625241
Central_India,1877,113.77418609230537,11.700075495266052,-0.26955458811324784,0.26955458811324784,0.12766828046663437,0.6656770591350345
Central_India,1878,119.003275732524,9.086217999746552,-0.3240688250930648,0.3240688250930648,0.11159277654242467,0.8095661453666962
Central_India,1879,114.95533699789483,8.525524011774111,-0.3230810328425906,0.3230810328425906,0.09547217329096902,0.9232260882889167
Central_India,1880,112.89351174602366,8.751443764031379,-0.08255619071280804,0.08255619071280804,0.07325223097338329,0.9933085281525568
Central_India,1881,114.70643877885655,9.799941899994488,-0.16623262507506537,0.16623262507506537,0.08352298539309266,0.973516505341707
Central_India,1882,112.94969500008021,10.408574834565492,-0.18758185354750131,0.18758185354750131,0.12649288167539896,0.6765894977101901
Central_India,1883,115.02841250075934,6.830612230312109,-0.4236953187224619,0.4236953187224619,0.1062178238522089,0.8523496716623578
Central_India,1884,110.4496932533286,7.839914379364542,-0.04431124534799276,0.04431124534799276,0.10277782992355866,0.8774022654712368
Central_India,1885,111.11401230648143,10.462506660217024,-0.05240416066327101,0.05240416066327101,0.12478212729124122,0.6924316333702905
Central_India,1886,116.17491945498602,8.910336480462057,-0.4207787594247661,0.4207787594247661,0.13734537810605651,0.576157067612873
Central_India,1887,114.9058048371417,6.865807947724649,-0.1647071779409457,0.1647071779409457,0.138718044030871,0.5636572972495342
Central_India,1888,113.30888567394256,6.604808300007676,0.18627229333245282,-0.18627229333245282,0.10622021623098898,0.8523315632983876
Central_India,1889,115.43368533822638,9.201444655220211,-0.2148846455129258,0.2148846455129258,0.10506733141438274,0.8609510686783355
Central_India,1890,111.97957434576931,8.682059408310636,-0.04224492407947095,0.04224492407947095,0.07154653487050971,0.9949810872123068
Central_India,1891,116.61058971520646,7.504105678776956,-0.12103101452746773,0.12103101452746773,0.07118743377367853,0.9952883209132508
Central_India,1892,117.301830043726,8.078683869136391,-0.2261792979511587,0.2261792979511587,0.10182789245923751,0.8839530710608877
Central_India,1893,114.3933343195377,8.934542709473781,-0.1868358058400485,0.1868358058400485,0.11447019623069488,0.7851805013452318
Central_India,1894,115.61829522436463,6.767767197483176,-0.4387559738487107,0.4387559738487107,0.14508427541578417,0.5069221282059013
Central_India,1895,113.20076386195284,9.886202898849842,-0.09150236750837827,0.09150236750837827,0.1153607675232673,0.777462348448059
Central_India,1896,112.28749159809163,8.9580433846068,-0.09320478831792484,0.09320478831792484,0.12238264387722292,0.7145186324406685
Central_India,1897,113.80333767892249,7.8474132701588815,-0.2746432906353904,0.2746432906353904,0.09101673314455783,0.9456771521435183
Central_India,1898,113.09308555235631,7.291863405056686,0.03255053638361697,-0.03255053638361697,0.0738942464993147,0.9925812038519376
Central_India,1899,115.63819068740608,7.93619066644033,-0.23971497397828867,0.23971497397828867,0.0992071530495593,0.9011342884795599
Central_India,1900,118.00845321915817,10.540286743417177,-0.7816488911042354,0.7816488911042354,0.1128343980752633,0.7991534130657147
Central_India,1901,115.67325322914648,10.018661045011829,-0.3200738908659072,0.3200738908659072,0.08021869992817654,0.9819761018953391
Central_India,1902,114.75340725778459,9.573901735957453,0.003795599537022814,-0.003795599537022814,0.09078538226620753,0.9467232268327079
Central_India,1903,108.4159426077789,7.049719390746786,0.11200838967254376,-0.11200838967254376,0.09952143041772275,0.8991451107630015
Central_India,1904,112.06112675576475,8.332282035899494,-0.07753605392743737,0.07753605392743737,0.14154755049234297,0.5381652071757103
Central_India,1905,114.37082038896857,8.467554651884003,-0.060741535882051875,0.060741535882051875,0.07255641924158818,0.9940349079770151
Central_India,1906,116.54574864769242,11.73616229982061,-0.31577958479088936,0.31577958479088936,0.12494960289168103,0.6908835659041062
Central_India,1907,111.62668172464294,10.70335298019167,-0.2107002302313245,0.2107002302313245,0.09363856559442041,0.9329921379372105
Central_India,1908,115.15518345824154,7.885068335106201,-0.30306919896202555,0.30306919896202555,0.09733812111598728,0.9125508947443561
Central_India,1909,113.7832666426168,8.116313507871325,-0.16866154629236524,0.16866154629236524,0.08102187143449513,0.9801208021440289
Central_India,1910,113.56723281449112,9.22425712499867,-0.2770055629587438,0.2770055629587438,0.11511028262982415,0.7796406278774074
Central_India,1911,113.58355849532592,9.017147897190132,-0.1099567922365268,0.1099567922365268,0.07604284084675716,0.9897157436074089
Central_India,1912,113.08133881783596,9.573814279987396,-0.1417297630495502,0.1417297630495502,0.134130768269211,0.6056965126918799
Central_India,1913,112.43667184965352,10.637079804308204,-0.3512567076662211,0.3512567076662211,0.08553995460093614,0.9672372733293247
Central_India,1914,109.31695893238528,8.669063979149815,0.28426895289195026,-0.28426895289195026,0.11448761399424123,0.7850302682401737
Central_India,1915,116.442649158497,9.024157298054313,-0.09361182901116213,0.09361182901116213,0.08549748997436477,0.9673785085266103
Central_India,1916,117.3284680170047,7.900138090422606,-0.21736283703880444,0.21736283703880444,0.06488112984542127,0.9986948931975071
Central_India,1917,115.1601547207265,8.54321450475615,-0.18813623046394778,0.18813623046394778,0.11649493154097235,0.7675303853869332
Central_India,1918,114.78354792739711,11.483207340971141,-0.2988386286412521,0.2988386286412521,0.11494086428344377,0.7811106697278349
Central_India,1919,115.13936380746705,8.165016063654793,-0.36455321121237183,0.36455321121237183,0.11022276321641244,0.8208429457478339
Central_India,1920,113.47678891668507,10.069386458705893,-0.15629769252875814,0.15629769252875814,0.09365737306445399,0.9328956708842153
Central_India,1921,113.02410646168664,9.199705255400588,-0.18631387285013717,0.18631387285013717,0.16544767973211283,0.3455946202817397
Central_India,1922,113.13535764931068,8.612315391702811,-0.8050540350594444,0.8050540350594444,0.16058270444794426,0.3808742424532733
Central_India,1923,118.31894947319591,10.649616910161186,-0.5366022022341284,0.5366022022341284,0.09181935817509235,0.9419555600813887
Central_India,1924,117.392389370919,7.619072747788181,-0.1626828927782672,0.1626828927782672,0.08621950145943408,0.9649235588756265
Central_India,1925,117.49930347365705,7.899725459490174,-0.3671873773449942,0.3671873773449942,0.10070233792805872,0.8914956710235123
Central_India,1926,115.77124720692683,6.647363491567283,-0.1804259067866463,0.1804259067866463,0.08542742283847016,0.967610690264117
Central_India,1927,119.39898413777712,11.607810027541852,-0.3888542357330085,0.3888542357330085,0.10435900494604322,0.8661377602162276
Central_India,1928,114.83069464954292,9.774861956199292,-0.23374264495637415,0.23374264495637415,0.07862113097548777,0.9853025243250636
Central_India,1929,113.56457477788973,7.465918551726913,-0.1172382480356207,0.1172382480356207,0.12154829107557569,0.7221484761404136
Central_India,1930,113.05908299973206,7.629863167469942,0.16335664560851132,-0.16335664560851132,0.0901043437289693,0.9497332326779688
Central_India,1931,112.68404627803739,12.510438619740517,-0.7730328887291644,0.7730328887291644,0.1786493580825762,0.26108580337480203
Central_India,1932,114.642537974057,9.245698177377083,-0.4215094387181926,0.4215094387181926,0.11460775740198725,0.7839932014513264
Central_India,1933,115.30943390282147,5.386437011303312,-0.256042095224275,0.256042095224275,0.07811879547835388,0.9862520340959904
Central_India,1934,114.43150017636316,7.392256248991779,-0.035399816002372464,0.035399816002372464,0.09389183986278726,0.9316865616269876
Central_India,1935,114.60178969158736,5.085276936933688,-0.11507146479401797,0.11507146479401797,0.15497663167578574,0.42418574316669433
Central_India,1936,113.14888590019058,10.61461483075708,-0.28407393199827635,0.28407393199827635,0.1028838919273457,0.8766605905903381
Central_India,1937,112.64949267497323,13.207841713387932,-0.6126739855193464,0.6126739855193464,0.07673413934078294,0.9886421451557875
Central_India,1938,115.08513572437037,9.58973502890376,-0.1542059370602732,0.1542059370602732,0.18707921190125254,0.21562904862882548
Central_India,1939,115.25889698804899,10.628853869692849,-0.5997640619834006,0.5997640619834006,0.07045041484410397,0.9958736087610915
Central_India,1940,116.8231756061531,8.87812022438099,-0.22518861128354462,0.22518861128354462,0.1323226756174426,0.6224323296309244
Central_India,1941,115.65090821524619,7.8226161258880875,-0.1654889309254013,0.1654889309254013,0.07785071735511043,0.9867404887633592
Central_India,1942,114.67932283917595,9.68369076021558,-0.29898695884768356,0.29898695884768356,0.07810275692769553,0.9862816120396315
Central_India,1943,116.50738974232576,8.2118223217742,0.010555068103137635,-0.010555068103137635,0.10826118046324767,0.8365628626469026
Central_India,1944,115.9628737185001,7.362911446357081,-0.2799465466065302,0.2799465466065302,0.07911092589365698,0.9843329561380472
Central_India,1945,114.08609098930549,7.746482091387383,-0.04071739535344633,0.04071739535344633,0.12632815318282395,0.6781173589951066
Central_India,1946,115.72917447703789,9.241253425474177,-0.17830507937665205,0.17830507937665205,0.12520300369310428,0.6885399486664057
Central_India,1947,114.90137147642304,7.889272779613092,-0.16427694384872404,0.16427694384872404,0.09166349800861773,0.9426894616587025
Central_India,1948,114.99891225674926,9.862356685353319,-0.1541696711751549,0.1541696711751549,0.0886676119288699,0.9557430580957323
Central_India,1949,115.99606903756207,10.227214965511124,-0.06774692953665759,0.06774692953665759,0.1051602986860749,0.8602640647754768
Central_India,1950,117.24991990886124,9.875760932509575,-0.26987676824375384,0.26987676824375384,0.09749472828321715,0.9116217770475865
Central_India,1951,112.43671011458187,8.314068162994843,0.028201779588391825,-0.028201779588391825,0.10398337382300715,0.8688535752504425
Central_India,1952,116.8645420466117,10.063314868170648,-0.2266779141648925,0.2266779141648925,0.10833486754628557,0.8359819821391508
Central_India,1953,115.35578321221476,8.012642952802224,-0.11197633992499911,0.11197633992499911,0.07599227629346705,0.9897912563962934
Central_India,1954,112.16210608482268,9.240544814597659,-0.3418476762366086,0.3418476762366086,0.08620949142013945,0.9649583749584772
Central_India,1955,113.57502212315899,10.869029292680107,-0.4178342401689784,0.4178342401689784,0.12624287537121126,0.6789081407055877
Central_India,1956,117.77914747769856,9.251068453720269,-0.41800826661881274,0.41800826661881274,0.11303538311361694,0.7974516716268866
Central_India,1957,114.26319375527409,7.6851886729720515,-0.178325559929133,0.178325559929133,0.10457506539968753,0.8645646674123602
Central_India,1958,116.10387554443096,6.834734614767829,-0.030792686382423714,0.030792686382423714,0.10392015312761552,0.8693082592964576
Central_India,1959,116.33875755905657,9.094637311377634,-0.38118654883107383,0.38118654883107383,0.07168008534224579,0.9948630089748223
Central_India,1960,115.1831813863011,8.271279304265938,-0.1830547654059193,0.1830547654059193,0.09577851596274017,0.9215239602835815
Central_India,1961,114.91231368200037,8.698079727875921,-0.26523454527902207,0.26523454527902207,0.126677482702916,0.6748768239029099
Central_India,1962,111.36947887234226,8.001240734328292,0.25754705245956266,-0.25754705245956266,0.1304348543690781,0.639960424448594
Central_India,1963,112.23615952649592,8.767312509727255,-0.12819595240327888,0.12819595240327888,0.11099638090828057,0.8145036727126056
Central_India,1964,115.54977338141852,9.01683620538067,-0.1320746437055122,0.1320746437055122,0.11035353729531694,0.8197766651285752
Central_India,1965,115.20683261592688,7.723965962515691,-0.22196916424297583,0.22196916424297583,0.09145776693870222,0.943649923081307
Central_India,1966,113.48056873656506,7.688938397825991,-0.331504313605707,0.331504313605707,0.093489463768754,0.9337541713509776
Central_India,1967,111.29109478008417,9.019208391323165,-0.1770815634637039,0.1770815634637039,0.0681778774786489,0.9973316046698486
Central_India,1968,114.76378145097954,8.159688146471435,-0.1541602584987064,0.1541602584987064,0.10683222646126411,0.8476696213295909
Central_India,1969,112.4970299026962,9.544056493101426,-0.2607447980158807,0.2607447980158807,0.09446036814077963,0.928705049167153
Central_India,1970,114.22524646015714,7.869136089004293,-0.050902913073435634,0.050902913073435634,0.09473971774606826,0.9272143914383825
Central_India,1971,116.63481212609122,8.038179474700271,-0.5467559257505521,0.5467559257505521,0.11459671194746884,0.7840886026509718
Central_India,1972,115.13675321648695,9.965198550146415,-0.48413833967860426,0.48413833967860426,0.09785214940257242,0.9094822916448606
Central_India,1973,112.8161048095225,7.49536681854714,0.024459502000354502,-0.024459502000354502,0.13527377175306965,0.5951563748637652
Central_India,1974,113.13225229024219,7.145388882652409,-0.02937552387137713,0.02937552387137713,0.10446395362468058,0.8653746447364564
Central_India,1975,115.74189254359094,12.648243734461806,-0.21601549932597097,0.21601549932597097,0.14620260487006367,0.4972066032529209
Central_India,1976,113.06889932141273,10.461021786956975,-0.06677783216202214,0.06677783216202214,0.10593543586318754,0.8544807200873061
Central_India,1977,112.82566469286186,9.721864734224702,-0.03764385697521759,0.03764385697521759,0.1371857157879603,0.5776159332401904
Central_India,1978,114.40697033018718,7.360472011852283,0.03943545789649128,-0.03943545789649128,0.06942853570542096,0.996590454330295
Central_India,1979,116.04677748420082,7.174715774011444,-0.27252065259451463,0.27252065259451463,0.08904114344694353,0.954224982689075
Central_India,1980,110.13109180109566,10.31859222941516,-0.1082698984239259,0.1082698984239259,0.08456411264929531,0.9703841757321723
Central_India,1981,113.30962720590983,9.513235228457162,-0.06286155750730552,0.06286155750730552,0.09819840961033399,0.9073845679868915
Central_India,1982,112.88285646293423,9.374619369135463,-0.1618578056828313,0.1618578056828313,0.14190569338807368,0.5349680353017776
Central_India,1983,111.1316412698086,8.230533131745947,-0.017119312606236628,0.017119312606236628,0.09130132122749496,0.9443739906442131
Central_India,1984,110.17925742095511,11.495492911761763,-0.11786801474756793,0.11786801474756793,0.08123840531920601,0.9795990221589046
Central_India,1985,113.4202001551513,10.56582262490592,-0.27946386644647997,0.27946386644647997,0.11008954011519012,0.821926926977099
Central_India,1986,115.66966615654053,7.788917074090871,-0.19168989144614557,0.19168989144614557,0.06558739437864503,0.9984643564701817
Central_India,1987,112.38883308590044,7.681488302887711,-0.007353797670084724,0.007353797670084724,0.09876873027225935,0.903876103790121
Central_India,1988,115.59447471459364,11.844884167707665,-0.3646372575658668,0.3646372575658668,0.1043801874448752,0.8659838872353403
Central_India,1989,116.84525285301783,9.292121990977742,-0.24724016314413394,0.24724016314413394,0.10680273742200852,0.8478955885484114
Central_India,1990,113.09964991836713,7.7415481023164645,-0.15294769911703898,0.15294769911703898,0.08487445781749892,0.9694056821855997
Central_India,1991,116.12343424921181,9.701007249977078,-0.2808209426828058,0.2808209426828058,0.13306070861008734,0.6155931896023052
Central_India,1992,111.87761036221086,11.116095927710546,-0.33197644000065246,0.33197644000065246,0.12562819016617555,0.684604281233405
Central_India,1993,114.63449882017235,9.177368067300847,-0.33114668719570883,0.33114668719570883,0.07141441650817504,0.9950958499730198
Central_India,1994,114.132634688042,9.091096899631658,-0.27325710718938373,0.27325710718938373,0.1431634724759917,0.5237973015908928
Central_India,1995,110.54659877014642,8.504169244132017,-0.07279578897419112,0.07279578897419112,0.09820475691286362,0.907345885471216
Central_India,1996,112.38023904816691,6.9929371501817315,-0.0005454223055113322,0.0005454223055113322,0.16230272490880904,0.3681510014432363
Central_India,1997,115.4906469680597,10.710378163178923,-0.2398558616297343,0.2398558616297343,0.09429895208600003,0.9295586937348541
Central_India,1998,116.38403818274128,8.993517056141318,-0.338388366822327,0.338388366822327,0.0925336057455397,0.938523455096127
Central_India,1999,113.47688820449198,11.33029582415043,-0.3016560006166796,0.3016560006166796,0.07833137190842054,0.9858557099077394
Central_India,2000,118.02785053872412,6.7375809516106475,-0.15011407519700715,0.15011407519700715,0.11050632681885558,0.8185281083759671
Central_India,2001,113.25240122037182,7.9604142339989235,-0.19391227863728855,0.19391227863728855,0.07407865873256059,0.9923617879639535
Central_India,2002,113.38332337634287,8.415527342188607,-0.1561129710595775,0.1561129710595775,0.08687499445449154,0.9625956645357296
Central_India,2003,116.42338280177626,8.63251729468249,-0.10680355282484383,0.10680355282484383,0.10518482418393649,0.8600825885031314
Central_India,2004,115.27301243897656,7.982997912550539,-0.3480870585464241,0.3480870585464241,0.08115917653641386,0.9797910137487552
Central_India,2005,112.61586930520879,9.493397602218185,-0.2244541725628525,0.2244541725628525,0.07867307150066272,0.9852017701707941
Central_India,2006,113.8450429578428,10.15691527710704,-0.2691007109452702,0.2691007109452702,0.15723341935735877,0.40641727351804946
Central_India,2007,119.30217434520833,9.584920010604938,-0.171383623002298,0.171383623002298,0.07214471692292579,0.9944356533207829
Central_India,2008,114.33848383834999,7.360914748588513,0.04668255209764176,-0.04668255209764176,0.0885924334737414,0.9560448234577057
Central_India,2009,116.71528681647413,7.346305064370034,0.14035312276420142,-0.14035312276420142,0.08760762819704718,0.9598813932179163
Central_India,2010,114.80001776869554,11.521042788335052,-0.44042583351923814,0.44042583351923814,0.08553120806276099,0.9672663959798828
Central_India,2011,113.35434471289494,7.935893339783197,-0.3421939140900468,0.3421939140900468,0.12136217034527239,0.7238462389218947
Central_India,2012,112.73999123590815,8.311156905504493,-0.11177604931205831,0.11177604931205831,0.10674779694420555,0.8483162258322093
Central_India,2013,117.50492108668661,8.425646956413924,-0.02500609917641959,0.02500609917641959,0.11326131754410507,0.7955334978104315
Central_India,2014,113.6565485334976,11.686737365099747,-0.18796884048642598,0.18796884048642598,0.09758464947017031,0.9110859996851367
Indo_Gangetic_Plain,1860,90.95547942234003,12.045760613185294,-0.4589586718819318,0.4589586718819318,0.10429436532118008,0.8666068370357759
Indo_Gangetic_Plain,1861,93.20169404133526,11.116822363122733,-0.3342147029495922,0.3342147029495922,0.07872375740521287,0.9851029801430873
Indo_Gangetic_Plain,1862,91.00525635890548,6.074557247206174,-0.03371821350269797,0.03371821350269797,0.1221065698686431,0.7170465415865749
Indo_Gangetic_Plain,1863,93.66545523804655,7.107186156713054,0.10757104703646078,-0.10757104703646078,0.08523004697471814,0.9682589995712393
Indo_Gangetic_Plain,1864,93.10843704125136,8.451844862064767,-0.07685894856717701,0.07685894856717701,0.08865232216918006,0.9558045332593965
Indo_Gangetic_Plain,1865,92.64495169659898,7.68133176495782,-0.2454279571661696,0.2454279571661696,0.10770704654533114,0.8409059469385499
Indo_Gangetic_Plain,1866,91.75929249532247,6.365401248772951,-0.011992796474987431,0.011992796474987431,0.14316706195190088,0.5237655544504172
Indo_Gangetic_Plain,1867,90.75274308189228,7.024237619368202,-0.14428022526361264,0.14428022526361264,0.07995704218178837,0.9825536596857205
Indo_Gangetic_Plain,1868,93.96088417148243,9.924143834897535,-0.37401349056085603,0.37401349056085603,0.10371502823250747,0.8707787157601867
Indo_Gangetic_Plain,1869,93.06067102983742,10.204007411718415,-0.3426675114219464,0.3426675114219464,0.15063432184250125,0.45957646218413295
Indo_Gangetic_Plain,1870,93.00130722057295,8.489767123989246,-0.3043623932002929,0.3043623932002929,0.10360668407574569,0.871552412388212
Indo_Gangetic_Plain,1871,94.3250806198701,9.629983835013364,-0.016978599002042523,0.016978599002042523,0.16875374167301038,0.3228830719213176
Indo_Gangetic_Plain,1872,94.7823941605337,9.393514130918561,-0.14903185624418225,0.14903185624418225,0.10160785541091644,0.8854465215680009
Indo_Gangetic_Plain,1873,93.28945964795372,9.181201694691872,-0.1611436720798911,0.1611436720798911,0.09546159104591856,0.9232845285800735
Indo_Gangetic_Plain,1874,92.2343472448516,7.1864492944603935,0.054320562551269824,-0.054320562551269824,0.06787690586103298,0.9974894498835127
Indo_Gangetic_Plain,1875,90.41824381521488,7.531880267285546,-0.19787250527126227,0.19787250527126227,0.16549444287027393,0.34526619201525155
Indo_Gangetic_Plain,1876,92.88060505859939,9.190695262459975,-0.08223748261089345,0.08223748261089345,0.10223284172264524,0.8811809035381275
Indo_Gangetic_Plain,1877,89.32474287874508,11.491256201877247,-0.06643099069240546,0.06643099069240546,0.09356174589669668,0.9333853574591674
Indo_Gangetic_Plain,1878,92.63115949519778,10.711043993156562,-0.12680690424652086,0.12680690424652086,0.1123487552608946,0.8032470406424805
Indo_Gangetic_Plain,1879,97.20969137932826,9.056700747750646,-0.25931637438602295,0.25931637438602295,0.07259646917722867,0.9939947904486094
Indo_Gangetic_Plain,1880,92.4183635251373,9.287554673227735,-0.03305576520076933,0.03305576520076933,0.05720501364916408,0.999852984348565
Indo_Gangetic_Plain,1881,94.89777408591219,8.52338726901677,-0.15536809265967644,0.15536809265967644,0.11964472321601183,0.7394295036510771
Indo_Gangetic_Plain,1882,92.3410514842848,9.784547037034628,-0.43117569053137145,0.43117569053137145,0.09064125424804959,0.9473688765640502
Indo_Gangetic_Plain,1883,90.32782538063488,8.692174164484449,0.05040410887944636,-0.05040410887944636,0.11614795892752783,0.7705804994088127
Indo_Gangetic_Plain,1884,91.94291558350363,10.233059460146503,-0.28843635844633647,0.28843635844633647,0.12100527860577015,0.7270971233820018
Indo_Gangetic_Plain,1885,92.59487612184786,9.928066645271494,-0.4405880487242976,0.4405880487242976,0.07921516534645556,0.9841209480623152
Indo_Gangetic_Plain,1886,89.7689280285633,9.310889440736208,-0.20341530959277515,0.20341530959277515,0.07660535302010563,0.9888480391644053
Indo_Gangetic_Plain,1887,94.35201955275812,7.045832022013357,-0.055808038401740964,0.055808038401740964,0.10115933300608382,0.8884624037188078
Indo_Gangetic_Plain,1888,93.82833366603424,10.748503796896388,-0.3966721829756472,0.3966721829756472,0.09899423042099631,0.9024707025106801
Indo_Gangetic_Plain,1889,92.62959215496124,6.644591549048463,-0.08311829096760828,0.08311829096760828,0.08378016575870006,0.9727641381492164
Indo_Gangetic_Plain,1890,88.04457065606039,11.311150139169744,-0.17994625885321483,0.17994625885321483,0.09803608303056499,0.908371038979237
Indo_Gangetic_Plain,1891,91.8767201881189,8.05698257668735,-0.3404373407992051,0.3404373407992051,0.05042964381054327,0.9999910374636466
Indo_Gangetic_Plain,1892,94.49886014141127,8.07881339246596,-0.16449612686470394,0.16449612686470394,0.1122448362996693,0.8041195784152013
Indo_Gangetic_Plain,1893,92.90836712276008,8.905274586338386,-0.12406011717270053,0.12406011717270053,0.06521085530116183,0.998590949895939
Indo_Gangetic_Plain,1894,92.24800172960832,11.872764085715495,-0.5893753201540233,0.5893753201540233,0.15101188558633405,0.45643881569205513
Indo_Gangetic_Plain,1895,91.37806464542821,10.480062930045982,-0.16013929226858054,0.16013929226858054,0.10045935618875973,0.8930919885182361
Indo_Gangetic_Plain,1896,90.26278870815055,7.78625564988721,-0.09218996950779185,0.09218996950779185,0.07727526072411894,0.9877469468576251
Indo_Gangetic_Plain,1897,91.65778493146138,8.953673734030355,-0.1419657916018553,0.1419657916018553,0.10614121138203703,0.8529290856533035
Indo_Gangetic_Plain,1898,93.86303723269901,6.446822529131731,-0.25237468007654446,0.25237468007654446,0.0930995602252308,0.9357238728005316
Indo_Gangetic_Plain,1899,90.32375480785076,7.945437424169044,-0.10308262279271496,0.10308262279271496,0.09929200823785689,0.9005991564406169
Indo_Gangetic_Plain,1900,90.98248178842022,8.251997246777794,-0.07451875605616542,0.07451875605616542,0.10076895222142468,0.8910560323864001
Indo_Gangetic_Plain,1901,90.18751667033241,9.252218202318234,-0.1824645956644578,0.1824645956644578,0.05790827299349932,0.9998137367968453
Indo_Gangetic_Plain,1902,94.89960374501081,11.288912031550392,-0.3894528866548428,0.3894528866548428,0.09085668313311124,0.9464021063150624
Indo_Gangetic_Plain,1903,87.39442666686793,8.04480996095593,0.05551335784303479,-0.05551335784303479,0.11978343328417557,0.7381769157407404
Indo_Gangetic_Plain,1904,90.63463906369638,7.911254860128478,-0.29960104390414855,0.29960104390414855,0.07557209955519872,0.9904031856830712
Indo_Gangetic_Plain,1905,92.55806899606004,9.764033120952682,-0.4734236296021145,0.4734236296021145,0.08784287101238386,0.9589845849426717
Indo_Gangetic_Plain,1906,91.70284710519483,10.804237198522149,-0.22506283653051723,0.22506283653051723,0.10369242761089581,0.8709402795142109
Indo_Gangetic_Plain,1907,89.80072610446784,11.91839638171544,-0.4618772912540753,0.4618772912540753,0.10363839795376728,0.8713261542278472
Indo_Gangetic_Plain,1908,92.61485137903517,8.020900015247307,-0.00014549904589097233,0.00014549904589097233,0.09307848925931847,0.9358293677654979
Indo_Gangetic_Plain,1909,93.01299674887679,10.47014671492417,-0.29835337411215734,0.29835337411215734,0.08461735181208996,0.9702177882379746
Indo_Gangetic_Plain,1910,96.29675061346398,8.97678252492183,-0.5288267706456291,0.5288267706456291,0.13667197307309709,0.5823166140444804
Indo_Gangetic_Plain,1911,94.87205230462186,8.257025334556381,-0.44882363888771304,0.44882363888771304,0.07876184962566912,0.9850284301103065
Indo_Gangetic_Plain,1912,94.3186868983314,7.3796965321378165,-0.1751607981977789,0.1751607981977789,0.14028415575264064,0.5494984060005748
Indo_Gangetic_Plain,1913,87.55815328199921,10.002559446390245,-0.1172387566256411,0.1172387566256411,0.11767770202625782,0.757061057519089
Indo_Gangetic_Plain,1914,92.79739572905007,9.721239633248711,-0.47968364616849873,0.47968364616849873,0.11517965385957674,0.7790379307384333
Indo_Gangetic_Plain,1915,92.11715399804424,10.421559983778593,-0.2867245353300351,0.2867245353300351,0.09710224926737676,0.9139406683734833
Indo_Gangetic_Plain,1916,93.05061634662039,11.139621872108094,-0.17981691314467485,0.17981691314467485,0.11439663195414523,0.7858146897148107
Indo_Gangetic_Plain,1917,93.41313799155947,9.935145522232855,-0.2443973503204639,0.2443973503204639,0.09983282012248917,0.8971547816445542
Indo_Gangetic_Plain,1918,92.7153842859174,6.308065328376354,0.0243315110898858,-0.0243315110898858,0.07512922503970976,0.991018622387016
Indo_Gangetic_Plain,1919,94.45215375594013,9.99594619157305,-0.47429294566225444,0.47429294566225444,0.125663096475082,0.684281006591996
Indo_Gangetic_Plain,1920,90.26378164667278,8.566214167013914,-0.014962070964577811,0.014962070964577811,0.1117870913257335,0.8079482374827314
Indo_Gangetic_Plain,1921,94.4696400624533,10.495892429126908,-0.3026206607846761,0.3026206607846761,0.07631778023655339,0.9892980123744392
Indo_Gangetic_Plain,1922,90.43652549462274,9.28507931216873,-0.17653671247057928,0.17653671247057928,0.09975235986143616,0.8976709112182243
Indo_Gangetic_Plain,1923,96.61656764541574,10.235163220987733,-0.5575463977730439,0.5575463977730439,0.11516778872147493,0.779141046293377
Indo_Gangetic_Plain,1924,92.54617610074524,7.298500576791785,0.024757586900457616,-0.024757586900457616,0.11634068139155651,0.768887575885933
Indo_Gangetic_Plain,1925,95.60762286753499,7.738927492341261,-0.2575869182151298,0.2575869182151298,0.07430430548289979,0.9920867833196211
Indo_Gangetic_Plain,1926,90.7457761030644,9.944295454845484,-0.2705954231591425,0.2705954231591425,0.1375623296575481,0.5741763279288636
Indo_Gangetic_Plain,1927,95.72146091374104,11.065121385166677,-0.13083133585720866,0.13083133585720866,0.09868501406852925,0.9043952393471976
Indo_Gangetic_Plain,1928,95.58024852774768,6.862217979082397,-0.009812680003068085,0.009812680003068085,0.10907034328227694,0.8301420814043082
Indo_Gangetic_Plain,1929,92.30640808792296,10.032555461942781,-0.5722210964515348,0.5722210964515348,0.10724399093103176,0.8445004569925324
Indo_Gangetic_Plain,1930,93.66009953353048,8.515970515023632,-0.18787011031206752,0.18787011031206752,0.09216414023113445,0.9403129214814161
Indo_Gangetic_Plain,1931,91.0710753386721,9.921475371405284,-0.3425753593487352,0.3425753593487352,0.11241311604882881,0.8027060348712973
Indo_Gangetic_Plain,1932,93.01840540052356,11.017185023710832,-0.4300255906253372,0.4300255906253372,0.09120203427771256,0.9448306869099965
Indo_Gangetic_Plain,1933,92.34762599016271,7.894743565980921,-0.013247920923060767,0.013247920923060767,0.13082304464871852,0.6363532222367743
Indo_Gangetic_Plain,1934,95.84987769377037,8.980419407085678,-0.289438767324065,0.289438767324065,0.12549507725678954,0.6858368371898586
Indo_Gangetic_Plain,1935,91.57772687491206,9.673409760623231,-0.15570592054378896,0.15570592054378896,0.15321557888459691,0.43835243594307316
Indo_Gangetic_Plain,1936,92.79358604077937,12.575633188983792,-0.2667247098474447,0.2667247098474447,0.1273450596837571,0.6686794353506179
Indo_Gangetic_Plain,1937,90.44752022389305,13.007445232283157,-0.323997318553063,0.323997318553063,0.15407622522041378,0.43139656980276053
Indo_Gangetic_Plain,1938,93.92630038857638,7.307854518604573,-0.16816509575971644,0.16816509575971644,0.12860922990601997,0.6569321506716859
Indo_Gangetic_Plain,1939,93.4379114100123,11.06286234139645,-0.34474357057418337,0.34474357057418337,0.09087723172377249,0.9463093502352022
Indo_Gangetic_Plain,1940,95.37483975335968,8.116088289929056,-0.11854396383716137,0.11854396383716137,0.07416701540635873,0.992254965097559
Indo_Gangetic_Plain,1941,93.00171881451124,8.111236877402815,-0.07857552743500061,0.07857552743500061,0.10548898193490114,0.8578237236377426
Indo_Gangetic_Plain,1942,92.77923452456764,7.396501844653725,-0.3663948296662285,0.3663948296662285,0.07906818595133064,0.9844193051628565
Indo_Gangetic_Plain,1943,92.90325834578778,8.586695328950041,-0.1428135234036296,0.1428135234036296,0.07536986158975756,0.9906879407631256
Indo_Gangetic_Plain,1944,93.69052235176999,8.228613335726987,-0.0321513457643386,0.0321513457643386,0.09618000842775265,0.9192629486304695
Indo_Gangetic_Plain,1945,93.06005965297624,9.109513619410388,-0.2856694733318142,0.2856694733318142,0.1138040233867661,0.7909040326052273
Indo_Gangetic_Plain,1946,94.25648431465726,13.913777936079896,-0.3415161699656876,0.3415161699656876,0.11506543581362849,0.7800300216702851
Indo_Gangetic_Plain,1947,94.30348917353399,9.987557793933785,-0.01885706332743517,0.01885706332743517,0.08600278685434526,0.9656724025175744
Indo_Gangetic_Plain,1948,93.07656178578145,9.870112070176619,-0.20140370079930853,0.20140370079930853,0.10809612641944195,0.8378611607567811
Indo_Gangetic_Plain,1949,93.64573295073839,10.288858465813924,-0.2843323850032829,0.2843323850032829,0.08837605046270036,0.9569063384335621
Indo_Gangetic_Plain,1950,95.26155493164944,8.7492828363816,-0.25504855884044914,0.25504855884044914,0.08390383462232304,0.9723973776837205
Indo_Gangetic_Plain,1951,94.55131008359646,7.91398145984919,-0.24109136986482094,0.24109136986482094,0.08078541721952082,0.9806800445386952
Indo_Gangetic_Plain,1952,95.58887155415194,10.145147643787295,-0.1895867915780352,0.1895867915780352,0.15912110245676175,0.39189751128309014
Indo_Gangetic_Plain,1953,92.20574375857576,11.806256105642621,-0.04044783174998723,0.04044783174998723,0.1088849478044992,0.8316213122163497
Indo_Gangetic_Plain,1954,89.52430043092028,10.048208057781018,-0.12003465145316879,0.12003465145316879,0.09680939680604744,0.9156500488175034
Indo_Gangetic_Plain,1955,93.44345456077923,9.531428671137594,-0.2681508109288009,0.2681508109288009,0.06648658970676985,0.9981257482079885
Indo_Gangetic_Plain,1956,94.88346979557011,11.388424490975453,-0.34334580525362934,0.34334580525362934,0.07429832878902032,0.9920941608004055
Indo_Gangetic_Plain,1957,94.42121927528413,8.637962407642583,-0.21221188910313094,0.21221188910313094,0.1015685102988827,0.8857126062953429
Indo_Gangetic_Plain,1958,94.19762486725568,4.940332168596073,-0.4274561363828071,0.4274561363828071,0.08968089093019993,0.9515525068268954
Indo_Gangetic_Plain,1959,94.3572075261936,6.950489215025083,-0.21091225852481782,0.21091225852481782,0.1040114132016361,0.8686516931706905
Indo_Gangetic_Plain,1960,93.45710376253342,6.023014540815936,0.013370835740561682,-0.013370835740561682,0.1057304153711357,0.856019903238451
Indo_Gangetic_Plain,1961,92.30162451270466,9.778796024057513,-0.21463260125377367,0.21463260125377367,0.09821321666953495,0.907294316181234
Indo_Gangetic_Plain,1962,91.09818870474619,6.1304888468578085,-0.03920522756015231,0.03920522756015231,0.1043654615278731,0.8660908667394105
Indo_Gangetic_Plain,1963,90.42721437718231,9.55161851981105,-0.19951263050158768,0.19951263050158768,0.09096382768703604,0.9459174221513033
Indo_Gangetic_Plain,1964,91.65506824019488,8.017709391945331,-0.013395012712677214,0.013395012712677214,0.0955224398431681,0.9229481653668407
Indo_Gangetic_Plain,1965,96.66277822394242,8.371873057127104,-0.06533048150373219,0.06533048150373219,0.09499382025810821,0.9258438307753843
Indo_Gangetic_Plain,1966,95.4634587424402,9.398958569579499,-0.3695790075152109,0.3695790075152109,0.09421554073689653,0.9299975977046384
Indo_Gangetic_Plain,1967,90.10374708536142,11.43494635239362,-0.25055601579622605,0.25055601579622605,0.07123493900520422,0.9952485254409084
Indo_Gangetic_Plain,1968,96.61393322936769,7.481365722836312,-0.2898894687065935,0.2898894687065935,0.11710346208946565,0.762157459030106
Indo_Gangetic_Plain,1969,92.15938575252852,11.239102051899515,-0.3115018502270513,0.3115018502270513,0.07509058177295608,0.9910709093709361
Indo_Gangetic_Plain,1970,95.2021941897554,9.419060112467204,-0.38825155936951006,0.38825155936951006,0.09683358217148963,0.9155095574594153
Indo_Gangetic_Plain,1971,93.5996245120536,7.976384972165421,-0.498217823129979,0.498217823129979,0.11013510336644833,0.8215564562942991
Indo_Gangetic_Plain,1972,91.04378767151846,9.529015753190933,-0.09888493112709185,0.09888493112709185,0.10479658823653543,0.8629435709841368
Indo_Gangetic_Plain,1973,87.57332058077137,8.922641452358544,0.06336970755943594,-0.06336970755943594,0.1148837418624511,0.7816057194093848
Indo_Gangetic_Plain,1974,92.71256746350781,7.067660969849744,-0.26516838163840434,0.26516838163840434,0.11080837321007242,0.8160511783361893
Indo_Gangetic_Plain,1975,90.93786347756958,9.599241015522436,0.07345891002545946,-0.07345891002545946,0.11407704634290902,0.7885636464224598
Indo_Gangetic_Plain,1976,92.80400880045585,10.922058741578976,-0.6186210335745297,0.6186210335745297,0.11181362210149315,0.8077269921298649
Indo_Gangetic_Plain,1977,94.55703168449531,10.300184168407462,-0.6154325377264637,0.6154325377264637,0.08548834618733217,0.9674088689338636
Indo_Gangetic_Plain,1978,91.9374113041914,9.095280168996617,-0.24058286251751304,0.24058286251751304,0.14904742695297502,0.4728842660847036
Indo_Gangetic_Plain,1979,92.13703563748186,9.80213958783267,-0.18143258411587618,0.18143258411587618,0.08644619549674093,0.9641291934010962
Indo_Gangetic_Plain,1980,91.27631170443686,10.156699710679916,-0.07375542066725879,0.07375542066725879,0.08896537050263063,0.9545354540410163
Indo_Gangetic_Plain,1981,92.29529237038022,8.484455198169403,0.10695546166895714,-0.10695546166895714,0.08179623585645013,0.9782118745224493
Indo_Gangetic_Plain,1982,94.79822275189608,9.925038069054121,-0.30856100390084074,0.30856100390084074,0.11068074479888323,0.8170991925311484
Indo_Gangetic_Plain,1983,88.00473367919568,9.750061021998818,-0.2260143171825854,0.2260143171825854,0.10248417672386734,0.8794450552676851
Indo_Gangetic_Plain,1984,88.96615256139228,12.549807588564384,-0.4549549012223038,0.4549549012223038,0.13759943505408523,0.5738377464240895
Indo_Gangetic_Plain,1985,92.07827315838051,9.108179173862364,-0.19379453505709932,0.19379453505709932,0.09965140490460822,0.8983166896193602
Indo_Gangetic_Plain,1986,92.67973995660651,10.825140289042132,-0.23322640737780553,0.23322640737780553,0.11146794566662344,0.8106031567499925
Indo_Gangetic_Plain,1987,93.67823109719103,10.656426220987292,-0.10392058421004513,0.10392058421004513,0.09273606899153214,0.9375300502811535
Indo_Gangetic_Plain,1988,93.0209518935943,14.693441599782046,-0.6009578491373299,0.6009578491373299,0.07876199272772888,0.9850281495506781
Indo_Gangetic_Plain,1989,95.29241924767396,7.64837732532853,-0.011349430763881056,0.011349430763881056,0.12629530000881606,0.6784220209454247
Indo_Gangetic_Plain,1990,91.40632346919497,9.18135354054273,-0.1385368502621549,0.1385368502621549,0.0875449516038751,0.9601182569236344
Indo_Gangetic_Plain,1991,93.97074874840368,7.735490602924935,-0.2012627704544837,0.2012627704544837,0.11826604557706275,0.7518145280534694
Indo_Gangetic_Plain,1992,91.2757305810039,13.00441072336384,-0.3245697522595714,0.3245697522595714,0.1064381192517867,0.8506784231752456
Indo_Gangetic_Plain,1993,91.79773320730803,8.752683948027403,-0.14990253731432507,0.14990253731432507,0.1328389473632411,0.6176471688217418
Indo_Gangetic_Plain,1994,93.36613359199819,7.6713538346425825,-0.23097237920695557,0.23097237920695557,0.09805254760614013,0.9082712282875984
Indo_Gangetic_Plain,1995,92.98125437371004,9.023780229212022,-0.30395599355541403,0.30395599355541403,0.10066750618421239,0.8917252098821786
Indo_Gangetic_Plain,1996,90.67270231014462,9.513680133077006,-0.04034714519025698,0.04034714519025698,0.0800525353517132,0.9823443901544816
Indo_Gangetic_Plain,1997,92.80959211752794,10.370015637992894,-0.22719955516908202,0.22719955516908202,0.08054909016911893,0.9812280729492533
Indo_Gangetic_Plain,1998,95.62176951716037,6.633095056813042,-0.05574203115101531,0.05574203115101531,0.07903318276674198,0.9844897736172578
Indo_Gangetic_Plain,1999,90.98014426464218,8.88195477999422,-0.12823552898507998,0.12823552898507998,0.08420424425659523,0.9714929481153242
Indo_Gangetic_Plain,2000,95.42240523136607,5.929465891172315,0.3340380481030431,-0.3340380481030431,0.12758395570935155,0.6664604413679012
Indo_Gangetic_Plain,2001,94.08410215926021,10.930771785596466,-0.31458946630691176,0.31458946630691176,0.12815280661686845,0.6611746853846744
Indo_Gangetic_Plain,2002,91.03310861232924,10.527198218936942,-0.038296007259568415,0.038296007259568415,0.154749587001028,0.4259975538521956
Indo_Gangetic_Plain,2003,93.11734092407696,11.917688257631495,-0.4312504605928821,0.4312504605928821,0.12557913970225065,0.6850585057424704
Indo_Gangetic_Plain,2004,92.32538155029727,10.507874967257017,-0.3653545730993102,0.3653545730993102,0.10215319252728328,0.881728568191221
Indo_Gangetic_Plain,2005,90.55189177827978,10.257879091234164,-0.2695412143291623,0.2695412143291623,0.11634243726190754,0.768872137657327
Indo_Gangetic_Plain,2006,92.38767829121507,11.666202565673947,-0.09130012786689477,0.09130012786689477,0.07874535331459043,0.9850607471883494
Indo_Gangetic_Plain,2007,94.01083967132513,8.155355916806501,-0.17028291940637924,0.17028291940637924,0.10851870707986089,0.8345293810461807
Indo_Gangetic_Plain,2008,92.7487243842412,7.12614250603859,-0.15293319230791547,0.15293319230791547,0.11550990582405196,0.7761627133545164
Indo_Gangetic_Plain,2009,93.1335258568158,7.264139170191767,-0.1605930663630828,0.1605930663630828,0.07909845741597121,0.9843581813138244
Indo_Gangetic_Plain,2010,93.42731614494303,9.480993580448795,-0.30797764178710374,0.30797764178710374,0.09567659948270468,0.9220924573929552
Indo_Gangetic_Plain,2011,89.4182895015586,9.141499863354824,-0.22064978763242973,0.22064978763242973,0.10187664806775876,0.8836209234477952
Indo_Gangetic_Plain,2012,91.52218383616342,10.304087832466791,-0.3079356395298092,0.3079356395298092,0.09764339245902892,0.9107350893640261
Indo_Gangetic_Plain,2013,95.19769265644152,8.80872988642081,-0.18529038849985524,0.18529038849985524,0.16389605598684287,0.3566081452545695
Indo_Gangetic_Plain,2014,91.48550412635379,8.999767252728537,-0.07734768900886091,0.07734768900886091,0.10046378860383354,0.8930629718426399
Northeast,1860,137.35886768687826,17.16591147241371,-0.18748681304586534,0.18748681304586534,0.11929418432368488,0.7425898552956409
Northeast,1861,135.54008327048015,10.489183548253239,0.10924517565038255,-0.10924517565038255,0.08141025786041312,0.9791783000821618
Northeast,1862,132.6467948375822,13.359404665791843,-0.3910503548109582,0.3910503548109582,0.12437892088045932,0.6961556985337621
Northeast,1863,133.0743162218973,13.39619590226559,-0.026795216084522608,0.026795216084522608,0.1100734880465426,0.8220573806669201
Northeast,1864,134.1930568621239,15.680851689820496,-0.24501565312906531,0.24501565312906531,0.14082828820298765,0.5446070793447253
Northeast,1865,134.31134343987463,15.250112115922438,-0.18758813409861363,0.18758813409861363,0.10397679482493627,0.8689009239065961
Northeast,1866,133.37003382876483,12.389673400449336,-0.09732020850231668,0.09732020850231668,0.09006194734041162,0.9499171860219311
Northeast,1867,130.5783399129965,14.920517075819173,-0.1977394777969389,0.1977394777969389,0.08786927582964604,0.9588831540806286
Northeast,1868,138.5949161243667,12.311205475124119,0.0642710632499312,-0.0642710632499312,0.07571029703608362,0.9902049665740212
Northeast,1869,137.96170429936012,14.483536322897567,-0.009650760516126941,0.009650760516126941,0.17395927266827416,0.2892212116774181
Northeast,1870,131.61294947118262,12.530670296856083,-0.14288758859324718,0.14288758859324718,0.10754147481655649,0.8421948880391941
Northeast,1871,132.28892208282622,12.37642443043081,0.18139542541553322,-0.18139542541553322,0.08828105649486381,0.9572812498576967
Northeast,1872,137.8159185525708,11.96490278917957,-0.006571768180108021,0.006571768180108021,0.10662981573327412,0.8492179382827554
Northeast,1873,134.1648856272006,14.988694346529346,-0.05336304508952708,0.05336304508952708,0.0908700664256164,0.9463417049993896
Northeast,1874,132.57077347542128,14.89915524085755,-0.08194837754185852,0.08194837754185852,0.15616397445800134,0.414782493221569
Northeast,1875,130.9061595342242,15.019988229241713,-0.011013299026307662,0.011013299026307662,0.12647860359855073,0.676721944138799
Northeast,1876,137.91169093455886,15.018897782730289,-0.5271600309331113,0.5271600309331113,0.1056000260195804,0.8569952590745082
Northeast,1877,136.6079018491321,14.800269522014766,-0.12735707057070506,0.12735707057070506,0.11417771331042914,0.78769883347265
Northeast,1878,134.2294032120248,15.992783394316115,-0.2651814356125623,0.2651814356125623,0.11262774020516009,0.8008985897118037
Northeast,1879,133.650782982333,13.074735587319505,-0.21989554576501386,0.21989554576501386,0.09710148779518835,0.9139451362846988
Northeast,1880,127.89642140677503,11.924549970923032,0.24755002423463493,-0.24755002423463493,0.11450424572821916,0.7848867875077612
Northeast,1881,133.59537830072577,14.088056754723912,-0.23505009174026126,0.23505009174026126,0.11438016738595702,0.7859565566881168
Northeast,1882,133.49865247910304,10.750116313745647,0.035569104508560184,-0.035569104508560184,0.07078521307968422,0.99561511909964
Northeast,1883,136.6064187227089,12.98391486469157,-0.1528423794773474,0.1528423794773474,0.08718685959609723,0.9614548080558382
Northeast,1884,136.70653080038875,14.263358944924448,-0.1366603906476555,0.1366603906476555,0.11536461319413127,0.7774288611909589
Northeast,1885,136.97811968380756,11.688026898198569,-0.05587816683160412,0.05587816683160412,0.07052094495590655,0.995820156211187
Northeast,1886,133.58796378644274,13.144008244102082,-0.43217615689190664,0.43217615689190664,0.06986183300695104,0.9962993910046556
Northeast,1887,135.27435011001734,15.092980329406222,0.04378974423109103,-0.04378974423109103,0.0761486022453971,0.9895564855125473
Northeast,1888,136.87511221316865,13.9263612209787,-0.24515369001314763,0.24515369001314763,0.13067088953548767,0.6377669718230123
Northeast,1889,133.59750598382976,15.86293402447026,-0.19053134417042772,0.19053134417042772,0.06987261410659418,0.9962919112311246
Northeast,1890,136.06639354551658,13.334024383339761,0.05447095062642447,-0.05447095062642447,0.0905447972491959,0.9477983837883629
Northeast,1891,133.18478481586544,16.389205961042364,-0.13117765386381583,0.13117765386381583,0.1280309402964791,0.6623072640918107
Northeast,1892,137.93956829197617,19.14536133502517,-0.043313825841599846,0.043313825841599846,0.10460666736258828,0.8643339134376059
Northeast,1893,130.2058012642766,14.74619715727141,0.02710336508302736,-0.02710336508302736,0.10334785241407374,0.8733923623486082
Northeast,1894,140.97800909893652,14.33506174384782,-0.2735405710417961,0.2735405710417961,0.09910425402021314,0.9017812744693645
Northeast,1895,131.0651315703861,10.563724037715343,0.0015304615716557196,-0.0015304615716557196,0.15069068002960623,0.4591074036702538
Northeast,1896,136.73688620696475,9.172221480309304,-0.040547264634914607,0.040547264634914607,0.09377487579183014,0.9322912274602869
Northeast,1897,134.892559901754,13.999580469265464,-0.023015210691332125,0.023015210691332125,0.10735992495205715,0.8436035212129794
Northeast,1898,132.55969724735343,16.03189632071725,0.09142928224203725,-0.09142928224203725,0.09128513958617446,0.9444485721057482
Northeast,1899,133.22254667495554,11.519374029868505,-0.12904160957220062,0.12904160957220062,0.10670239375628954,0.84866349102439
Northeast,1900,134.9662816811268,10.53172297649279,-0.0112038308882163,0.0112038308882163,0.07708166751661799,0.9880728461075917
Northeast,1901,139.0518449310675,13.340301651174826,-0.27353236871399744,0.27353236871399744,0.09735559479586386,0.9124474789208445
Northeast,1902,134.51915446910135,13.00402970292152,-0.04881276870487383,0.04881276870487383,0.09572637857628186,0.9218150623791344
Northeast,1903,130.48271235554012,11.94137012481646,0.07945815300103654,-0.07945815300103654,0.12934099080657635,0.6501289914628224
Northeast,1904,139.3401210888712,16.029580142317663,-0.2394512026696605,0.2394512026696605,0.12669671859478104,0.6746983303191977
Northeast,1905,135.19355787383455,12.310220195529578,0.03673288481543765,-0.03673288481543765,0.11809037331572769,0.7533836374021251
Northeast,1906,138.6710323665519,14.410326379517484,0.18328723320459664,-0.18328723320459664,0.10205712604483641,0.8823875519286656
Northeast,1907,131.88737959370138,13.219543239575007,-0.06998043441692775,0.06998043441692775,0.07640790308226841,0.9891584393086199
Northeast,1908,134.59733942522905,11.282050421098404,-0.024430873631756573,0.024430873631756573,0.11642289739503398,0.7681644308144189
Northeast,1909,137.02468926858305,14.765404839314956,-0.2790079314114533,0.2790079314114533,0.11803569074842751,0.7538716242900806
Northeast,1910,133.86926827840605,15.563603813570683,-0.06526339955722796,0.06526339955722796,0.1332320510059377,0.6140068454156813
Northeast,1911,134.22177450386434,16.555144517083455,-0.5772740920097651,0.5772740920097651,0.12046005983423874,0.7320511223291203
Northeast,1912,133.10908134417153,13.27214758262714,0.06208050171455846,-0.06208050171455846,0.0999506639681601,0.8963965306481414
Northeast,1913,135.2944234342211,12.806886409692865,-0.24092737647506746,0.24092737647506746,0.09118956968763897,0.9448878658869542
Northeast,1914,141.54464650098686,21.215736588545298,-0.242553896374572,0.242553896374572,0.13261984171756902,0.619677434625983
Northeast,1915,135.09708996734034,13.564167352841194,-0.15386582439461866,0.15386582439461866,0.12309894436975782,0.7079456353235035
Northeast,1916,134.0448617787852,16.331162210477558,0.026919258709283342,-0.026919258709283342,0.10568905136258055,0.8563296186985023
Northeast,1917,136.71240094206934,15.614039053430147,-0.4417623942109995,0.4417623942109995,0.11984573413514377,0.737613958088055
Northeast,1918,136.15585998967887,16.699561870911232,-0.4700348583606682,0.4700348583606682,0.10611865299404127,0.853099515195686
Northeast,1919,135.1210749956046,15.217823803689633,-0.02298827724185737,0.02298827724185737,0.07417171518718124,0.9922492521328061
Northeast,1920,134.38595604274724,17.375213377425915,0.12312781146669241,-0.12312781146669241,0.09776513415854676,0.9100055805885134
Northeast,1921,134.1909105059579,17.29584509881348,-0.29271321978114373,0.29271321978114373,0.12145562899125006,0.7229939267402677
Northeast,1922,130.72893246591048,11.707086016539801,-0.12476254806181505,0.12476254806181505,0.0793432805361538,0.9838576317550427
Northeast,1923,137.18016261777518,12.680227405596534,-0.21155549081007413,0.21155549081007413,0.13789298353527413,0.5711611090325802
Northeast,1924,132.5532024475527,9.73776839697566,0.20481133569357757,-0.20481133569357757,0.12363510797527866,0.7030134158358862
Northeast,1925,136.41121235290268,11.710268908351459,-0.1545865759978135,0.1545865759978135,0.1262968506654485,0.6784076414226854
Northeast,1926,133.11722325762116,10.854966666856637,-0.0509281457770415,0.0509281457770415,0.13206680299509166,0.624805528461306
Northeast,1927,136.6268725895595,14.916687633328351,-0.023870228761027405,0.023870228761027405,0.14126370757268902,0.54070406944678
Northeast,1928,140.83477947632946,18.32357189796059,-0.10713289615081115,0.10713289615081115,0.07187680205446664,0.9946852410595088
Northeast,1929,132.5210402231695,10.073228410998553,-0.19697642920144864,0.19697642920144864,0.10746366462557105,0.8427992157486479
Northeast,1930,144.2870326819225,12.700121319461486,-0.18988722090806814,0.18988722090806814,0.11098295058655228,0.8146143636065002
Northeast,1931,129.19653261469333,16.949387195832756,-0.030072690221110303,0.030072690221110303,0.08356695454458635,0.9733888637026988
Northeast,1932,136.70472977082886,12.03030000048267,0.008125606287447712,-0.008125606287447712,0.11621749442031815,0.7699700396716129
Northeast,1933,135.31417865307972,13.456808003405838,0.052126895646326984,-0.052126895646326984,0.07431950373575708,0.99206799995141
Northeast,1934,139.6768153987199,15.910951521393848,-0.1939686564653253,0.1939686564653253,0.1399325657661134,0.5526668543723499
Northeast,1935,132.96391680396988,9.192091602887949,-0.024370594135237785,0.024370594135237785,0.0951200083089806,0.9251580434947128
Northeast,1936,139.18532660246632,11.460619216004687,-0.37974954469774547,0.37974954469774547,0.09511144288576323,0.9252047017409036
Northeast,1937,138.24138867314377,11.436018278714059,0.018941417902953818,-0.018941417902953818,0.09997166775355712,0.8962610958196254
Northeast,1938,132.66264901336064,10.667913832907583,0.08106126346369813,-0.08106126346369813,0.09768463034207864,0.9104883231134129
Northeast,1939,133.41302217583123,13.049737467387093,0.1275027356645128,-0.1275027356645128,0.0833206092768568,0.9740987638507275
Northeast,1940,138.8036245755234,17.440318740008905,-0.15398189593874206,0.15398189593874206,0.08984200476117432,0.9508650419971059
Northeast,1941,137.33768746440506,14.295495604109476,-0.025033453551115553,0.025033453551115553,0.08527075567721532,0.9681259782645578
Northeast,1942,132.32617405483217,11.727775491480454,-0.03472430114102292,0.03472430114102292,0.10017451940649685,0.8949486008429095
Northeast,1943,135.2751474512188,13.792988987868341,0.09536383949906996,-0.09536383949906996,0.1089205134992739,0.8313379100641972
Northeast,1944,132.84361154405366,15.446255079674259,0.009417472755204222,-0.009417472755204222,0.07715729420940887,0.9879462862895951
Northeast,1945,131.70358430795903,13.709058863943477,0.12681679600639953,-0.12681679600639953,0.1360142097060102,0.5883488509113122
Northeast,1946,140.99249817452625,14.033702450182842,-0.3279482188827644,0.3279482188827644,0.11449226585942662,0.784990139635338
Northeast,1947,131.81041371575097,13.975876596821397,-0.15738009945857406,0.15738009945857406,0.09709471277306203,0.9139848831714651
Northeast,1948,134.9090527592705,13.855240448582418,0.14619168766009016,-0.14619168766009016,0.1298750609830932,0.6451637787023012
Northeast,1949,135.90057015594564,17.215536263668568,0.008094292415314792,-0.008094292415314792,0.14048147407686778,0.5477229229568426
Northeast,1950,131.4856968987762,15.330920207490113,-0.18148208593136644,0.18148208593136644,0.1178180469815594,0.7558117772164832
Northeast,1951,137.04000234397927,13.571149194095817,0.04932943868896506,-0.04932943868896506,0.09798665038976792,0.9086703731509013
Northeast,1952,128.18049847937988,13.232015177223424,-0.12542511860779149,0.12542511860779149,0.11021233131893932,0.8209279086014162
Northeast,1953,138.02310182963203,13.923652741357666,-0.39556992240857447,0.39556992240857447,0.0932580379760306,0.9349273040755106
Northeast,1954,138.52730294363428,13.811401282230873,-0.41506597699793557,0.41506597699793557,0.09131134868765955,0.9443277446435612
Northeast,1955,132.74897759789798,15.018547959588599,-0.20884401194809937,0.20884401194809937,0.07861229557177585,0.9853196148282828
Northeast,1956,134.62223355103686,14.218659795970094,-0.08243037908584824,0.08243037908584824,0.1002168548925606,0.8946736582593308
Northeast,1957,131.507709686194,13.488685668186124,0.12319200456069646,-0.12319200456069646,0.127300325351431,0.6690948874097502
Northeast,1958,132.99646884998413,17.02046121812212,-0.17308473156288887,0.17308473156288887,0.16677121438118236,0.3363785770725486
Northeast,1959,133.40016522619365,12.054141105983081,0.16541223644758501,-0.16541223644758501,0.10848063164680877,0.8348306274792227
Northeast,1960,131.18171452766,18.85212793271279,-0.041333888312611616,0.041333888312611616,0.11109433021264947,0.8136957175446046
Northeast,1961,132.95576149606512,16.760193833231323,-0.0759889006447894,0.0759889006447894,0.06021011848857957,0.9996180235741455
Northeast,1962,132.04014997312413,13.370702245449982,0.1948892805857745,-0.1948892805857745,0.06367746736546687,0.9990237743750253
Northeast,1963,138.31012983051951,20.687347075325526,-0.2547233609988435,0.2547233609988435,0.12522673006441037,0.6883204345772833
Northeast,1964,134.16737421490683,9.64315586256079,0.058761822680978446,-0.058761822680978446,0.0663009444672987,0.9982000258090798
Northeast,1965,137.56759140362482,13.942932561608227,0.13208998207962414,-0.13208998207962414,0.08374750768922867,0.9728604510785722
Northeast,1966,130.5476560310309,12.79382637485029,-0.019717502335917167,0.019717502335917167,0.1531189584996977,0.4391371654839811
Northeast,1967,136.32593416699092,13.669220901598798,0.13242790849668076,-0.13242790849668076,0.11209952656752287,0.805337587818427
Northeast,1968,135.94733627073538,12.797228923085623,0.04859749184493534,-0.04859749184493534,0.0965322874130018,0.917251013271615
Northeast,1969,132.7041028498341,16.13387867108004,-0.0763250154791183,0.0763250154791183,0.09841188194987427,0.9060790874147714
Northeast,1970,135.7869053944118,13.33907344759026,-0.24932080063903145,0.24932080063903145,0.09363164283809366,0.9330276265871946
Northeast,1971,133.5244675657357,13.626805905756047,0.07204987598087105,-0.07204987598087105,0.10421027973107388,0.8672159550207066
Northeast,1972,133.38931270203176,14.338418893667402,-0.25982201534087024,0.25982201534087024,0.12293367907036745,0.7094638858871687
Northeast,1973,132.7414067651155,12.94428973808912,0.048283132873466146,-0.048283132873466146,0.08000013297215347,0.9824594426284348
Northeast,1974,135.04689163891993,14.502322609020002,-0.49053396273863015,0.49053396273863015,0.13498728133299842,0.5977948344608314
Northeast,1975,138.9255210865947,13.667202653216275,-0.07474839382572354,0.07474839382572354,0.09092929489774226,0.9460739159996457
Northeast,1976,131.6768017813215,14.022979549610753,-0.1251465564306817,0.1251465564306817,0.10079256369156964,0.8908999960374875
Northeast,1977,134.84827858432118,13.89747216486021,0.18461977183320216,-0.18461977183320216,0.13499986608655445,0.5976788840420613
Northeast,1978,133.00799350928077,13.812690296413777,-0.17274049435296865,0.17274049435296865,0.07476606305883474,0.9915011982786256
Northeast,1979,131.72989511080408,12.469240655399929,0.12802245723408745,-0.12802245723408745,0.10545572831144867,0.8580714262274448
Northeast,1980,131.90880610281837,12.006191825511843,-0.14562636404540857,0.14562636404540857,0.12818219705675898,0.6609015282093315
Northeast,1981,134.5415572586688,13.095751139842083,-0.04332650445500935,0.04332650445500935,0.10283452430856305,0.8770060642303142
Northeast,1982,140.80979896021077,13.751615339052165,-0.12209062683507022,0.12209062683507022,0.07130989722568493,0.9951852098481265
Northeast,1983,143.2447935107707,11.922726661995261,-0.025276325365802058,0.025276325365802058,0.0823901665365594,0.9766660346795902
Northeast,1984,133.0277447763475,8.840312198654669,0.18257656509143633,-0.18257656509143633,0.14261795278772493,0.5286310069088486
Northeast,1985,134.68961070878152,10.324674027371632,-0.10590306874278527,0.10590306874278527,0.07463829098080677,0.9916663397790809
Northeast,1986,133.47729692061822,13.257832127840466,-0.1925677047992187,0.1925677047992187,0.11449366972022451,0.7849780290339802
Northeast,1987,135.76597027482748,15.052791784191633,0.037172831054222547,-0.037172831054222547,0.07972761232045011,0.9830493809268495
Northeast,1988,131.40502389931981,11.73909621931585,0.007361647855546398,-0.007361647855546398,0.09821190496624566,0.9073023130671278
Northeast,1989,132.41557741340574,13.125510648807765,-0.3048359426495938,0.3048359426495938,0.10737979155979518,0.8434496180905362
Northeast,1990,135.29209110166136,15.178174469005166,-0.21047916281643872,0.21047916281643872,0.10959759936776103,0.8259095224892579
Northeast,1991,129.7863271783594,14.013029988318932,0.013129489484215818,-0.013129489484215818,0.11050389154702189,0.8185480320789925
Northeast,1992,135.5410466067032,17.436741725539875,-0.16056041093684323,0.16056041093684323,0.10453585570333204,0.8648507363368205
Northeast,1993,132.46903697063743,11.140410500793708,-0.18580484416840284,0.18580484416840284,0.09477747810308967,0.9270116024456108
Northeast,1994,138.94652222268422,15.63620064205669,-0.31844959973021103,0.31844959973021103,0.1196624001811133,0.7392699388468948
Northeast,1995,132.22144787920274,14.181764819102145,-0.09461987388324936,0.09461987388324936,0.12384761119806575,0.7010559316545052
Northeast,1996,136.4173860816178,18.460381677134862,-0.33958917031212493,0.33958917031212493,0.1423571462228097,0.5309480715719526
Northeast,1997,133.51867839930958,14.406407299239214,-0.032887601063581635,0.032887601063581635,0.10758080034071216,0.8418891155851956
Northeast,1998,130.07835376642726,16.340976988775132,-0.07775793996907454,0.07775793996907454,0.0877434720084389,0.9593650223663723
Northeast,1999,136.51224270736031,9.530711250617713,-0.21023803499854987,0.21023803499854987,0.11056312796204892,0.8180631877659308
Northeast,2000,136.76928940090085,18.62409719826475,-0.40456304587238756,0.40456304587238756,0.07243906720907434,0.9941512921502479
Northeast,2001,136.58100329957495,14.220080578465904,-0.22299873861493358,0.22299873861493358,0.13458142227768644,0.6015366152534228
Northeast,2002,130.52635777154757,10.5755192212631,0.15480350603620807,-0.15480350603620807,0.12193940790182978,0.7185756205956004
Northeast,2003,135.1410796564968,13.277756511901586,0.07044655165767674,-0.07044655165767674,0.09735340079568527,0.9124604673168148
Northeast,2004,139.3578439456782,11.220924828000658,0.03384212664172695,-0.03384212664172695,0.06744798457104922,0.9977015878479368
Northeast,2005,135.74269539951214,15.458359539914591,-0.2240704390001774,0.2240704390001774,0.0888923229857651,0.9548335432211718
Northeast,2006,131.28194856536877,15.430172870288605,-0.09132382602546298,0.09132382602546298,0.10346837142104282,0.8725371085945581
Northeast,2007,136.33055143409555,16.231582435811774,-0.08752555016123614,0.08752555016123614,0.09004308079400242,0.9499989167107866
Northeast,2008,135.97908727372703,17.316717909936166,-0.09557755732197384,0.09557755732197384,0.08823261506706448,0.9574716579481161
Northeast,2009,140.0330288358985,11.015570329294858,-0.005901657401010403,0.005901657401010403,0.12653171529638096,0.6762292531187011
Northeast,2010,134.4916384062393,13.824376917881786,0.06300378041457708,-0.06300378041457708,0.09430959222835605,0.9295025975435594
Northeast,2011,133.8016014734349,12.446144897864476,-0.33625527658087345,0.33625527658087345,0.13704901792869506,0.5788657415575487
Northeast,2012,139.20698441643708,16.71217447041977,-0.24206652829901987,0.24206652829901987,0.09659024876983036,0.9169174814550445
Northeast,2013,130.26783519107187,13.885061190265976,-0.0026064541719863035,0.0026064541719863035,0.08118213484476067,0.9797355077278934
Northeast,2014,135.20303860134828,15.63914695312485,-0.36227133550022933,0.36227133550022933,0.09087875040530186,0.9463024911870715
Western_Ghats,1860,86.49685011812115,8.139688804936876,0.16643580043819295,-0.16643580043819295,0.10250406263864043,0.8793072170224041
Western_Ghats,1861,88.05357947123244,10.793589545977706,-0.4593107459957787,0.4593107459957787,0.09981151604035621,0.8972915662711658
Western_Ghats,1862,86.08935697307078,9.745386279862384,-0.18164516168459852,0.18164516168459852,0.10471708507626762,0.863526326789967
Western_Ghats,1863,88.28891876652685,9.047286770923044,-0.25438937201833256,0.25438937201833256,0.1397176092975062,0.5546069777438491
Western_Ghats,1864,87.30292614895592,8.900209247946613,-0.24710092732429256,0.24710092732429256,0.12604664972327617,0.6807272720566555
Western_Ghats,1865,85.31974648218933,7.889625668532957,-0.11544936130780982,0.11544936130780982,0.09685139427917522,0.9154060097384873
Western_Ghats,1866,85.42524943210704,11.219724417910065,-0.29674818326842545,0.29674818326842545,0.09215749898635028,0.940344811197379
Western_Ghats,1867,87.259704319248,8.41631109716186,-0.28786321966818046,0.28786321966818046,0.13918290951267998,0.5594425495258797
Western_Ghats,1868,87.60266899350097,10.483523927599006,-0.33985737371672264,0.33985737371672264,0.11669149191085057,0.7657981116199581
Western_Ghats,1869,86.41685500634009,11.375591936818392,-0.05133226161889369,0.05133226161889369,0.10783001747638654,0.8399460213609812
Western_Ghats,1870,87.53881167799304,7.145418229347611,-0.056211227733421146,0.056211227733421146,0.12316320215218846,0.7073550483193785
Western_Ghats,1871,88.25644728602771,10.106829681572044,-0.328746404484043,0.328746404484043,0.11518841213179076,0.7789618075573612
Western_Ghats,1872,84.23342122267734,9.492899323539476,-0.029517360558774873,0.029517360558774873,0.09165472598851043,0.9427306061782529
Western_Ghats,1873,87.62841081052997,8.485075761289554,-0.27194402272438,0.27194402272438,0.0939942877664739,0.9311544892137188
Western_Ghats,1874,85.27252301685024,12.543430623115363,-0.30119657309320347,0.30119657309320347,0.107052897792496,0.8459744309934828
Western_Ghats,1875,88.45982071283606,11.398572296386536,-0.2577145511798524,0.2577145511798524,0.08911789683417526,0.9539091854395751
Western_Ghats,1876,87.72600884576141,7.6081194324212,0.1849643988432068,-0.1849643988432068,0.10168718806462063,0.8849091194891383
Western_Ghats,1877,88.45397886565077,10.537828595247092,-0.09117233842750996,0.09117233842750996,0.08192667291365355,0.9778785130425451
Western_Ghats,1878,89.3424588754103,10.474919253698179,-0.3357936874671209,0.3357936874671209,0.10135435381145796,0.8871557746193468
Western_Ghats,1879,85.38682954459193,6.791914183462005,0.16065795658311155,-0.16065795658311155,0.12478309487595107,0.6924226914891147
Western_Ghats,1880,88.1527035302847,10.758142876073695,-0.0669147473501708,0.0669147473501708,0.0831834107635896,0.9744886200776123
Western_Ghats,1881,86.34446795726626,8.435372754791143,0.19585093352876676,-0.19585093352876676,0.12256331326479197,0.7128626247538474
Western_Ghats,1882,84.0389012263736,10.672922472265252,-0.14500013417712324,0.14500013417712324,0.11342798304563206,0.794115045991163
Western_Ghats,1883,86.74896041357921,6.1522349361113795,-0.10245586253726673,0.10245586253726673,0.11036937423377513,0.8196473880424455
Western_Ghats,1884,83.72258241279671,10.669597007039624,0.03987831008600155,-0.03987831008600155,0.07855916513751526,0.9854220898538343
Western_Ghats,1885,81.98493268680701,12.601369921038259,-0.25891171772725663,0.25891171772725663,0.10846975241813844,0.8349166643087187
Western_Ghats,1886,86.78335837361344,9.443797728150493,-0.1031884766065832,0.1031884766065832,0.07237605157333338,0.9942130746573181
Western_Ghats,1887,84.86637181218671,8.594017613693797,0.1280687353782201,-0.1280687353782201,0.12569920473598725,0.6839465745011842
Western_Ghats,1888,86.47217171048837,12.943243294341553,-0.23302107340073008,0.23302107340073008,0.08839823277746617,0.9568185017896532
Western_Ghats,1889,87.32462343475842,10.113779237534843,-0.14995939374996406,0.14995939374996406,0.13085789456071573,0.6360294401281111
Western_Ghats,1890,84.65659184742766,9.481548721534885,-0.19793519087917089,0.19793519087917089,0.12220279190360128,0.7161658313785645
Western_Ghats,1891,86.19272366331504,8.78617487809981,-0.050691992233957164,0.050691992233957164,0.10555903028829439,0.857301349492176
Western_Ghats,1892,86.47428874437318,10.30811135694309,-0.08078641040141335,0.08078641040141335,0.10778098779754275,0.8403290197203652
Western_Ghats,1893,88.39181106149175,10.326983839714284,-0.21142601732374067,0.21142601732374067,0.08288881248074731,0.9753124767368545
Western_Ghats,1894,87.48330478391696,8.694769887809752,-0.32602086933231533,0.32602086933231533,0.12915329298230194,0.6518740747915488
Western_Ghats,1895,89.45857203472627,9.18598207252506,-0.19708467339970615,0.19708467339970615,0.15057753497487159,0.4600493390408268
Western_Ghats,1896,81.42430394716669,8.353010866368052,-0.27281271726502854,0.27281271726502854,0.08033532625279383,0.9817144521496419
Western_Ghats,1897,87.56953527540807,7.135866945005368,-0.25890321412107775,0.25890321412107775,0.10724471668697466,0.8444948484107253
Western_Ghats,1898,86.55622684996437,8.9290837786733,-0.17612179586524107,0.17612179586524107,0.09540330953663823,0.9236059585057714
Western_Ghats,1899,86.36368007550342,9.398663304135411,-0.1982258399112286,0.1982258399112286,0.12150789352903335,0.7225171130852105
Western_Ghats,1900,85.5551887097902,6.174232379975622,0.06961446523386389,-0.06961446523386389,0.07925265047929275,0.9840442187773069
Western_Ghats,1901,85.10269769557188,10.376091008236761,-0.07650284628032106,0.07650284628032106,0.05904154040229459,0.9997319627014843
Western_Ghats,1902,88.24587485406536,7.481106546032817,-0.19790217661444037,0.19790217661444037,0.07904675976242903,0.9844624670653366
Western_Ghats,1903,81.04094605686473,8.77283200016473,-0.010988254383327982,0.010988254383327982,0.10171301771038743,0.8847338927932437
Western_Ghats,1904,82.63731566407955,8.749795896978288,-0.06759962664525121,0.06759962664525121,0.061167820776502846,0.9994969386683692
Western_Ghats,1905,87.38277064891271,11.262834449763139,-0.2868964251745277,0.2868964251745277,0.08652838476203145,0.9638383982945081
Western_Ghats,1906,87.6400490926757,8.75461835009946,-0.001125193569537305,0.001125193569537305,0.1088174919313123,0.8321583451969445
Western_Ghats,1907,84.47653950460779,13.892523872126137,-0.3548652647409255,0.3548652647409255,0.11094376877926293,0.8149371677160371
Western_Ghats,1908,85.30597934884759,11.266082368007488,-0.08875771307557309,0.08875771307557309,0.10115311401874821,0.8885039511193333
Western_Ghats,1909,85.02492897602399,9.644897858906825,0.004595130549527192,-0.004595130549527192,0.12236699596042755,0.7146619987412712
Western_Ghats,1910,88.85295489313248,9.950923468974139,-0.5506627405540213,0.5506627405540213,0.09716721601074188,0.9135590338443647
Western_Ghats,1911,85.86936073901366,11.122033431717156,-0.08287307402772076,0.08287307402772076,0.10753885085883463,0.8422152822193286
Western_Ghats,1912,88.86141455047382,9.189203932182608,-0.22416562425653486,0.22416562425653486,0.07750768172092459,0.9873472910726024
Western_Ghats,1913,82.51923525496736,11.88428525662528,-0.08156279709352979,0.08156279709352979,0.10599357643433854,0.854043001697263
Western_Ghats,1914,84.1092127953143,8.087604326533594,0.14676010121383926,-0.14676010121383926,0.0831845238725395,0.9744854729485456
Western_Ghats,1915,90.30366985206523,10.870112885886373,-0.3052787187241196,0.3052787187241196,0.11505068499801363,0.7801580588263506
Western_Ghats,1916,89.10429058186116,7.251807359220779,-0.30067681905878363,0.30067681905878363,0.14868499675597535,0.4759503494122691
Western_Ghats,1917,86.00423623555534,9.01750780085504,-0.135726887379604,0.135726887379604,0.08118983053927803,0.9797168786110769
Western_Ghats,1918,85.92153063562847,9.562370161185406,-0.10833181343019382,0.10833181343019382,0.13073714131038755,0.637151371247896
Western_Ghats,1919,85.69741454218496,10.616256465511281,-0.2745865781646417,0.2745865781646417,0.11350877936350096,0.7934263591264383
Western_Ghats,1920,87.73342646583791,12.087652974514647,-0.3766241526780986,0.3766241526780986,0.09567799957144624,0.9220846625813953
Western_Ghats,1921,84.37503493594781,10.085338145927881,-0.10466872778511713,0.10466872778511713,0.09155558643113104,0.943194423799433
Western_Ghats,1922,87.48621602483867,9.347827556413645,-0.35270291592430186,0.35270291592430186,0.12557735229159528,0.6850750568553812
Western_Ghats,1923,86.72327495286748,8.000948589208072,0.0511968924998975,-0.0511968924998975,0.0981881152571734,0.9074472876047598
Western_Ghats,1924,86.58614565952982,13.424118429485985,-0.15603957760814569,0.15603957760814569,0.09406668936324653,0.930777086504863
Western_Ghats,1925,88.54595410976272,8.324315367730449,-0.08704193373227795,0.08704193373227795,0.1136128950769601,0.7925379032564012
Western_Ghats,1926,90.84830832720928,12.156917428498588,-0.20734830663160092,0.20734830663160092,0.0872094319240666,0.9613713986477028
Western_Ghats,1927,85.63071612238737,9.671411072662696,0.030835670462088065,-0.030835670462088065,0.12402251212533344,0.6994437610735587
Western_Ghats,1928,85.38961439947937,9.708041012649375,-0.13144951061386756,0.13144951061386756,0.10174600838465653,0.8845099036489363
Western_Ghats,1929,82.70747156547023,10.186886849392913,-0.18924588499102696,0.18924588499102696,0.08974194669912028,0.9512926680301111
Western_Ghats,1930,84.21715902135114,7.616036715625842,-0.25178447211510285,0.25178447211510285,0.090387924212742,0.9484924751937898
Western_Ghats,1931,87.80823762014126,10.108289701249953,-0.35473742843718803,0.35473742843718803,0.08462330749072788,0.9701991372101649
Western_Ghats,1932,84.37714629886929,8.62302731900181,0.006553069224515016,-0.006553069224515016,0.11143859421643632,0.8108467190924662
Western_Ghats,1933,85.07709007067794,10.850055537209531,-0.06457639130785126,0.06457639130785126,0.08211027659383319,0.9774034401197514
Western_Ghats,1934,87.5201812787621,8.438410879416432,-0.08580372488555944,0.08580372488555944,0.09319976175714112,0.9352208635091924
Western_Ghats,1935,85.27144597654429,8.589596174100729,0.06100557037540115,-0.06100557037540115,0.08691708612852422,0.962442942339151
Western_Ghats,1936,84.36808753613283,10.347124652137921,0.17427766852790852,-0.17427766852790852,0.11236692551573149,0.8030943518407666
Western_Ghats,1937,86.17273963819525,10.394476131399651,-0.05181758934682418,0.05181758934682418,0.14183718761692987,0.5355790443446009
Western_Ghats,1938,83.43451010175488,8.293140920099441,-0.23334074448855502,0.23334074448855502,0.09433368280613194,0.9293754981835048
Western_Ghats,1939,84.87086037879934,8.28851448761141,-0.0701227769310942,0.0701227769310942,0.068356840536975,0.9972341150356219
Western_Ghats,1940,86.63791651880283,8.39957441221902,0.057290685515847706,-0.057290685515847706,0.13394906462550948,0.6073752177760326
Western_Ghats,1941,87.1903380466533,10.62478640040796,-0.2774477000023189,0.2774477000023189,0.10014774384275194,0.8951223094131386
Western_Ghats,1942,86.56701000956329,11.500398399071866,-0.17710218906899397,0.17710218906899397,0.08193980963531311,0.9778447486981791
Western_Ghats,1943,88.73222216305302,9.569443316274846,0.016517968399963445,-0.016517968399963445,0.07229731967921837,0.994289570027901
Western_Ghats,1944,86.663344013879,10.65684675569105,-0.07079942981282347,0.07079942981282347,0.10297772636819458,0.8760027239905367
Western_Ghats,1945,88.08588897248308,9.587291682542507,-0.26252571878357556,0.26252571878357556,0.10029359617877176,0.8941743737905596
Western_Ghats,1946,89.74146560631688,12.290567346311597,-0.39407488957638015,0.39407488957638015,0.11533929403089216,0.7776493104103649
Western_Ghats,1947,88.40677764651727,12.15354290231355,-0.03972139410764239,0.03972139410764239,0.08561058594808463,0.9670014870664807
Western_Ghats,1948,86.12892285154149,10.140228761608698,-0.4903674994479449,0.4903674994479449,0.09998276454334576,0.8961895072116538
Western_Ghats,1949,86.02769417664686,9.406944529675702,0.0006368074462887126,-0.0006368074462887126,0.0944875076191658,0.9285609683790563
Western_Ghats,1950,88.64814101173917,8.762775742873696,-0.28524999927223516,0.28524999927223516,0.07647808078707342,0.9890488440032842
Western_Ghats,1951,84.03108378710266,10.334567156248237,-0.10827232816200852,0.10827232816200852,0.0816076824054055,0.9786877104599921
Western_Ghats,1952,87.5881552881526,9.211626245643028,-0.13576633821180834,0.13576633821180834,0.0879203855499262,0.9586863813267501
Western_Ghats,1953,84.04246065044448,8.573028425179615,0.026300158999500084,-0.026300158999500084,0.07107974182972965,0.9953775899747698
Western_Ghats,1954,87.98911582910625,9.322708095115264,-0.18820111978940607,0.18820111978940607,0.11611344271397511,0.7708833699970458
Western_Ghats,1955,84.67531361470962,8.75174913795762,-0.09946808921275435,0.09946808921275435,0.09145190166696848,0.9436771672349973
Western_Ghats,1956,91.44916292344544,11.400130136352644,-0.27478516968610256,0.27478516968610256,0.08386889159155253,0.9725013352016397
Western_Ghats,1957,84.16116890864747,8.113768707976421,-0.07877021287865606,0.07877021287865606,0.12804391644747015,0.6621866732795865
Western_Ghats,1958,84.39772716331404,7.174635089800164,-0.2882237711066836,0.2882237711066836,0.060667157854466844,0.9995636727316944
Western_Ghats,1959,88.82128773514012,9.087937389872144,-0.05396138440369881,0.05396138440369881,0.08767183406229995,0.959637844690578
Western_Ghats,1960,88.27321945643496,10.854988008377926,-0.4378006646241531,0.4378006646241531,0.10530077636916718,0.8592232530458163
Western_Ghats,1961,84.29599268631519,7.549275452362292,0.06190686814299376,-0.06190686814299376,0.10922394583010053,0.8289129344221075
Western_Ghats,1962,85.64387862856039,12.58955989940251,-0.1868973706404486,0.1868973706404486,0.09440147554959616,0.9290171554185083
Western_Ghats,1963,89.8298792923009,11.330587573677986,-0.28837590560283655,0.28837590560283655,0.13050213226055374,0.6393351793969606
Western_Ghats,1964,87.68308053364319,11.531531701164008,-0.08208970507097543,0.08208970507097543,0.11408590638202604,0.7884875717553173
Western_Ghats,1965,81.43367456244653,10.506900705426599,-0.028839243781945002,0.028839243781945002,0.07841194549508135,0.9857033925437368
Western_Ghats,1966,88.22727080337421,9.75843725835622,-0.42377493024651547,0.42377493024651547,0.08024575553796376,0.9819156355620894
Western_Ghats,1967,86.73839162607422,12.678105467888326,-0.2682032363345349,0.2682032363345349,0.10212451337801076,0.8819254769485001
Western_Ghats,1968,86.85590251242299,6.380049180432083,-0.21949489067039224,0.21949489067039224,0.09124312781648965,0.9446419327986311
Western_Ghats,1969,87.45876250530898,10.475001087326657,-0.09562578940716118,0.09562578940716118,0.07700770287433267,0.9881956961341816
Western_Ghats,1970,86.29373225781399,7.390352244356784,-0.1684624951526283,0.1684624951526283,0.0909114577119603,0.9461546454161691
Western_Ghats,1971,87.61304677210339,9.916407224877355,-0.4095973595081327,0.4095973595081327,0.0661212964507435,0.9982696957841056
Western_Ghats,1972,88.15435110503955,11.93378710561051,-0.0318071331097633,0.0318071331097633,0.10414433763504383,0.8676927888648052
Western_Ghats,1973,87.76976142130816,11.599369190963264,-0.06333567262061551,0.06333567262061551,0.08977609813624732,0.9511469640416117
Western_Ghats,1974,87.50035307275061,10.750489634932112,-0.16000381149804457,0.16000381149804457,0.07013254601331131,0.9961080026788006
Western_Ghats,1975,90.31018811870155,12.662587435789899,-0.20213454871125247,0.20213454871125247,0.0920427925052622,0.9408940627625034
Western_Ghats,1976,90.43034384925537,11.752749347886539,-0.09588189924544674,0.09588189924544674,0.09357345416376117,0.9333255093399145
Western_Ghats,1977,83.9207975144775,6.885853931381433,0.10601396503306912,-0.10601396503306912,0.10693456077843044,0.8468844205844999
Western_Ghats,1978,85.0358184433303,7.872013770506578,0.14094566959816104,-0.14094566959816104,0.09880955508917783,0.9036224293333689
Western_Ghats,1979,83.03584807542316,9.389709376609126,-0.012969363703579276,0.012969363703579276,0.11806615306617468,0.7535998046628927
Western_Ghats,1980,82.92984366558737,9.281572040038801,-0.09717493180195005,0.09717493180195005,0.06740234675799994,0.9977232984211211
Western_Ghats,1981,85.2443861360174,7.872539080113109,-0.16121182464423134,0.16121182464423134,0.09515058561913903,0.9249913519086358
Western_Ghats,1982,86.57320813840701,11.924569444576594,-0.19044306426057755,0.19044306426057755,0.12384528625651148,0.7010773557191812
Western_Ghats,1983,82.68798543935742,9.372826807702737,-0.4329016535778891,0.4329016535778891,0.17128005164872528,0.3062255267007994
Western_Ghats,1984,85.83397593467004,9.061975909686613,0.15999493919619184,-0.15999493919619184,0.10650031873704907,0.8502051712395335
Western_Ghats,1985,86.00008087705582,9.957039983292853,-0.1725115059055577,0.1725115059055577,0.12689717788588373,0.6728379246791774
Western_Ghats,1986,86.03045773742802,10.888512824901607,-0.2071522110961909,0.2071522110961909,0.07305728009752999,0.9935184054493564
Western_Ghats,1987,82.15238842491684,7.928518908499033,0.14962892219534324,-0.14962892219534324,0.09384997207954127,0.9319033472468646
Western_Ghats,1988,86.19204407542139,11.698794431053532,-0.5049537508310269,0.5049537508310269,0.09822120139699303,0.9072456291811204
Western_Ghats,1989,85.75202666519769,8.58726459553814,-0.043871069358077906,0.043871069358077906,0.104024303582893,0.8685588372726433
Western_Ghats,1990,86.63272843439069,9.203730258411255,-0.48695239155987025,0.48695239155987025,0.09985610974909614,0.8970051456954423
Western_Ghats,1991,85.01838473199619,7.7736002243317035,-0.011199871439180428,0.011199871439180428,0.09650855591662912,0.9173873696595742
Western_Ghats,1992,81.85677263592946,10.050526891732094,-0.05059807523749356,0.05059807523749356,0.12322918554093287,0.7067484485674733
Western_Ghats,1993,84.56623912947583,8.859196892947782,-0.1961536280783387,0.1961536280783387,0.0697624467229222,0.9963677944809585
Western_Ghats,1994,84.39268437397826,7.768188943168576,0.00707829191634669,-0.00707829191634669,0.15232239586627538,0.4456358076940148
Western_Ghats,1995,86.20796879148023,11.220217874148165,-0.2558808886840437,0.2558808886840437,0.11686022914225438,0.7643085677181424
Western_Ghats,1996,86.8931653249744,10.23513186654204,0.018747781383304466,-0.018747781383304466,0.12090043864839217,0.7280509081620095
Western_Ghats,1997,86.1855344476244,9.772312259287379,-0.08178666690962602,0.08178666690962602,0.05928128033835714,0.9997112690120715
Western_Ghats,1998,85.45597200189249,9.77549705749631,-0.09598112735524719,0.09598112735524719,0.10154485219058806,0.885872461527084
Western_Ghats,1999,85.75978757160468,12.588993675614333,-0.43699479277675624,0.43699479277675624,0.08829468479029862,0.9572275869471176
Western_Ghats,2000,89.4496316183967,11.085005864781113,-0.6532055526199694,0.6532055526199694,0.17136977101084455,0.30564508561280723
Western_Ghats,2001,89.96274906604253,9.796534747094052,-0.1812487209208723,0.1812487209208723,0.07813269634092318,0.9862263617535131
Western_Ghats,2002,87.4013014185088,9.42652053572217,-0.23151449888752168,0.23151449888752168,0.11617481423397591,0.7703447818389235
Western_Ghats,2003,83.22936349930129,10.725258479058105,-0.11754585209453697,0.11754585209453697,0.14542684226603309,0.5039372266918807
Western_Ghats,2004,83.52383742250055,9.674022598083951,-0.12092794155513842,0.12092794155513842,0.0844474476260787,0.9707466615423933
Western_Ghats,2005,84.2806734914764,12.473979126784323,-0.08637528476869324,0.08637528476869324,0.09083082973349421,0.9465186743923274
Western_Ghats,2006,87.92762478288779,8.470254117022193,-0.18674848569359914,0.18674848569359914,0.1418342046635128,0.5356056554910794
Western_Ghats,2007,82.29179960467474,6.981513305159966,0.0065973633718050765,-0.0065973633718050765,0.11758737936590147,0.7578643051998734
Western_Ghats,2008,87.11754953063712,10.282483958301864,-0.25470249938424494,0.25470249938424494,0.09452296413792766,0.9283724930380772
Western_Ghats,2009,91.44226508516215,10.881134632340729,-0.3850238553148768,0.3850238553148768,0.07966282717441847,0.98318756206003
Western_Ghats,2010,84.44997988576317,11.385669116049804,-0.2300385370090309,0.2300385370090309,0.12189760511089753,0.7189578140372574
Western_Ghats,2011,83.66585039562811,10.14532286870119,0.028069153052169893,-0.028069153052169893,0.10337803986123872,0.8731783817034573
Western_Ghats,2012,84.38212842610582,10.433043717118974,-0.06872831098130752,0.06872831098130752,0.0811729583240367,0.9797577061949982
Western_Ghats,2013,92.01596397356599,9.370895865577841,-0.5152363256965914,0.5152363256965914,0.09904794092877034,0.9021344468790866
Western_Ghats,2014,85.56181242762361,13.796260057226892,-0.06157915796099619,0.06157915796099619,0.15653825120177645,0.411843563495787
