region,year,location,scale,shape,ks_stat,ks_p
Central_India,1860,114.01897475598983,8.286992207368364,-0.20199782984166376,0.1282271630725557,0.6604836006191691
Central_India,1861,111.95521995625431,9.195834682984225,-0.21482103520320484,0.13225565905733427,0.6230538069410094
Central_India,1862,113.4155002543384,9.82645253047846,-0.3361570017201443,0.13310765820149273,0.6151584572517383
Central_India,1863,114.87753374181183,9.653571655122526,-0.16230048346343046,0.09431632815649676,0.9294670721725548
Central_India,1864,115.45646316666283,8.866786038871535,-0.17840817966920494,0.07580471816827161,0.9900678257225164
Central_India,1865,115.96779185373461,8.01192024895119,-0.177963651189226,0.12954397056007805,0.6482418451367837
Central_India,1866,115.38417990898569,9.752560602822061,-0.07533087694924745,0.11771813077795701,0.7567013276529245
Central_India,1867,115.13145018697892,10.867830694508491,-0.12378711709965504,0.09650793954826942,0.9173909096100898
Central_India,1868,112.73985003179948,6.3141851905059,0.20502740127799013,0.10708093384677153,0.8457585256099174
Central_India,1869,115.39381063136587,7.715163565993851,-0.1502049237716348,0.10256743702970508,0.8788674571626677
Central_India,1870,113.99437804202546,10.196181052505299,-0.2559315929243451,0.08438831371769595,0.9709292811982355
Central_India,1871,114.27631126658423,11.871003775377226,-0.22120923402519238,0.0881788635725268,0.9576823256910207
Central_India,1872,113.78526897757428,8.750423942946345,0.17669384700423757,0.10660489088492853,0.8494081584828974
Central_India,1873,116.02805684074778,9.888331036689113,-0.147960099507184,0.10389607777704879,0.8694812265019223
Central_India,1874,116.35602419343793,8.260160020120278,-0.07454210297317937,0.10803133839927387,0.8383696998881988
Central_India,1875,116.01366676310678,8.56839609765234,-0.42857976256341335,0.10379890906711653,0.8701782980892152
Central_India,1876,114.43382243198234,8.00141565995559,-0.11007703153226162,0.10965974978889759,0.8254081391467779
Central_India,1877,113.0613453850548,9.135257238013502,0.04188907191067802,0.11801517489175828,0.7540546534035332
Central_India,1878,111.26813670653492,8.557549235529768,-0.13474331218358704,0.08308021941900007,0.974779253976072
Central_India,1879,118.732352180931,8.04552716082094,-0.12152119034677861,0.09108760869246435,0.9453542928615775
Central_India,1880,115.9480568898716,12.071850444979237,-0.4193747002404252,0.0942153187757428,0.9299987636315556
Central_India,1881,114.3450473630533,8.245021419503312,-0.15629586428828476,0.07285206831240221,0.9937339401843157
Central_India,1882,112.90918832208388,10.339143137961644,-0.16524101521455684,0.14296509979142447,0.5255530012081329
Central_India,1883,114.35393218851128,8.891047569824234,-0.3401637668548724,0.10088703001026444,0.8902746377935133
Central_India,1884,108.63971130160623,8.85219411155072,-0.22178987880902284,0.09581705820446945,0.9213083931953173
Central_India,1885,111.3772876523754,7.101352045506942,-0.13664887216050253,0.08496248038307824,0.9691243777040999
Central_India,1886,115.63821292647238,9.233885799511318,-0.28001914156211605,0.12264499831963938,0.7121134783052838
Central_India,1887,114.32430267203388,7.5035940647980715,-0.12742379912867272,0.07501307632340481,0.9911751034272264
Central_India,1888,113.53538578445244,8.941194735166498,-0.4382222174729633,0.08408454412842525,0.971855623110823
Central_India,1889,116.89603690581727,8.993507578455889,-0.028688989178983673,0.14226578324480832,0.5317606831990052
Central_India,1890,116.71218300721179,8.692711852950943,-0.23996267233515467,0.0494674164840313,0.999994520226086
Central_India,1891,115.31917710579188,10.342902117359884,-0.2730262060626597,0.12006590186835969,0.735622715756739
Central_India,1892,116.76790571428549,10.504298850543488,-0.45841344790411875,0.08207063430651812,0.9775065928968647
Central_India,1893,115.61018069099168,11.755292682305281,-0.21565384195743348,0.10469246104121802,0.8637066038366874
Central_India,1894,116.9812607216333,9.292412011388514,-0.36539694982453486,0.10198642224777457,0.8828714597041429
Central_India,1895,114.42929774829072,8.915595901661696,-0.14151182316886013,0.08755859888577694,0.9600667562699184
Central_India,1896,114.81350277091491,8.842121918395492,-0.2907362681144976,0.07265953889632637,0.9939312014763898
Central_India,1897,113.97765143827381,8.111366984277051,-0.011327056729551654,0.0997453090916719,0.8977160786517099
Central_India,1898,114.63977534035936,8.96272663270667,0.06572207999617345,0.10434631836426644,0.8662298807222278
Central_India,1899,119.12053552724365,9.353076120425978,-0.3412748982295035,0.10001901323730542,0.8959554867219799
Central_India,1900,113.4847499928172,7.743886272383975,-0.3149585329607233,0.0896301330143332,0.9517678857167994
Central_India,1901,114.36692647073833,9.669336692613836,-0.2329169774263573,0.06715811877984085,0.9978367413497778
Central_India,1902,116.464794813696,11.396349583331258,-0.5268908258516043,0.11972223509149071,0.7387296901605465
Central_India,1903,111.60875523284695,10.89250699775489,-0.20037138184302666,0.09828006285843,0.9068863188298952
Central_India,1904,114.59414667239878,7.638866730460052,-0.011736914990240266,0.06795024859316501,0.9974516808555325
Central_India,1905,115.84932704899535,4.899225932053994,-0.011112189404414694,0.08817251485663752,0.9577071656122019
Central_India,1906,116.71970639764812,7.35590393158922,-0.056767285323186534,0.10925260429171801,0.8286832485573281
Central_India,1907,115.40572340194103,9.923993694509452,-0.3121834380450903,0.08977780006700042,0.9511396960856318
Central_India,1908,114.00533836437215,9.592669863895885,-0.26853168303312724,0.08012905368147683,0.9821754497394365
Central_India,1909,116.07550234885622,11.939435014488984,-0.35352274256693933,0.1141187467974138,0.7882055269807302
Central_India,1910,113.39291878788141,9.535571102432598,-0.15124623750090435,0.08754663191754108,0.9601119181697088
Central_India,1911,115.00676131258578,8.859383950641732,-0.07263082713699956,0.07690046820263337,0.9883721819350287
Central_India,1912,111.09045222605113,8.722864941088083,-0.24799317936398224,0.06415564174077848,0.9989021934328678
Central_India,1913,114.13181233476685,6.237418434251531,-0.32296231059107683,0.12013145259550673,0.7350293325087438
Central_India,1914,114.43203718186419,7.2332579851763406,-0.21399171081570445,0.07921469533898262,0.9841219084853966
Central_India,1915,112.3482269541401,9.745746568070798,-0.40145761659034845,0.06737423976899692,0.9977365884471782
Central_India,1916,117.94036581462862,8.179759081687275,-0.4206674130551219,0.11139699757548849,0.8111917169811473
Central_India,1917,114.67994871529844,7.682691440401085,-0.25295267250638725,0.12678430206707744,0.6738855604632574
Central_India,1918,116.4236400463125,8.885912795002653,-0.26689160748459684,0.10814193197747476,0.8375012531835875
Central_India,1919,116.98165919624216,11.92893003918175,-0.41880276174478515,0.1608431289739337,0.378930463272367
Central_India,1920,114.29546992514491,9.200432904352299,-0.1314255589673999,0.11039888940576825,0.8194063698594498
Central_India,1921,113.90860284331761,12.005083125980295,-0.3915739005393922,0.17239882523561245,0.299042214039583
Central_India,1922,115.29250019323086,9.130348733303403,-0.15982231201584923,0.10698003908044385,0.8465349543275451
Central_India,1923,115.54060625065578,7.727929350160095,-0.11597599990394158,0.0749877052102711,0.9912090154814494
Central_India,1924,113.72400310917888,10.396401339346758,-0.3625603908462888,0.13996590700523676,0.5523661290973889
Central_India,1925,114.3449387907187,9.011970996992286,-0.09441205378199745,0.09256244553264315,0.9383825027269193
Central_India,1926,112.09072841001236,7.660375562429346,-0.07314084086276788,0.08198438256943819,0.9777299259558562
Central_India,1927,116.83317768700584,7.765882395160437,-0.3067968456532588,0.07881313373356252,0.9849276469123353
Central_India,1928,118.98862813948092,9.754033330466584,-0.43388753465452945,0.08433218196345793,0.9711019375754643
Central_India,1929,113.24150880698154,10.198941725381507,-0.25457623992005973,0.08480261436851882,0.9696340425659975
Central_India,1930,114.59634602419376,10.582102693851422,-0.3319840182494338,0.08880059543359586,0.9552061720518906
Central_India,1931,111.40482352659726,7.3244784103269955,-0.07616133458598244,0.08164870250390813,0.9785847992538557
Central_India,1932,118.71250682259543,13.446807152409825,-0.36180694446601996,0.06720341998749102,0.9978160446593783
Central_India,1933,114.91357926399795,9.58756759508331,-0.09900363574333107,0.08620163056428887,0.964985700505814
Central_India,1934,113.4597279270748,7.805732483354562,0.19336023904805397,0.08622520096511066,0.9649037254986748
Central_India,1935,117.55503076576133,9.132742012669215,-0.5776946605603961,0.1564480028755837,0.41255110736243994
Central_India,1936,114.84507613212911,9.334537948758246,-0.3963548278921496,0.12033082463889089,0.733223099476937
Central_India,1937,114.76948517833227,13.853665298052363,-0.3618281247755568,0.09980356236754329,0.8973426104079814
Central_India,1938,117.4404056486211,9.691922157637796,-0.2032392426969813,0.10838526840317164,0.8355842209410707
Central_India,1939,114.22590209207954,7.521024849460084,-0.16335414187304764,0.0913498905886807,0.9441497834482813
Central_India,1940,116.90519123200727,7.6246300949322245,0.0013769641001685927,0.10005092900187318,0.8957492245692708
Central_India,1941,116.00601412994669,9.153527827254358,-0.24913705619954601,0.07699894359908965,0.9882101840309921
Central_India,1942,115.29638225716917,10.960627596575378,-0.17971979622073414,0.09750450707209457,0.9115635931049287
Central_India,1943,117.10327612918749,6.771763844802656,-0.47615061511609613,0.10252707811762465,0.8791475958628294
Central_India,1944,114.9438196471716,7.721091337753128,-0.1791176091848358,0.11037988539779187,0.8195615676012071
Central_India,1945,116.46693847901639,10.572318512829256,-0.42478347133699923,0.12198005539870332,0.7182039168399724
Central_India,1946,114.19707103006432,8.607867717387672,-0.26585339663118746,0.08639861227146556,0.9642968685124585
Central_India,1947,117.54069641326649,8.346333613612611,-0.034712231407610566,0.07671093854573696,0.9886794382707029
Central_India,1948,114.57405316947174,10.024066628094896,-0.35565733046465964,0.10667468622035028,0.8488752544716036
Central_India,1949,115.13834927661208,10.45253481486776,-0.1827742591745693,0.08077181263939281,0.9807118879053738
Central_India,1950,114.17316364030323,7.545102476504049,-0.2712478750902717,0.0987304254865693,0.9041138129824231
Central_India,1951,111.90637729663011,8.48119333276393,0.017587626702111184,0.07630511942098428,0.9893175150686223
Central_India,1952,115.24751090717274,8.663015539197275,-0.15293727767504492,0.07311533166123313,0.9934564340417045
Central_India,1953,114.28595247171529,10.24313376363424,-0.1254020381654724,0.07375954636609605,0.9927384760059669
Central_India,1954,118.16656730010797,11.007125094693205,-0.39845983486443576,0.09123198029480079,0.9446931736682223
Central_India,1955,115.05206670984751,9.797506633453622,-0.24041848577134572,0.08271112069534609,0.975800693595426
Central_India,1956,116.36520750515318,9.024084668096336,-0.4527406681049052,0.1001994389320997,0.8947868067322752
Central_India,1957,118.07044239456084,9.229531606941048,-0.1278305337179731,0.08690588941019584,0.9624836058961983
Central_India,1958,112.46483426934132,9.052047272347433,-0.12428251106175525,0.11614758575995077,0.7705837743919388
Central_India,1959,116.66969684511288,9.339442476083063,-0.20730968919861958,0.06932232789653991,0.9966590035301299
Central_India,1960,116.76312080018889,11.636532875972861,-0.23973478257854008,0.11461714187970717,0.7839121371761372
Central_India,1961,115.02782140584793,11.47903600354321,-0.2320580735550397,0.10233614985126382,0.8804688134446724
Central_India,1962,115.52229374175229,7.811819620910416,-0.2575677677689764,0.08145043713308253,0.9790790874744449
Central_India,1963,112.07206218505735,9.482420713684668,-0.09999954105139694,0.09998028338387743,0.8962055160044191
Central_India,1964,116.33898530934496,9.776403988707946,-0.33157501274958207,0.1716011669882223,0.3041515903791655
Central_India,1965,112.30501357579402,7.797311593458111,-0.46938397525881226,0.13176690465189994,0.627588260423939
Central_India,1966,115.68982432330634,6.70166389492429,0.05541153318921179,0.1309151609812849,0.6354974137458353
Central_India,1967,116.04188579558118,8.650046084517562,-0.28357372923167473,0.08622775219976447,0.9648948452945405
Central_India,1968,115.03225982308595,9.23832563666462,-0.08778587389639177,0.09486260726448181,0.9265532951836226
Central_India,1969,117.16793089110303,11.104894860259169,-0.49692433553946874,0.09451486580953583,0.9284155650961967
Central_India,1970,113.86900236662744,9.878042338748557,-0.25869872921433035,0.11890468251482766,0.7460926085243554
Central_India,1971,118.75032926038587,8.05104851395462,-0.3583181735418617,0.07893228265516328,0.9846916504912123
Central_India,1972,114.79806209842457,8.603171609282118,-0.25562007155631394,0.10117244847529006,0.8883747585025354
Central_India,1973,115.73163332766995,10.634881943829837,-0.2562683956742982,0.11210552196318242,0.8052873811959971
Central_India,1974,113.72174057071732,11.709753792912629,-0.3620805283285026,0.08222407962790235,0.977105538916049
Central_India,1975,112.55227566391656,7.912942475032699,-0.05339501762773438,0.11672691910169992,0.7654855629250473
Central_India,1976,116.52607160000633,10.312861505908653,-0.4394602587244929,0.0980957054471007,0.9080093355609458
Central_India,1977,112.94276440305568,9.161862936017194,-0.15355949668076213,0.08093694787576505,0.9803229186795601
Central_India,1978,115.23759225038452,12.790641928513423,-0.5693289556129488,0.10002193505117477,0.895936612268949
Central_India,1979,119.3124740072742,9.182976512414925,-0.3046760198487499,0.19741345939154753,0.1684117979850277
Central_India,1980,116.15053568276451,8.765751693754751,-0.31240760195106954,0.0770019937016892,0.9882051405972562
Central_India,1981,114.11239976895841,10.600116866026497,-0.28506586679146695,0.08968746140496915,0.9515245844879624
Central_India,1982,112.80540328786907,8.952395299206646,-0.2184710774519042,0.11417977712640343,0.7876810930629543
Central_India,1983,113.31859163156824,10.150714815638956,-0.17390698536613963,0.10791489612877714,0.8392821526232246
Central_India,1984,116.06745329831321,10.688723970593786,-0.2843272440386857,0.07450648261624937,0.9918341975793449
Central_India,1985,114.01428091519804,12.423742870478144,-0.3818814323217631,0.13618720568140252,0.5867608935463383
Central_India,1986,113.25400392476983,7.55336634446201,-0.3373476405707362,0.10344024029896615,0.8727369696022994
Central_India,1987,115.13292570312333,8.41236861287868,-0.28223846643575795,0.11012568771093278,0.8216330362202173
Central_India,1988,113.44799840783588,9.186865914384096,-0.37952460476279026,0.11504295367556461,0.7802251587189826
Central_India,1989,115.34183258775741,8.788593877810353,-0.14513121064530377,0.1270478075853596,0.6714396258709263
Central_India,1990,115.71781561883824,8.820540656297307,-0.5001661814916947,0.06514597673117473,0.9986119031164247
Central_India,1991,113.79405762082862,9.859544784888207,-0.07687055355787921,0.06751785491755335,0.9976680328817515
Central_India,1992,109.87667574445345,7.275788958375558,0.08838197530493652,0.08738697170792198,0.9607114131012594
Central_India,1993,114.15539227446473,9.71149370249115,-0.3920748557347738,0.07787492638190399,0.9866968947355468
Central_India,1994,114.19021097649,6.429352332862301,-0.23567265435959472,0.09389727371556877,0.9316583978634325
Central_India,1995,110.25561534826096,11.113303448154191,-0.3783150554522803,0.09565959387385692,0.922187100568501
Central_India,1996,114.8814401741644,9.24539580778027,-0.15996528237803104,0.09608623877999423,0.9197940713076846
Central_India,1997,115.55795593052193,8.4775229435758,-0.14926132062427808,0.09282066904719571,0.9371122733419031
Central_India,1998,120.28976648636791,10.118151846770811,-0.28249483621807936,0.08658368348705914,0.9636419074602802
Central_India,1999,114.07072262028763,8.20724830068438,0.036462247341451065,0.08046375817862461,0.981423288224198
Central_India,2000,114.94189243976825,10.455650860976352,-0.17392305113609113,0.06476403048664917,0.9987303069840516
Central_India,2001,118.93946987833785,10.392873572425703,-0.26796581765859995,0.08101214703767529,0.9801440179318092
Central_India,2002,115.98735965076116,8.478073213035128,0.06998613729759617,0.09340356219477897,0.9341909896589972
Central_India,2003,114.15320769979951,7.9552534910775226,0.07865461799694384,0.08098198518465105,0.9802159072629877
Central_India,2004,120.88476749857821,7.031193053635102,-0.090886286464119,0.09015095211110813,0.9495305402065041
Central_India,2005,116.50247236369154,9.518338386254724,-0.32632197282333136,0.1192193216419749,0.7432638254164081
Central_India,2006,119.13031975445872,9.795211694683879,-0.2706807555584756,0.13665261907910237,0.5824938898980567
Central_India,2007,114.65680936289525,8.15289131256385,-0.09211747157957859,0.09232722903453838,0.9395267418081429
Central_India,2008,117.05757131319795,9.543664180366395,-0.1336699445709224,0.09375403375270308,0.9323986605777017
Central_India,2009,117.75394258860732,6.9396381156107445,-0.20323345479208207,0.0866463390293224,0.9634184612275077
Central_India,2010,115.26928479994191,9.520772334405947,-0.47364016164074824,0.11605965587591482,0.7713551345116958
Central_India,2011,114.05005717373032,9.34823768215954,-0.15335912186277775,0.11978358392012489,0.7381755548481974
Central_India,2012,114.92003002383879,8.72629738405759,-0.07382704710330319,0.09042575740655012,0.9483255837232898
Central_India,2013,117.43595291374618,9.334241020085475,-0.42695035886568533,0.10305854761970767,0.8754348189039207
Central_India,2014,114.22020476469535,8.700710529411296,-0.25835253564817495,0.09995962821189369,0.8963387388467052
Central_India,2015,115.79219057335794,8.682872326294198,0.03254401449483739,0.09543842198645541,0.9234123958251038
Central_India,2016,116.84568889130719,9.693117592714925,-0.3003822525909638,0.08515281634696792,0.9685103739599953
Central_India,2017,117.31529198427255,9.266717293985486,-0.18931923933780348,0.08607176674904765,0.9654351643812695
Central_India,2018,115.00891089149576,7.452492146696056,0.04587547974960865,0.09847307873828276,0.9057031290238743
Central_India,2019,117.62392490488728,9.806525424455348,-0.4120741668896385,0.07050260968570188,0.9958341029530924
Central_India,2020,117.26948179556058,10.990936422949634,-0.4266884283835421,0.12532630039903883,0.6873990803382917
Central_India,2021,117.57753220565635,10.878523148013528,-0.38119170898582655,0.09493099967430874,0.9261839620143292
Central_India,2022,116.87257877059503,10.322589668278823,-0.3389236456118572,0.1289477538696045,0.6537850091653716
Central_India,2023,117.83230273402408,8.86669103855299,-0.5869339594916141,0.10083972330877716,0.8905880191759242
Central_India,2024,114.23058818120533,8.301199758020932,0.08079066923053321,0.0948657622424639,0.9265362798123717
Central_India,2025,115.75399257794382,6.808345682022606,0.08467377190516474,0.09355117533680632,0.9334393642972516
Central_India,2026,112.9897200980055,10.023058135497905,-0.2224227405175387,0.08799443304963062,0.9584002659823304
Central_India,2027,113.79657770919286,8.194708089999857,-0.13773292056393735,0.1308891618067407,0.6357389523137196
Central_India,2028,112.19176373775235,7.015012548163199,-0.011476086229605503,0.09662562309839762,0.9167135773125603
Central_India,2029,114.16748428722818,10.110188751360438,-0.2324281259612277,0.06058141522001348,0.9995743301940893
Central_India,2030,114.73766154217722,7.232723207364879,-0.074015080979289,0.133645423129636,0.6101822009372075
Central_India,2031,118.75694583043276,8.313823782022101,-0.3228549487557043,0.10172665045772511,0.8846413584905934
Central_India,2032,115.69702689995505,7.718544738923482,-0.1874986807877044,0.08962047405435403,0.9518088059056016
Central_India,2033,117.28171618162753,9.684324712546765,0.057938221654889946,0.09755170984647632,0.9112824577948307
Central_India,2034,117.45210469436054,8.274054784350302,-0.1321548467500046,0.11418538420711849,0.7876328928840397
Central_India,2035,117.20980408472813,6.804310924496013,-0.21486777906933652,0.07458358255392372,0.9917363179700224
Central_India,2036,118.94244595695126,8.747265552584587,-0.24347700744754822,0.087286139852875,0.961087102803753
Central_India,2037,117.55153253027873,9.16750480952037,-0.20595847804302497,0.11380029842980666,0.790935911290302
Central_India,2038,117.56356275376488,7.883022852758482,-0.08355811154996748,0.08940272020014495,0.9527257822042825
Central_India,2039,116.3151101819928,6.724305103727353,0.049843034413090584,0.07859822411530226,0.9853468045137932
Central_India,2040,120.1434144833116,7.935480861794163,-0.3156398239328388,0.1060358317025723,0.8537245381312925
Indo_Gangetic_Plain,1860,91.79264794382104,10.260422684879284,-0.3431283188078239,0.07744224187507598,0.9874607487827294
Indo_Gangetic_Plain,1861,88.54296430200876,10.02553167748766,-0.183064086521737,0.09711652673466764,0.9138568734825852
Indo_Gangetic_Plain,1862,92.12704712094546,9.301863123252211,0.06694736220569174,0.08509678769617679,0.9686919303756801
Indo_Gangetic_Plain,1863,93.62765631443389,8.597253831592477,-0.03857611726908731,0.09928112457181126,0.9006678740278438
Indo_Gangetic_Plain,1864,93.38926106224042,9.91123778547099,-0.18816487561003364,0.09133125294869993,0.944235881136396
Indo_Gangetic_Plain,1865,89.58960836907244,7.3382796144419284,-0.2573884694793942,0.09324907292045584,0.9349725129871013
Indo_Gangetic_Plain,1866,93.06418717956889,11.083005904136598,-0.4069141115732883,0.12106857283276773,0.7265210370820929
Indo_Gangetic_Plain,1867,94.1646664261242,10.85886471111482,-0.4596714524698224,0.0816981821700548,0.9784602154981158
Indo_Gangetic_Plain,1868,90.96411061120094,11.19075719581867,-0.1204082721743252,0.12114308190360823,0.725842623444008
Indo_Gangetic_Plain,1869,92.1515788394105,7.501185467950378,0.09097699614076965,0.11093067471310825,0.8150450025391809
Indo_Gangetic_Plain,1870,92.8107467611753,11.759645253702557,-0.3020606753308309,0.1271778338667168,0.6702323659775453
Indo_Gangetic_Plain,1871,94.19243350529493,9.491061488441964,-0.3719746197993548,0.0802930263520647,0.9818096533941228
Indo_Gangetic_Plain,1872,90.83929432039332,9.644271896359236,-0.2892751342688057,0.10689885141648292,0.8471585976835898
Indo_Gangetic_Plain,1873,92.98740938924371,9.005121823025748,-0.18446878913783832,0.07435163449877374,0.9920281809290241
Indo_Gangetic_Plain,1874,93.89091576262126,7.343563911584889,-0.0020138035014515645,0.07308732546362129,0.9934863866689083
Indo_Gangetic_Plain,1875,90.00429218968482,11.704496692612128,-0.26246524140370076,0.11134651076232777,0.8116101698648367
Indo_Gangetic_Plain,1876,93.23353969324702,11.100151079869029,-0.3990188803768126,0.1358407422468934,0.5899421321794676
Indo_Gangetic_Plain,1877,96.67745123836906,8.549084820209782,-0.3320810034277874,0.10153337303879367,0.8859499867642666
Indo_Gangetic_Plain,1878,92.72468793188663,10.616672373928527,-0.24564730230982762,0.07980360949737975,0.98288627821552
Indo_Gangetic_Plain,1879,93.60236680300007,9.796679310266441,-0.12959855411769206,0.11279037315372342,0.799525585976337
Indo_Gangetic_Plain,1880,90.73986755312995,11.227467751555373,-0.24915856441371936,0.07084470568959456,0.9955679130463991
Indo_Gangetic_Plain,1881,94.57652607055277,11.766967954513909,-0.3531676637628515,0.09019587360476533,0.9493347241397967
Indo_Gangetic_Plain,1882,91.14471484592126,12.69149190526116,-0.3514313330016763,0.09188885399032976,0.9416265847047988
Indo_Gangetic_Plain,1883,91.8011797297842,7.199950195218191,-0.006201752552687699,0.10175919854389087,0.8844202922404906
Indo_Gangetic_Plain,1884,93.05922273525572,11.148762410148045,-0.5535424364772183,0.10567441069109348,0.8564391751133309
Indo_Gangetic_Plain,1885,90.38052348078737,12.037566777925708,-0.12065760508687634,0.09352845967890563,0.9335553398321745
Indo_Gangetic_Plain,1886,90.960116461144,6.2309000034085456,0.07406718868456688,0.07248518454694836,0.9941057619378401
Indo_Gangetic_Plain,1887,89.37787754620112,8.253620722133784,0.066385846017334,0.09076196732689046,0.9468284341340237
Indo_Gangetic_Plain,1888,91.95326424955604,9.481628439704071,-0.4344614649704412,0.09401569164540369,0.9310430375238947
Indo_Gangetic_Plain,1889,95.3572756797981,9.32548188706462,-0.39203740370303913,0.10892466390892375,0.8313048264435658
Indo_Gangetic_Plain,1890,95.01964471736039,8.470461110940509,-0.24563497581219834,0.09648718401832268,0.9175100669255885
Indo_Gangetic_Plain,1891,90.77664725285202,11.601789132321793,-0.3872174678147985,0.10468953859723978,0.8637279927774136
Indo_Gangetic_Plain,1892,94.66410098545569,7.266847540174432,-0.14512094052004715,0.11184067803341041,0.8075012826705126
Indo_Gangetic_Plain,1893,96.3468918280482,8.722645381370487,-0.4186389812782759,0.09736034058641002,0.9124193806103726
Indo_Gangetic_Plain,1894,93.3218248681662,8.782478666044794,-0.1662397324937075,0.10274433289539905,0.8776360807935721
Indo_Gangetic_Plain,1895,89.26412805271184,6.569309395132404,-0.045607161851895534,0.10577289426806635,0.8557015516355994
Indo_Gangetic_Plain,1896,90.17102191047869,11.649259031679787,-0.17158950796172695,0.10678696344657002,0.8480164055503674
Indo_Gangetic_Plain,1897,94.38440932370199,11.015665016594374,-0.30499632836536095,0.07515673496120545,0.9909812624997071
Indo_Gangetic_Plain,1898,90.70073573820905,9.211407388377168,-0.06355071512522437,0.07324722835796071,0.993313976751377
Indo_Gangetic_Plain,1899,92.94289769121868,8.804078894564883,-0.24359613626812288,0.1044147727363523,0.865732489208538
Indo_Gangetic_Plain,1900,91.59715480674238,8.720612505837334,-0.1063092118153263,0.09341886601532778,0.9341132865130855
Indo_Gangetic_Plain,1901,91.70398942733662,10.094785801103562,-0.3489860730748733,0.07517489705146024,0.9909565348596305
Indo_Gangetic_Plain,1902,93.86813336919747,9.617533882217568,-0.1540089925394515,0.10216823955217802,0.8816251954977519
Indo_Gangetic_Plain,1903,87.18133324520264,9.731972334490612,-0.3398680415217519,0.13507947028093947,0.5969455511218184
Indo_Gangetic_Plain,1904,90.80965959266555,10.487295348026556,-0.540893205848723,0.13221494231647535,0.623431427026838
Indo_Gangetic_Plain,1905,92.09780252811942,8.693521704953763,-0.2930549834302571,0.09443780014929609,0.9288247389291543
Indo_Gangetic_Plain,1906,93.68509804880006,7.598742665748716,-0.2586994560007596,0.11159238364841112,0.8095694121732013
Indo_Gangetic_Plain,1907,89.7553669179213,8.906702374765217,-0.22736442398858353,0.09739380117080632,0.9122211386668944
Indo_Gangetic_Plain,1908,95.79444545553801,8.654864480112643,-0.3888707339346148,0.06857056466313544,0.9971140519664224
Indo_Gangetic_Plain,1909,90.9365131761843,11.006022438299004,-0.2889985664204371,0.11270164702603402,0.8002750036519478
Indo_Gangetic_Plain,1910,91.01108781412277,5.9837914551602704,-0.023940084552186713,0.11409557978382001,0.7884045044077714
Indo_Gangetic_Plain,1911,95.61384912386659,7.896638007229274,-0.2747087737080055,0.1068241135819692,0.8477318016875525
Indo_Gangetic_Plain,1912,91.0877571376571,9.34914531827961,-0.11484344651311346,0.10821319827332232,0.8369406905424686
Indo_Gangetic_Plain,1913,88.99014550827283,9.941677436033428,-0.1738632974684045,0.1482881363357652,0.4793188545123058
Indo_Gangetic_Plain,1914,91.74766019458303,10.124292687235112,-0.2713025405830237,0.09902115999928002,0.902302181970559
Indo_Gangetic_Plain,1915,89.9351532911414,9.497360217897997,0.028086402198476204,0.10364310803829863,0.8712925356875977
Indo_Gangetic_Plain,1916,94.66902080841463,10.257002358939394,-0.3534758010339506,0.08133253050611372,0.9793693157606601
Indo_Gangetic_Plain,1917,94.31325452818905,9.844693993567137,-0.5322379840355325,0.10999356540985611,0.8227064050969622
Indo_Gangetic_Plain,1918,93.45711787729172,10.661245378344411,-0.3444615094488338,0.0739297074698313,0.9925393814847858
Indo_Gangetic_Plain,1919,95.33800591790069,9.739911502193703,-0.1789396705858043,0.08686487421740224,0.9626323256151395
Indo_Gangetic_Plain,1920,92.58169467285114,8.885648724918564,-0.1790899133058627,0.11930359342471208,0.7425051230563402
Indo_Gangetic_Plain,1921,91.27097316412488,8.888839356705954,-0.13261379441405663,0.07199132270373479,0.9945796187049045
Indo_Gangetic_Plain,1922,91.55212610874577,7.932031944433124,-0.2783606312559912,0.10127186516711195,0.887709329373958
Indo_Gangetic_Plain,1923,96.30910012744005,10.685572216706484,-0.33664163124015284,0.10369393948985217,0.8709294744336208
Indo_Gangetic_Plain,1924,91.40433489319048,10.782134935386123,-0.21548904144324096,0.08525991616809125,0.9681614329718172
Indo_Gangetic_Plain,1925,89.86457000913039,7.004390093330013,0.14861026967710422,0.08069536944933764,0.980890141975709
Indo_Gangetic_Plain,1926,92.90721716525447,7.371586587047222,-0.34294340363864007,0.1135821519257521,0.7928003621273986
Indo_Gangetic_Plain,1927,94.62819860188071,8.309262003864202,-0.31995829909805756,0.09397705656525024,0.9312441409581806
Indo_Gangetic_Plain,1928,93.69097026695731,10.012171388020747,-0.07235144122419182,0.1043541259415045,0.8661731911766987
Indo_Gangetic_Plain,1929,90.16964405023444,10.48827070582789,-0.32966302256495533,0.07435171263541873,0.9920280839153516
Indo_Gangetic_Plain,1930,93.59730527637203,9.618468460748929,-0.08598593984351156,0.1086369826055037,0.8335922962543053
Indo_Gangetic_Plain,1931,90.90080763989951,10.035006917843944,-0.43630071465610337,0.09859931574201375,0.9049251960759759
Indo_Gangetic_Plain,1932,95.61048413391208,9.521011271064115,-0.25074816638316716,0.13704044759302758,0.5789441223743585
Indo_Gangetic_Plain,1933,93.11067350058678,6.902523561398849,-0.2456766726358347,0.09867924573492298,0.9044309573218253
Indo_Gangetic_Plain,1934,92.23421703705885,8.630990306879397,-0.1658835103587533,0.12557844520820582,0.6850649366448338
Indo_Gangetic_Plain,1935,95.92366028589313,8.372177135289837,-0.1903129201538403,0.11763498841466213,0.7574409881319414
Indo_Gangetic_Plain,1936,90.37243463562736,11.72171428670061,-0.4207115123109664,0.07993093030411301,0.9826105811508916
Indo_Gangetic_Plain,1937,92.35551205808669,9.391725539747188,-0.20682372222528528,0.07702696700701644,0.9881637880008225
Indo_Gangetic_Plain,1938,94.29899145682211,8.402911831237187,-0.13114929605935993,0.09816072314006297,0.9076140719715143
Indo_Gangetic_Plain,1939,96.68570361370817,9.922761174517703,-0.5818995626613435,0.0986872681943739,0.9043812797916878
Indo_Gangetic_Plain,1940,93.58329297761173,12.389424853818348,-0.28203601481089147,0.06965978624551439,0.9964374177920448
Indo_Gangetic_Plain,1941,94.58271698809955,12.782373020228649,-0.4039447655922719,0.08083188625649962,0.9805710046848357
Indo_Gangetic_Plain,1942,91.61822521866111,11.56107957459238,-0.43235354693329575,0.1300688509868385,0.6433623132072659
Indo_Gangetic_Plain,1943,94.63739201359114,11.328446914242082,-0.5485838028200676,0.14001236159314723,0.5519472172188661
Indo_Gangetic_Plain,1944,92.76185949537782,8.747800812842943,-0.16059757735171096,0.057984569048160295,0.9998089901151197
Indo_Gangetic_Plain,1945,95.13649119123653,8.93835184856924,-0.30843892014972923,0.12416847920138718,0.6980975837553351
Indo_Gangetic_Plain,1946,91.83387247456645,8.426849573522428,-0.14811057198108052,0.08756631761792755,0.9600376098190652
Indo_Gangetic_Plain,1947,95.79850806507423,8.38582246885479,-0.05145136664055677,0.06949771915757236,0.9965452166632626
Indo_Gangetic_Plain,1948,93.8461320492725,10.566719734230674,-0.3689775709526639,0.10437120941016692,0.8660491144648672
Indo_Gangetic_Plain,1949,94.60008341955225,9.097326078260071,-0.3575288086505753,0.10791587336611297,0.8392745031304925
Indo_Gangetic_Plain,1950,92.84135622989899,10.263735340975767,-0.26822756877539894,0.09784448521782318,0.9095284447716105
Indo_Gangetic_Plain,1951,92.81229984429574,8.82717901619721,-0.39051897028648774,0.09520630574196808,0.924687078920879
Indo_Gangetic_Plain,1952,93.06081756785397,11.710327343063655,-0.21634804588162498,0.12142422767695016,0.7232803422032209
Indo_Gangetic_Plain,1953,89.46561441678722,8.707584974729304,0.015937194521072076,0.07785687380281003,0.9867294123165462
Indo_Gangetic_Plain,1954,93.55532427950277,11.817392291198246,-0.156631090678635,0.08539420933323988,0.9677203769550035
Indo_Gangetic_Plain,1955,92.18059448216434,7.104932586053616,-0.15419215731016594,0.16042300774938778,0.38206925241788026
Indo_Gangetic_Plain,1956,97.57065358840691,6.140219977134006,-0.1577874436681672,0.09278282580289465,0.9372993481039859
Indo_Gangetic_Plain,1957,96.65549407353728,11.641728387489472,-0.21970871021948726,0.12764852206356453,0.6658606215949513
Indo_Gangetic_Plain,1958,90.37393664648863,9.78142006049724,-0.3797536382189126,0.09437196670906081,0.9291732573924083
Indo_Gangetic_Plain,1959,92.47268227198282,10.858510926556706,-0.2666992141339748,0.11135517725393129,0.8115383606591658
Indo_Gangetic_Plain,1960,94.65460871091406,12.43337545322657,-0.5093327165236923,0.110387681497647,0.8194979057109237
Indo_Gangetic_Plain,1961,92.59726899558768,10.850643866794762,-0.09847662682780842,0.16520747689296167,0.3472848538119071
Indo_Gangetic_Plain,1962,90.18884186924103,11.267487288822029,-0.13172869774578955,0.09068795106438482,0.9471601968879183
Indo_Gangetic_Plain,1963,93.113981772453,11.98801358328853,-0.5230902256838417,0.103083971185299,0.8752559326105863
Indo_Gangetic_Plain,1964,93.23890000712414,7.06230754213341,-0.09675825290490135,0.08490988660751342,0.9692926591145742
Indo_Gangetic_Plain,1965,93.10633663352701,8.380146072523594,-0.34235158435577995,0.08753087386437347,0.9601713386277612
Indo_Gangetic_Plain,1966,92.21514841157219,9.354998213620402,-0.30526610116847874,0.08873451081030992,0.9554734652628416
Indo_Gangetic_Plain,1967,92.5749363554329,7.9794980359313135,-0.31219317401928126,0.10388261261718734,0.8695779216643038
Indo_Gangetic_Plain,1968,95.26389872719213,12.916936775945945,-0.5122445980394441,0.09296734104080101,0.9363842320924711
Indo_Gangetic_Plain,1969,93.07869749072458,11.85931339538762,-0.380728974761822,0.10843409749130706,0.8351985182812253
Indo_Gangetic_Plain,1970,91.10267272803762,7.19697551012667,-0.24808485584108975,0.10816297836635236,0.8373357838758543
Indo_Gangetic_Plain,1971,94.04622468525744,7.4394559723543665,-0.327073806455901,0.08794326377824913,0.9585981115244127
Indo_Gangetic_Plain,1972,93.97158382137317,7.741231996240325,-0.2921217941550275,0.07873532324723041,0.9850803724852885
Indo_Gangetic_Plain,1973,93.14379526650704,10.33115345210295,-0.20559573694689037,0.07816766493750815,0.9861616304289949
Indo_Gangetic_Plain,1974,89.1479821136976,9.33608293658704,-0.296375985897935,0.08767308505507604,0.959633090265469
Indo_Gangetic_Plain,1975,93.45588823380947,11.300866172706495,-0.04715102300744543,0.11745913232138852,0.7590037842317994
Indo_Gangetic_Plain,1976,95.23986505429521,10.473556682106164,-0.2394281876172088,0.08650634848551142,0.963916511173137
Indo_Gangetic_Plain,1977,90.25310823159137,11.101320889791975,-0.1310051524674804,0.0783869695014921,0.9857507312667979
Indo_Gangetic_Plain,1978,88.61982834099427,8.614413899560402,-0.10886128564248329,0.08598936323758113,0.9657184483088382
Indo_Gangetic_Plain,1979,92.10710711150223,8.587338794264532,-0.39097726647103925,0.08622483284938787,0.9649050066986065
Indo_Gangetic_Plain,1980,95.13564205838802,10.334132479496663,-0.2613384482548776,0.09121096859314606,0.9447896811086263
Indo_Gangetic_Plain,1981,94.14205272767288,11.619993496397777,-0.5686483572187314,0.08444080694243161,0.9707672068646012
Indo_Gangetic_Plain,1982,90.80987780562734,6.580701990610597,-0.05283024364504632,0.08800352225590424,0.9583650616395524
Indo_Gangetic_Plain,1983,88.28030546054069,9.191358416712077,-0.16599349190948667,0.09518950243977664,0.9247789074832968
Indo_Gangetic_Plain,1984,92.96003021668207,9.118397306876572,-0.030210314586518336,0.0967909161570226,0.9157573193186606
Indo_Gangetic_Plain,1985,92.68262869996497,10.106017266654021,-0.6802318095121571,0.12010307508734275,0.7352862430148418
Indo_Gangetic_Plain,1986,92.42297972165389,8.167150085533686,-0.03133048164024336,0.0743272232417142,0.9920584468251594
Indo_Gangetic_Plain,1987,92.84259289721206,9.58173565192717,-0.08070291046635719,0.07212537305175631,0.9944539663049112
Indo_Gangetic_Plain,1988,93.540681731729,9.43847121062745,-0.208826327642117,0.10605873139511102,0.8535518317178136
Indo_Gangetic_Plain,1989,95.3841027013988,8.7310703425884,-0.2609605371214947,0.10010399720721697,0.8954058153715994
Indo_Gangetic_Plain,1990,92.73900896013852,7.4673534377668584,-0.20946858928162376,0.1135883570655456,0.7927473957906942
Indo_Gangetic_Plain,1991,92.77997280836378,9.154953304449016,-0.018280129236405422,0.07620445901877942,0.9894716543745223
Indo_Gangetic_Plain,1992,92.2231601842431,9.096655692757512,-0.2938676960770904,0.125433741951415,0.6864046443821693
Indo_Gangetic_Plain,1993,94.18777474848807,8.85403989540997,-0.20739528098027527,0.07170765175572757,0.9948383748135948
Indo_Gangetic_Plain,1994,94.85585706377628,5.660496245429979,0.12346996392844142,0.10021704005176146,0.8946724549918393
Indo_Gangetic_Plain,1995,90.45866029680356,11.934466890356642,-0.4152522023024604,0.074167654398679,0.9922541885345508
Indo_Gangetic_Plain,1996,91.76238285514138,8.894582178607312,-0.0750666992358685,0.1363702380371633,0.5850819157827017
Indo_Gangetic_Plain,1997,92.26907775542618,7.604926331279016,-0.09803335429554454,0.0914285001921884,0.9437857907436259
Indo_Gangetic_Plain,1998,95.40047000457815,9.661806852130935,-0.45628071728957,0.08776658075124388,0.9592767726652958
Indo_Gangetic_Plain,1999,93.66581796946383,8.098004074473737,-0.06678515638073651,0.08297800640034547,0.9750649466804604
Indo_Gangetic_Plain,2000,94.09241037666334,7.74626296276869,0.015435611146236882,0.10290076143865068,0.8765424369523744
Indo_Gangetic_Plain,2001,97.19405395752418,6.693078914246296,-0.16397911177988034,0.10517044564623912,0.8601889945010829
Indo_Gangetic_Plain,2002,89.66703534082154,11.966919128038327,-0.1629433322892515,0.11679907259493438,0.7648486945197076
Indo_Gangetic_Plain,2003,101.10822384980361,13.786709048130978,-1.0408747149713,0.22986516963283682,0.07089948158439052
Indo_Gangetic_Plain,2004,97.7123605716258,11.324264101165877,-0.1320836560577601,0.10987982560316278,0.823628606986086
Indo_Gangetic_Plain,2005,98.86654887898797,9.26729183328937,-0.43720722482174673,0.08433827992103116,0.9710832133966252
Indo_Gangetic_Plain,2006,96.84411902016647,8.460908027221123,-0.10795506091350761,0.12693845561638417,0.6724547712161645
Indo_Gangetic_Plain,2007,94.0198182612643,10.892390991398184,-0.3765488522698919,0.08867376114630399,0.9557183193630852
Indo_Gangetic_Plain,2008,96.99940360028582,9.94999471014474,-0.19995885822378046,0.08573036955070923,0.9665991308248696
Indo_Gangetic_Plain,2009,94.51160684900034,10.847909515417424,-0.16306045169276834,0.1058338050404245,0.8552445563630471
Indo_Gangetic_Plain,2010,93.64351497513479,8.615168792738745,-0.12300404836077444,0.08882944564364714,0.9550891752841365
Indo_Gangetic_Plain,2011,95.2989845449713,9.267029713354873,-0.4097556548997968,0.12542636144346192,0.6864729634598651
Indo_Gangetic_Plain,2012,96.16254550140374,7.717223040096396,-0.20770214738687856,0.07915984506600306,0.9842337108203619
Indo_Gangetic_Plain,2013,95.90792668102338,10.989887752909253,-0.34411576247674097,0.0888867350890703,0.9548562969640251
Indo_Gangetic_Plain,2014,94.47628349531198,7.679401977185972,-0.04633437918355114,0.1222239870597045,0.7159717821458902
Indo_Gangetic_Plain,2015,97.42265517015724,7.4863123534065865,-0.07504031542316816,0.09337084766573556,0.9343569212507732
Indo_Gangetic_Plain,2016,96.88181405274993,7.730379140031349,-0.20475270364618506,0.08057894917001451,0.9811594309380228
Indo_Gangetic_Plain,2017,92.81387558039992,10.373858682708034,-0.1839915588436693,0.054206412983508034,0.9999516370663767
Indo_Gangetic_Plain,2018,96.52220445246772,9.535212438956197,-0.17311636638962874,0.11417129233635592,0.7877540249961897
Indo_Gangetic_Plain,2019,97.57448032750099,7.639170834587697,-0.300657927113889,0.06922248054042401,0.9967224646396242
Indo_Gangetic_Plain,2020,95.18629687399478,10.34542195386252,-0.19869902471102685,0.08718762410308939,0.9614519848925291
Indo_Gangetic_Plain,2021,96.4909104632562,10.12962107259128,-0.2787536813349487,0.13524356104012192,0.5954344894696899
Indo_Gangetic_Plain,2022,95.00427263221638,10.192560634735344,-0.5842509014217663,0.11489971801882026,0.781467293260025
Indo_Gangetic_Plain,2023,99.318467248997,10.359988224077998,-0.4515235807904938,0.07953170937221121,0.9834648149392505
Indo_Gangetic_Plain,2024,98.24836464543233,9.3477802412574,-0.4250360679763964,0.11482694301516772,0.7820976619526759
Indo_Gangetic_Plain,2025,96.91378925070501,9.49564601958182,-0.456228911322512,0.06886909907990241,0.9969395555706977
Indo_Gangetic_Plain,2026,95.13698690230399,8.071870332035765,-0.15998959954011377,0.11634988202683094,0.7688066778362778
Indo_Gangetic_Plain,2027,96.33850027297481,10.383763900406581,-0.3300310262944903,0.09894185538759181,0.902798037902714
Indo_Gangetic_Plain,2028,94.141594942938,9.11422777361839,-0.39047231665303195,0.09192541617824335,0.9414530782987915
Indo_Gangetic_Plain,2029,95.34130333491612,9.07017122960734,-0.035038041046454305,0.07869247329178258,0.9851640097039926
Indo_Gangetic_Plain,2030,95.3567850151043,8.475803969716488,-0.19198170982265925,0.15637047532235376,0.41315948571007943
Indo_Gangetic_Plain,2031,93.27196238594712,6.3573682257810304,0.031737452886353906,0.09781591959914948,0.9097003583093849
Indo_Gangetic_Plain,2032,94.84958791334077,10.268263733040119,-0.3638753932288086,0.08498391923407367,0.9690556096419144
Indo_Gangetic_Plain,2033,97.75664448003619,10.464335059076387,-0.35935422206014067,0.09981236014038083,0.897286148369666
Indo_Gangetic_Plain,2034,96.89519629518847,10.27785452801999,-0.4089251961771784,0.07503127987979907,0.9911507124858154
Indo_Gangetic_Plain,2035,97.36792594337103,7.098504092889131,-0.21337416120920305,0.12181742474979074,0.7196906703907805
Indo_Gangetic_Plain,2036,99.51426093787953,7.89746048166022,-0.19128215305396687,0.09930720638109247,0.9005031582942113
Indo_Gangetic_Plain,2037,95.23217367611707,7.98066395784306,-0.09418358818427605,0.1539956746298622,0.43204497532238184
Indo_Gangetic_Plain,2038,97.00759754476991,8.032736379038376,-0.17691096879471147,0.0963745648283289,0.9181550321395959
Indo_Gangetic_Plain,2039,95.47578907635751,7.454818815873653,-0.10203708203224937,0.08470130628047645,0.9699541698216028
Indo_Gangetic_Plain,2040,99.57588340803636,9.657581905297587,-0.2971292728967467,0.1140445115351659,0.7888429318141881
Northeast,1860,131.78541134806488,14.295326110292686,-0.09121341701155232,0.08763011432051193,0.9597962021492624
Northeast,1861,131.88196703380856,13.269429319767582,0.052210477662401555,0.06809481512130144,0.997375925128694
Northeast,1862,130.99568269903878,11.960053796293018,-0.1009183959543518,0.09120849214907467,0.9448010490183651
Northeast,1863,136.77072326794433,12.68274094963208,-0.11200759085930892,0.08560846906370062,0.9670085695945616
Northeast,1864,137.43287265869384,14.671893033968168,-0.0010162980576883434,0.09366411429147814,0.9328610750387947
Northeast,1865,133.16418986794037,12.409381750926357,0.10923287093643252,0.10354936147958294,0.8719609222554056
Northeast,1866,137.94591094187868,14.108842087830258,-0.42722344980931104,0.11495644385600673,0.7809755970095834
Northeast,1867,136.818300554978,10.051537873048067,-0.1402947128154965,0.10152176889461964,0.8860283308136716
Northeast,1868,136.09956812026596,10.93773808917642,0.15556844039684026,0.07925685035577124,0.9840356057661093
Northeast,1869,127.95574740882114,12.321947161969135,0.22748742795137228,0.10124551720021974,0.8878858688832618
Northeast,1870,135.97352178310152,13.544258673163995,-0.11689755515540814,0.09880846823024406,0.9036291871479123
Northeast,1871,137.3882646946771,13.260899684306189,-0.2662087697815049,0.12052817231601579,0.7314330801745719
Northeast,1872,136.2273745344093,15.471694374037959,-0.12246057692912388,0.07264283334279265,0.9939480938359888
Northeast,1873,134.82543027012755,12.569989335037342,0.15017525214284042,0.09689238905499165,0.9151674414085607
Northeast,1874,132.00265665739107,15.378395575372576,-0.09546608469395607,0.08247085046975425,0.9764504897927376
Northeast,1875,134.73267381559054,14.390013519241345,0.0646301315579602,0.06320039831642299,0.9991340384959062
Northeast,1876,136.83306430001062,14.652926911212408,-0.02577826953429343,0.06926035705971234,0.9966985025516665
Northeast,1877,132.8978572639458,10.65209790394682,0.49719950767305326,0.15909835896327618,0.39207056177710264
Northeast,1878,131.94318870847775,17.121249616057455,-0.17707027157936783,0.1346566903014198,0.6008423474313398
Northeast,1879,135.5559799791906,9.578082313685414,0.03136159069890934,0.15247200613127337,0.4444112894470894
Northeast,1880,134.91161995190242,9.917654736300547,0.1949728254066576,0.12165637564204468,0.7211618108435799
Northeast,1881,139.26507420825646,18.49729560986008,-0.1334525653152524,0.09335570982674546,0.9344336225910953
Northeast,1882,138.75546743937724,11.37093765920304,0.023308945663868076,0.10736264744514107,0.8435824340425566
Northeast,1883,135.5515180584349,13.827400293755327,-0.005266989936021826,0.08657939819115101,0.9636571583308046
Northeast,1884,133.83455343399953,11.047659572006484,-0.04581238542639142,0.08445642071173359,0.9707188851046619
Northeast,1885,132.50103591055353,13.072496565680819,0.06615691095598973,0.14755170105199067,0.4856000517054597
Northeast,1886,136.06092827336101,11.097409908060598,0.04554766594368298,0.12396762940432138,0.6999497501802358
Northeast,1887,136.39174717811363,15.450015261937352,-0.15398509839690164,0.06728986606274001,0.9977761153537532
Northeast,1888,133.93924774679886,16.345408728628072,-0.12104035943884181,0.08445460572342067,0.9707245048426948
Northeast,1889,136.5932433687978,18.87054959717076,-0.2694383370896489,0.09784364990081895,0.9095334742560548
Northeast,1890,133.44928283742237,14.91863461533557,0.010472316715015736,0.11341004974926513,0.7942678122920964
Northeast,1891,131.5256150261169,12.853294925208363,0.09142097926505971,0.13323346273512193,0.613993777594011
Northeast,1892,137.21311428345666,18.651346392304255,-0.18513558521596005,0.08195079142600575,0.9778164962268586
Northeast,1893,137.815607362195,16.002527643457736,-0.1897068768133973,0.09140783395707075,0.9438816166419028
Northeast,1894,133.20930956428185,14.84631358165804,0.13964207257969458,0.14388941872664596,0.5173925032822086
Northeast,1895,133.64554558807848,15.234263061953662,-0.015837398209423762,0.10483595640690402,0.8626546092623673
Northeast,1896,133.80727826334876,13.441832140128586,-0.34836298412535815,0.10091152168167383,0.8901122240813109
Northeast,1897,133.62233303685753,10.774559507769304,-0.1321179958081416,0.09414097780300845,0.9303886628920861
Northeast,1898,135.8089383115248,13.973003418937905,0.08867272019074748,0.10263446793627634,0.8784015250610113
Northeast,1899,134.83415762234813,13.855525351709097,-0.0438643192608607,0.13046685684732928,0.6396630068110297
Northeast,1900,132.9734417941949,13.961259968705452,-0.0375134727584666,0.06791573918708671,0.9974695073509552
Northeast,1901,133.53141739522727,17.461864174275746,-0.47899667293309234,0.10553722842605484,0.857464019220863
Northeast,1902,136.79203173265125,11.947328880913659,-0.26931116224457397,0.10395987295537612,0.8690226750124312
Northeast,1903,132.6626961696716,14.521134687263446,0.024682644507282386,0.0849975779464619,0.9690117456659069
Northeast,1904,137.32515224458956,12.69424662613638,-0.1428785025643753,0.0837196516717042,0.9729424240593537
Northeast,1905,135.753526471846,14.964873526439845,-0.19882175954747844,0.09280781167244834,0.9371758680510618
Northeast,1906,131.86792894229166,13.6914756545284,0.10930234953295376,0.12424932782334219,0.6973516899812602
Northeast,1907,131.30867516540087,13.46478749523902,0.04063997493543531,0.09545175448585796,0.9233388293808421
Northeast,1908,140.5966144336802,11.317449774689578,-0.012974041604990008,0.09783717277847037,0.9095724684565263
Northeast,1909,138.0785583624467,16.040305501249904,-0.26738379844429383,0.08682757971994148,0.9627672314251295
Northeast,1910,140.9800605012448,10.864335101112943,0.08439832580477,0.08171155203211583,0.9784264674425169
Northeast,1911,136.60760822997338,15.422524018669733,-0.08329411220680161,0.10857192906720828,0.8341079533591987
Northeast,1912,137.3912175571423,12.611010941306386,-0.14547610664569693,0.10364586243143736,0.8712728742141294
Northeast,1913,132.24181440558172,14.35060269225487,-0.2906493673192998,0.09336213301889204,0.9344010832995566
Northeast,1914,132.62922687798388,15.110839629888883,0.03025117460612392,0.12398531257674578,0.6997867308485917
Northeast,1915,137.16349543090257,12.774455856813649,0.16588305474403203,0.10771292426360135,0.8408601155053013
Northeast,1916,135.3772092704628,14.36235689638779,-0.22224861289297798,0.12049122994496436,0.7317683201822075
Northeast,1917,137.362955091126,10.00390396915154,-0.11691101622694486,0.08392211433281704,0.9723428914165885
Northeast,1918,139.53138144778484,13.458422007175855,-0.11131566276935154,0.09192615209886443,0.9414495829308042
Northeast,1919,133.06409532534687,16.549894581815455,0.05112112356676132,0.07711359294290215,0.9880195367911083
Northeast,1920,134.4192273550412,15.802285124855928,-0.33512062949917787,0.09945429416918988,0.899571699380519
Northeast,1921,135.58288177151132,14.79856742151358,-0.334818287910564,0.14243442458761352,0.5302611052753906
Northeast,1922,132.96451080337587,12.131473092866948,-0.287443612902142,0.09904134904431139,0.9021757467506498
Northeast,1923,135.8218231035622,14.201222460989772,-0.0351512042865256,0.1277839245147953,0.6646026189093923
Northeast,1924,142.24651306041113,10.322750732912656,0.1536117188521735,0.10174571884909117,0.884511870331349
Northeast,1925,132.6295086062928,11.831914430742923,0.03986586123042992,0.08745105650696744,0.9604714665076696
Northeast,1926,131.15091847534083,11.767400693828831,0.15676566464131603,0.09041631925984461,0.9483672476376088
Northeast,1927,129.98107190605992,17.797095096676408,0.01321313483481923,0.09030377242271315,0.9488625423691779
Northeast,1928,134.8397944218704,14.59060588266486,-0.2753123582574228,0.10979401323691618,0.8243232476419747
Northeast,1929,130.88674725404715,12.938319169782076,-0.09797586435806466,0.1354237192698987,0.593776389557416
Northeast,1930,135.0188784530382,11.835219520642838,0.02496678126689611,0.135325848189639,0.5946770322121855
Northeast,1931,132.08494186696183,16.28377988583658,0.10000094185121622,0.08620764752559984,0.9649647858384511
Northeast,1932,137.534348460134,16.38332067788462,0.009516846638354136,0.1125224028557131,0.801786324001131
Northeast,1933,138.15108122957972,16.566668009573895,-0.15085034224057647,0.10713260922190404,0.8453602605038808
Northeast,1934,137.09427064257045,13.985024495174603,-0.20477545988803836,0.09437660152707528,0.9291487516667882
Northeast,1935,137.77509143440207,12.237421562534216,-0.05972420555851187,0.13725661281225782,0.5769680123038551
Northeast,1936,138.96168946070048,13.101576520566812,-0.2137698774325738,0.1015188051630137,0.8860483360236371
Northeast,1937,132.52364880511868,15.946443133909911,-0.04490105420817943,0.06549944908545613,0.9984946962104151
Northeast,1938,142.64873074782963,17.037873562458472,-0.2710108287191889,0.1012992165341513,0.8875259267573117
Northeast,1939,136.5308173372092,15.55670942387743,-0.059937244851502015,0.12011173543468501,0.7352078429299425
Northeast,1940,131.39138426237471,13.158944999217013,0.11021293697542475,0.09120181219879953,0.9448317059583964
Northeast,1941,137.9148435103046,9.062709879501524,0.0809728091788286,0.09123020571300555,0.9447013281838748
Northeast,1942,142.74883756856133,19.12676292624986,-0.42909679930799627,0.11866116031190072,0.7482776561236985
Northeast,1943,133.9146365103424,16.54299046151715,-0.2192282522122242,0.09257331943851344,0.9383293096086698
Northeast,1944,127.25311851363318,17.031450140851355,0.07414211670226124,0.12759699607126673,0.6663392997704751
Northeast,1945,132.36704072309385,13.061541448998318,0.028002421318242925,0.14024521727976808,0.5498490083248652
Northeast,1946,136.15051051231035,15.398480287550253,0.00943419702158832,0.1731447092165712,0.2943190604691913
Northeast,1947,134.19133675266113,11.608118938996569,0.17150238275396243,0.10852221236989501,0.8345016374445487
Northeast,1948,132.39661538195932,9.777344327875184,0.1632256400535016,0.121544715301712,0.7221811089438268
Northeast,1949,137.83152774097363,13.457706322726171,0.027431300248461674,0.1051286973145612,0.860497751800024
Northeast,1950,134.45411422302897,10.44339803263119,-0.08978382394142032,0.09641818947812503,0.9179055125330775
Northeast,1951,136.93933979762227,15.803931585312135,-0.3026126811377845,0.06262596206955673,0.9992532123350687
Northeast,1952,140.29712164666455,16.15236841563883,-0.1492034396145855,0.11467877706256202,0.7833795158638355
Northeast,1953,130.17229113407416,12.862609940832591,0.09516951919602894,0.0648871140126237,0.9986930625937278
Northeast,1954,135.90024982981686,16.10392705855144,-0.20729579346904697,0.10039629164314243,0.8935044230050347
Northeast,1955,137.31629680258308,14.783458850828065,-0.1697643430058059,0.07082142512572698,0.9955864319116093
Northeast,1956,138.3745995760836,14.402700909285763,0.003986055081398545,0.16307749689003914,0.3625087909447995
Northeast,1957,136.20469329184775,17.591835079294547,0.0041015130319973685,0.08767991999788649,0.9596071077720356
Northeast,1958,131.96488500689173,13.403856409691908,-0.06342849148134949,0.08893882733309899,0.954643908225938
Northeast,1959,138.85814956851286,20.754048568094227,-0.02000816280695801,0.08506777309285585,0.9687856828810741
Northeast,1960,139.21434305112683,14.44561124654094,0.07111809651958076,0.09482580277284713,0.926751630077927
Northeast,1961,135.7548778593568,16.78628576586179,-0.17621380289104283,0.10086018442278705,0.8904525283352508
Northeast,1962,136.33471360337268,15.660969489580646,-0.19866596896453986,0.05966427136694638,0.9996754415408933
Northeast,1963,131.6502797035319,17.462538185788766,0.023638625227381256,0.06825271694583768,0.9972911700370273
Northeast,1964,133.7857761652802,14.540904780183222,-0.11146675340883927,0.10543642892932692,0.8582151021334669
Northeast,1965,130.87500298402682,9.87371131047719,0.2802961281794689,0.1307195326715792,0.6373149845746017
Northeast,1966,139.2969463290556,12.198997078252471,0.19043808715845206,0.09451145083359125,0.928433723854983
Northeast,1967,138.5912224119026,16.82463535745547,-0.4449811461167529,0.10569644224428232,0.8562742993859634
Northeast,1968,141.56227504693777,14.041546810015983,-0.24348746825478393,0.0855711480021637,0.967133275466737
Northeast,1969,129.92612202139554,13.369709376275544,-0.077264622018714,0.09705790479932064,0.914200656694058
Northeast,1970,131.8228677329788,15.588918009661995,0.014073207937125631,0.0746391383501438,0.9916652524622158
Northeast,1971,136.60265019708345,14.877361490305564,-0.3948225723678823,0.09964330129609986,0.8983684380908983
Northeast,1972,135.4765829566879,16.52065424018867,0.029840026565306273,0.15722054767896287,0.40651736206797107
Northeast,1973,136.12992660693922,13.398254600692933,-0.01479006666116962,0.10644381819552717,0.8506350873438187
Northeast,1974,131.8150947985007,17.777917925285628,-0.18754227021348382,0.08379103203039695,0.9727320421048472
Northeast,1975,146.06068561741264,19.408766900441073,-0.5712641876808386,0.11887663748001365,0.7463444437635667
Northeast,1976,140.42743100978737,17.64246966928959,-0.4007142836400699,0.1305677735249659,0.638725172661648
Northeast,1977,138.6200133685714,17.357262212390605,-0.2981984671290584,0.13907179541013148,0.5604490850605445
Northeast,1978,134.71004201826975,16.23874164279944,0.1416989587040613,0.11995892805290043,0.7365905533732755
Northeast,1979,131.96517143597498,9.063601427481629,0.5890706398674599,0.14340806577905973,0.5216357607664918
Northeast,1980,138.1258599046909,13.809115713322324,0.02821743719289274,0.11840225100064383,0.7505964747750219
Northeast,1981,134.57501190064733,15.837003173724419,0.005950354803833994,0.10476205326380217,0.863196842255444
Northeast,1982,134.90369663961758,17.288708243079157,-0.1721356811905043,0.13991447829441028,0.5528300192084962
Northeast,1983,137.2255750429751,17.169168147641926,-0.11208245514347143,0.09404809668723679,0.9308741121139659
Northeast,1984,135.76273779389402,13.199616977798655,0.16914767278763732,0.0876119863367083,0.9598648907243353
Northeast,1985,130.5191559593805,11.07216727505352,0.26475488781595097,0.10694378544577854,0.8468135616332583
Northeast,1986,137.5666019241105,15.340153455563502,-0.16750562312959688,0.09124427234200455,0.9446366702879951
Northeast,1987,139.96735519117726,12.299369271725608,-0.07463034888300067,0.08287666212902844,0.9753460685693026
Northeast,1988,137.9884021522545,14.709058137095543,-0.14293626019833586,0.11109735343926719,0.8136707611218592
Northeast,1989,133.30756519719188,16.97517237639876,-0.04854352565363647,0.13171826528250252,0.6280396944170271
Northeast,1990,135.69621071425053,15.13835860108017,0.04935368641709843,0.10982234828101445,0.8240939863191943
Northeast,1991,136.32932336289105,13.533781043430604,0.0067066975735547065,0.10473521338492231,0.8633935406748323
Northeast,1992,134.23555327161662,11.900698099836875,0.12510989414323292,0.08657389435237828,0.9636767399149878
Northeast,1993,134.64014727708454,12.996962975319974,-0.062550168532473,0.08455461657261287,0.9704137897464118
Northeast,1994,136.20419143755726,17.508882935208028,-0.18300465715977124,0.09110714121857044,0.9452651195240804
Northeast,1995,138.31524699271546,20.05597973300121,-0.16299395549997694,0.08916238919845856,0.9537255211713539
Northeast,1996,134.67767463687468,21.21413468278316,-0.1350350535433888,0.06651886509807126,0.9981125945171445
Northeast,1997,134.5291044562773,17.256170170345335,-0.100480751955598,0.12879855937199902,0.6551720555473213
Northeast,1998,132.01545876910728,13.093181437180046,-0.039787248504015736,0.09917351004962183,0.9013460554645086
Northeast,1999,134.60555460703137,12.92965110427268,0.011160289125208327,0.08993926476335129,0.9504472282344932
Northeast,2000,128.10297948910835,17.00446554468374,-0.17744291250377664,0.0868699920235857,0.9626137889287082
Northeast,2001,140.10442775987246,14.656268628286082,0.10563983917430297,0.06368751173283815,0.9990213369526858
Northeast,2002,129.64063615872536,13.367064726991,0.03795027357698619,0.08041497449547508,0.9815342588787002
Northeast,2003,133.64595729558823,14.562072152062672,0.06110541860260546,0.08306155323862419,0.9748315894930908
Northeast,2004,132.9035408923171,14.636808112828948,0.09175932882024646,0.058286330805942144,0.9997892010992612
Northeast,2005,133.15859905366943,14.65571115638063,-0.0751337818810498,0.12308714465119935,0.7080540692850017
Northeast,2006,129.60516086164432,14.327215264710485,0.003862894101308748,0.12871140634667022,0.6559822840652956
Northeast,2007,131.2083089184041,15.796325670857701,0.05977016441258633,0.1148123525970474,0.7822239826229008
Northeast,2008,138.02083493819788,18.194581270714203,-0.26903034927912495,0.09294006372118668,0.9365199881168781
Northeast,2009,131.2281689780133,12.287783368725963,0.06725961709718335,0.09831464671071272,0.9066748775398139
Northeast,2010,134.53452558327632,10.574562454284642,0.20805578344778491,0.10474941597312692,0.8632894708943784
Northeast,2011,143.3114960034896,18.991659250774873,-0.06721326676493003,0.11233995791513873,0.8033209533697053
Northeast,2012,132.65215897948906,15.080345318187742,0.09089164118266246,0.10750603786004342,0.8424702279609746
Northeast,2013,130.95687396272342,14.271601407089957,0.06099441718884542,0.06021087364505784,0.9996179386491141
Northeast,2014,139.13827620421873,17.03441362348283,-0.2249119245022569,0.09221679148573692,0.9400597566081517
Northeast,2015,132.75739511350622,10.392523573791435,0.4903755785833882,0.17355694203759553,0.2917312995575102
Northeast,2016,133.61701388313378,16.976185849506265,-0.09147895464170243,0.1429784561296616,0.5254347175520546
Northeast,2017,133.59023560278126,12.4471595986033,-0.04561229958279846,0.10510133333867494,0.8606999699693216
Northeast,2018,131.72856037664502,14.798483030836568,0.17110689641317237,0.07117395286403827,0.9952995673458869
Northeast,2019,137.24107030341668,17.595835433376166,-0.021172692019179824,0.10749248309331771,0.842575496975611
Northeast,2020,140.10248378852754,13.436537814109379,-0.017557961969178568,0.09297562353097533,0.9363429786968036
Northeast,2021,136.60887846136015,17.04823730391721,0.18843626805616415,0.08747451874261392,0.960383391050837
Northeast,2022,135.72182075620879,15.498545867986177,-0.09446278020029698,0.13458504232668067,0.6015032206596521
Northeast,2023,134.49639871616188,17.690533777115515,0.12632583021713423,0.07974008831773882,0.9830226800223318
Northeast,2024,135.942050955122,17.355789272517463,-0.0901639230605273,0.06612411346415836,0.9982686198441493
Northeast,2025,133.73249840817908,14.475845808540155,0.09049824636343766,0.10989516645155928,0.8235043224873538
Northeast,2026,134.27243275329585,20.616156952933647,-0.06227479530461395,0.09675364801420894,0.9159734239244257
Northeast,2027,131.19164438744485,15.568607820623749,0.08365563447654606,0.13837780470410854,0.5667481988195171
Northeast,2028,139.93205302787766,17.36834415448589,0.00031181315278384447,0.08931394053516761,0.9530965960675208
Northeast,2029,132.01618859426213,11.865099632616252,0.10789910888488048,0.1067223882055699,0.8485106032985951
Northeast,2030,136.9966397278534,16.3785352381186,-0.16267861265679093,0.09472290305742659,0.9273045943903466
Northeast,2031,129.5063470540523,14.917352633122135,0.07500511787738873,0.10527858275033775,0.8593879045151027
Northeast,2032,136.42463434382472,18.217782204273448,-0.10307427032349775,0.09826466343430773,0.9069803904486766
Northeast,2033,141.94017201162347,14.905508681414643,-0.11805835080189905,0.09513844549985195,0.925057557543181
Northeast,2034,141.14775799084168,18.683451263067518,-0.3891749693700165,0.0806192158031776,0.9810665891513163
Northeast,2035,134.08056308185823,20.640859157463375,-0.004511159902580596,0.09385177219702134,0.9318940343509168
Northeast,2036,132.12589110777287,14.99026375440285,0.31609000959712,0.12220512833856984,0.7161444414002831
Northeast,2037,138.0094278452599,19.953965843834013,-0.0053008677613689305,0.11310435094432697,0.7968667159624697
Northeast,2038,137.03415994548448,19.181773243185937,-0.13909951629540773,0.11374261625905968,0.791429382587653
Northeast,2039,140.5759485964232,12.41778730701746,0.12221848811446079,0.06364639619991219,0.9990312833777758
Northeast,2040,144.87698246289017,17.51666403845315,0.17393039814473332,0.08963595143881176,0.951743225887456
Western_Ghats,1860,90.58468268403857,11.144366881012319,-0.3743670455960553,0.08242113031910547,0.9765834735382114
Western_Ghats,1861,89.42104214051942,7.966923220217073,-0.03931372510401512,0.10650643505499557,0.8501586018125922
Western_Ghats,1862,84.81597576240662,9.17913850769701,-0.2003914784689368,0.11446173047774633,0.7852535102476381
Western_Ghats,1863,83.61696319618429,9.855074755856293,0.08021046105703925,0.07086389882856281,0.9955526007484281
Western_Ghats,1864,88.84731433081578,11.224974106157376,-0.4157296050976648,0.06624793480426727,0.9982208075727173
Western_Ghats,1865,89.95172389414569,11.602112800391161,-0.34995856065419056,0.11000986828350545,0.8225740826751344
Western_Ghats,1866,87.75472704125042,10.491997141117238,-0.24314770811253145,0.10666283090861145,0.8489658259793642
Western_Ghats,1867,85.73331131351225,7.925018502695208,-0.22209570122951916,0.0715242650670912,0.9950005737786323
Western_Ghats,1868,86.70786475150959,8.476879969444502,-0.05544817960369876,0.1103258122188393,0.8200029079113951
Western_Ghats,1869,86.67901696184524,10.432263017891643,-0.1748724864345254,0.07991618302097137,0.9826426717014493
Western_Ghats,1870,84.67968109467122,10.078220200707722,-0.16655238158991703,0.1014171457056805,0.8867335307620614
Western_Ghats,1871,87.45684871118137,10.884161157424872,-0.060199518135504004,0.10167043757805228,0.8850226866150941
Western_Ghats,1872,87.52575738870252,12.895557497170122,-0.2198264669354307,0.0994685174775013,0.8994813985473387
Western_Ghats,1873,85.2230038700466,9.388638854624421,-0.10033841460442336,0.07994939889253605,0.9825703347405721
Western_Ghats,1874,88.80420446570741,10.51259388182094,-0.2940967589497998,0.1063303260626437,0.8514971413655076
Western_Ghats,1875,87.96512671688848,8.15424173381913,0.020810786303555096,0.1168146579692512,0.7647110746193331
Western_Ghats,1876,84.62185447373521,13.35162786917741,-0.07109590633812872,0.13522983441191444,0.5955608634063507
Western_Ghats,1877,87.52828179266504,8.837018878288696,-0.10150888531173269,0.09876312542121646,0.9039109045238206
Western_Ghats,1878,85.54222530612368,12.068680953813004,-0.49276092793538084,0.09382778402897468,0.9320180789303838
Western_Ghats,1879,84.84187544749663,10.928048987581056,-0.4063623980547588,0.09899192264687862,0.9024851373599705
Western_Ghats,1880,87.27171360004522,10.975250416296618,-0.12876930098838332,0.06653839529255236,0.9981046002294298
Western_Ghats,1881,82.6406030035813,11.641610777536776,0.01037444935690664,0.17609307657098872,0.2761643148350089
Western_Ghats,1882,86.1393886904219,7.470048918408061,0.02899526578396943,0.05690078917173355,0.9998676424334245
Western_Ghats,1883,82.92506608544667,9.514076839777278,0.20998754640750564,0.07494539032679937,0.9912653613999715
Western_Ghats,1884,86.63296838478202,11.696567624375431,-0.40673521217087527,0.09965550985351529,0.8982904710238889
Western_Ghats,1885,80.88950600716268,9.221742914126365,-0.13055210618365082,0.09498650727047331,0.9258834693491743
Western_Ghats,1886,87.14282859125733,8.440810729926227,-0.10777244436067492,0.10249338369817262,0.8793812465900923
Western_Ghats,1887,85.47828975605992,8.6551971284686,-0.04094366886706183,0.08095677390592859,0.9802758599074924
Western_Ghats,1888,87.33125764519409,7.565514513136228,0.06023571710723068,0.061645822392650595,0.9994255860613527
Western_Ghats,1889,88.75503210083716,9.16505926637533,-0.507838974047937,0.06424422748050895,0.9988783938451219
Western_Ghats,1890,84.31710510557286,11.58690335409386,-0.26613758454685016,0.12013612907800841,0.7349869905343444
Western_Ghats,1891,87.21992722605096,12.323336929893253,-0.3651523403648039,0.09774964932115082,0.9100985393863088
Western_Ghats,1892,84.74580965705496,9.527111760012822,-0.07713245984076811,0.06364214714715744,0.9990323066287153
Western_Ghats,1893,88.35013753677713,7.893906265685825,-0.2717777169686337,0.1283702567654611,0.6591535721421444
Western_Ghats,1894,87.54057599079408,9.628821036885359,-0.3438136074031165,0.10971407847361975,0.8249694342360917
Western_Ghats,1895,84.29713702202147,6.838802770475095,0.16516481566520302,0.09486447270476778,0.9265432347832901
Western_Ghats,1896,86.5761619382855,11.519267732303671,-0.19270128317426513,0.08782885096310078,0.9590383781559171
Western_Ghats,1897,89.18622917559657,8.669039398526156,-0.0693725974862959,0.09810946740581039,0.9079257443204772
Western_Ghats,1898,85.60843540547907,9.04076808264467,-0.014143862802716572,0.12852609367862566,0.657704986243077
Western_Ghats,1899,89.5836383856047,8.860169677953268,-0.29883781869207054,0.1230553245068085,0.7083464566508861
Western_Ghats,1900,87.22160742322063,8.219768343471639,-0.025464676811314754,0.14275920784898655,0.5273777075588825
Western_Ghats,1901,86.6406110975717,9.416275621447259,0.0009022712635068911,0.10818628381405232,0.8371524789571807
Western_Ghats,1902,89.74261711000455,9.337339360228082,-0.047537925726436045,0.15512304878197802,0.42301966096302335
Western_Ghats,1903,82.81954405483977,10.671660042922674,-0.1065061881221318,0.07760812951092472,0.9871717092847038
Western_Ghats,1904,85.54937767208095,7.415399577597693,0.17435007124699137,0.07468836907963916,0.9916019008027833
Western_Ghats,1905,83.42655952113091,8.983536789102406,0.16863315705761858,0.10627961408565134,0.8518816792274941
Western_Ghats,1906,88.5558416822225,9.92563375936099,-0.24079401190788957,0.09509211432064968,0.9253099319369471
Western_Ghats,1907,89.6434591841869,11.346056589177529,-0.11064439309187282,0.14874947327832055,0.47540417756882014
Western_Ghats,1908,84.60868486952552,9.832902878934533,-0.11390071496419432,0.0972370208213219,0.9131480005831331
Western_Ghats,1909,88.01452957849838,9.56729641063319,-0.20574712035273923,0.08894170027283743,0.9546321771250329
Western_Ghats,1910,87.1016817415537,13.409217551997195,-0.12244698293197338,0.10671943172270704,0.8485332139721199
Western_Ghats,1911,87.86758154266332,9.493597550448808,-0.11867587059049438,0.08981489937020307,0.9509811055722227
Western_Ghats,1912,84.81961385473659,11.193090675444495,-0.03956813980675658,0.10368028110169061,0.8710270734778707
Western_Ghats,1913,83.76630987322572,6.857702200185907,0.18591623467144713,0.09329274943289478,0.9347520950555945
Western_Ghats,1914,89.31941185861274,7.329303545616414,-0.11469797196896692,0.05755034639728618,0.9998346947987089
Western_Ghats,1915,86.21770701492505,10.453890729780653,-0.46375796777087086,0.13248115761643,0.6209629322833432
Western_Ghats,1916,87.12984531347703,8.609011645961983,-0.1518913692185638,0.08291977032106079,0.975226749884813
Western_Ghats,1917,86.82753324626492,10.311299281710241,-0.2789524343103444,0.1026746387218283,0.8781219047040673
Western_Ghats,1918,84.04350919214163,9.50537282471501,-0.11693457468702023,0.08549278414211126,0.9673941357240268
Western_Ghats,1919,85.5998172331064,8.227118814745083,-0.08341272340322065,0.10600190999451142,0.8539802171012443
Western_Ghats,1920,84.42283699790697,9.956565324250619,-0.123333736376532,0.09150816870516404,0.9434154916484434
Western_Ghats,1921,86.52576496516987,9.76618325819952,-0.16020859191107711,0.10623097241951734,0.8522501364840726
Western_Ghats,1922,88.25078266130853,9.477340054797377,-0.21065953469237214,0.06529517151102532,0.998563346177649
Western_Ghats,1923,87.44366886158579,9.4303600597961,-0.13166309536772458,0.08210706470498641,0.977411809626494
Western_Ghats,1924,85.04259797681159,10.811382155570957,-0.3310864312431857,0.15922940200981986,0.39107411919539736
Western_Ghats,1925,87.72094442029089,9.175663073118423,0.026783231153503895,0.0971392661273991,0.9137233276753158
Western_Ghats,1926,87.69932773856755,10.049777633931505,-0.2225849714411186,0.10157893986877392,0.8856421012500788
Western_Ghats,1927,87.84503992589107,9.20000173216321,-0.11555384971048871,0.10530895367266335,0.8591625662494039
Western_Ghats,1928,88.59951633485366,8.520623273187123,-0.22791035887338773,0.06639331792668149,0.9981633595407797
Western_Ghats,1929,84.38496377461138,10.828380097935195,-0.30745707742397943,0.11269754428220768,0.8003096361982567
Western_Ghats,1930,86.97111064195175,11.01943100037241,-0.4946866682457532,0.10014744655166918,0.8951242373201824
Western_Ghats,1931,86.65085189094776,9.259592180707987,-0.11678931964797859,0.19520715909017708,0.17774232448811367
Western_Ghats,1932,86.64376427888627,11.133632519259198,-0.209012516403922,0.09840789709585995,0.9061035416758787
Western_Ghats,1933,90.19712510081523,8.912352083365572,-0.48323614532152537,0.08254722335743708,0.9762452313915625
Western_Ghats,1934,85.87029454889019,12.23625959597586,-0.35700468139845143,0.10060270265465088,0.8921516340781656
Western_Ghats,1935,86.38358925718781,10.137252322533278,-0.01628722687471476,0.10865602441401245,0.8334412454932064
Western_Ghats,1936,85.22151238556748,11.025292899192193,-0.27163518294661637,0.07358388175279673,0.9929398199306598
Western_Ghats,1937,86.17151351700556,12.142671563847323,-0.00896570425080764,0.1281557072735548,0.6611477266704497
Western_Ghats,1938,87.33088679378841,8.142134208125672,0.09405192935281718,0.15964502705840877,0.3879239440942791
Western_Ghats,1939,88.16469076106453,6.642648413523098,0.03199415077505866,0.0917055822197258,0.9424918308992295
Western_Ghats,1940,91.26795016741747,13.60200292520556,-0.41913201543798845,0.09681110989762293,0.915640101597132
Western_Ghats,1941,87.88576619483206,10.955582380228776,-0.22445702613010526,0.1452146952064828,0.5057848279399388
Western_Ghats,1942,86.91739427832286,7.722543340605553,-0.2558915812390503,0.07906560087769354,0.9844245171220476
Western_Ghats,1943,85.96569037778028,5.991179183818634,0.14483067089887997,0.10159829215097393,0.8855112232588656
Western_Ghats,1944,91.54758051651368,10.90027531513434,-0.6158724878553983,0.0700939273461278,0.9961357633251746
Western_Ghats,1945,86.89458159070846,8.211439702273463,0.0340999049262526,0.10105349683261788,0.8891684574307126
Western_Ghats,1946,85.0176481111987,9.125558659657283,0.02141870463697795,0.10873127013199313,0.8328438537790323
Western_Ghats,1947,87.14619770856427,13.540127938775942,-0.2879218084930185,0.14255520992097215,0.5291880706688572
Western_Ghats,1948,84.71257453172987,9.049680069302848,-0.33282917908780074,0.09234700237333215,0.9394310230190828
Western_Ghats,1949,89.09942514825795,9.564989863531913,-0.20044974671817206,0.09020509990370651,0.9492944501890644
Western_Ghats,1950,88.4515182704558,10.49236959929398,-0.08889123142244465,0.09546990905908675,0.9232385944876433
Western_Ghats,1951,83.97950693651043,7.970275636996817,-0.26436704145528084,0.10397318663261779,0.8689268886556374
Western_Ghats,1952,84.76475276664857,7.38804294266433,0.03951349218998193,0.0851394164299416,0.9685538571703491
Western_Ghats,1953,89.99382154858769,14.154005603108345,-0.42635775737920145,0.09075766504036753,0.9468477517300412
Western_Ghats,1954,93.42480156185027,10.395138631898408,-0.2739938935798848,0.0798053943519974,0.9828824345241394
Western_Ghats,1955,86.13646508811178,8.497577065961398,0.010129779979621754,0.09979047314644257,0.8974265855325794
Western_Ghats,1956,84.57072956624769,7.3148447524339115,0.05133038802780478,0.10191104022289454,0.88338635928879
Western_Ghats,1957,87.51689758975547,9.579628334107117,-0.1742364849271602,0.10379466463252396,0.8702087093011285
Western_Ghats,1958,87.93189374222595,9.46704950986116,-0.15557145851436627,0.1169896285983413,0.7631647568867733
Western_Ghats,1959,87.65390459030891,8.736745632821556,0.09329650501359377,0.10493839306337774,0.861901505935882
Western_Ghats,1960,86.69373917010975,9.849166899447118,-0.33570281594492524,0.07523820919260382,0.9908699454779355
Western_Ghats,1961,91.29514655250765,8.902981336647978,-0.3937502828518429,0.06845732174347763,0.9971781660685369
Western_Ghats,1962,84.40049069177931,8.495588693080869,-0.026916383684218753,0.13610132550922382,0.5875490757838913
Western_Ghats,1963,87.6633960068348,12.783222860183699,-0.3287996012933018,0.07263755302783992,0.9939534258044889
Western_Ghats,1964,87.34588221030779,8.794559874946948,-0.4509649381874946,0.08292226323890195,0.9752198379783696
Western_Ghats,1965,84.1798303208995,8.518581203401247,-0.2745357152429862,0.08555904783539695,0.9671736422231878
Western_Ghats,1966,86.89670239922788,11.534943093321495,-0.40878272529929016,0.12174115132505148,0.7203875526370114
Western_Ghats,1967,91.9665912460338,14.74228983489873,-0.37019406345825123,0.10830060693891069,0.8362521577679825
Western_Ghats,1968,84.2354058876657,10.076172486110941,0.0634287436100741,0.10936353764460865,0.8277931096284434
Western_Ghats,1969,87.10703569391521,7.556390908415395,-0.2728549374124425,0.09209608753352916,0.9406392317209756
Western_Ghats,1970,83.80990360054969,10.947803047431222,-0.04478805560108716,0.07636933252760508,0.9892183341999228
Western_Ghats,1971,90.47893685352199,9.011902619275215,-0.18992892183885993,0.09315122134067266,0.9354648107146325
Western_Ghats,1972,87.02209435176756,7.94504809210711,-0.45051334769762674,0.09105213362906261,0.9455160323692801
Western_Ghats,1973,86.58920107811204,7.794579777374949,0.13508627410858715,0.09964754895537964,0.8983413147827584
Western_Ghats,1974,87.94338779769464,10.744022066119776,-0.34338242570664257,0.11604816652789701,0.77145587583676
Western_Ghats,1975,85.2255011203475,9.557846499714302,-0.2250050316963471,0.10739241016787471,0.8433518331765602
Western_Ghats,1976,89.36480919661903,10.081879665168493,-0.18803029472960803,0.119022746598729,0.7450318794583545
Western_Ghats,1977,89.59525295921179,11.542265900726228,-0.25360710948062815,0.08648385340179199,0.963996140064008
Western_Ghats,1978,90.75646607796682,14.65102362887065,-0.33207991651418134,0.1373910742695933,0.5757397142573043
Western_Ghats,1979,89.32936769841046,9.975537121536995,-0.24289059234542243,0.09952723032409361,0.8991082155352046
Western_Ghats,1980,86.62378778835546,5.855253601503252,-0.10747354462912924,0.12139211618421375,0.7235731874490612
Western_Ghats,1981,89.24193363037756,10.131703087380512,-0.41481122386309777,0.0894782716691801,0.9524088313148696
Western_Ghats,1982,85.74711457673865,8.799640338665078,-0.03964091097593064,0.11497613924396788,0.7808048084170841
Western_Ghats,1983,83.42670602291699,9.249385700831683,-0.31859938740133875,0.09311801106156728,0.9356314157625135
Western_Ghats,1984,89.10240120590421,10.586325127768326,-0.09849376118738241,0.12075352136464174,0.7293865582352252
Western_Ghats,1985,88.59133547691727,13.589904075675651,-0.44222488420650874,0.08029707461449398,0.9818005571551659
Western_Ghats,1986,89.39022373740082,11.545124746333535,-0.17784269402809583,0.06727773444587959,0.9977817535067841
Western_Ghats,1987,88.63717336892326,8.543719653712376,-0.06049606950614311,0.13536910262871987,0.5942789545018989
Western_Ghats,1988,87.94374670951541,12.023222595183285,-0.39195089516610393,0.09336840713535971,0.9343692904782503
Western_Ghats,1989,92.35526779781175,8.751602363872742,-0.11076850715113545,0.11130428010164506,0.8119599570528893
Western_Ghats,1990,88.02550882702329,10.101673621238007,-0.3212255750493681,0.07498665889305112,0.991210411965607
Western_Ghats,1991,86.80500132313446,11.757615811809124,-0.30445776662210555,0.1203682280511417,0.7328839970025005
Western_Ghats,1992,86.8496862038463,8.218475548618326,-0.2575780601388604,0.1421036392090661,0.5332040111146343
Western_Ghats,1993,86.8918470215836,5.930046390028441,0.15253482150695147,0.11228512083921904,0.8037814813078623
Western_Ghats,1994,87.47265194257056,9.199596342238056,-0.2763877000649143,0.10202039651783101,0.8826390507251966
Western_Ghats,1995,90.95718187401661,10.492799497885668,-0.2828058300222823,0.07173017326370279,0.9948181822038741
Western_Ghats,1996,91.80460006237931,12.278107952085563,-0.25820529481239357,0.09513958459596594,0.9250513468746796
Western_Ghats,1997,87.59481231833223,7.642213814628565,-0.1727296507198827,0.10273259993508255,0.8777179307518348
Western_Ghats,1998,87.03575776135298,9.754760994588885,0.032867257904297176,0.07714705847646108,0.9879634718830668
Western_Ghats,1999,90.21992577957747,9.009765076674181,-0.43987991595269516,0.10400443929835385,0.8687019176756553
Western_Ghats,2000,89.28939887302973,12.788955217796499,-0.2961363461496751,0.10442708216349728,0.8656429634989827
Western_Ghats,2001,87.27153052352483,11.139365622887528,-0.01818024634965429,0.09893523524459924,0.9028393733599182
Western_Ghats,2002,88.45433108071299,9.366165921056123,-0.12068726380242822,0.08694156852293033,0.96235393208399
Western_Ghats,2003,90.2236107271533,8.200540750679739,-0.06380922687689575,0.1059649327415988,0.854258716945973
Western_Ghats,2004,91.08205891610436,11.657172517671679,-0.3747482018931908,0.13040889687627247,0.6402016671623929
Western_Ghats,2005,88.47951520683101,9.083435652324798,-0.09858500084661365,0.13631027646289562,0.5856318237692444
Western_Ghats,2006,89.65161563107166,12.841308640691658,-0.3651261322652518,0.13765274639045555,0.5733513841132178
Western_Ghats,2007,92.72496195875387,9.682948721775029,-0.278406989771179,0.12183218423082698,0.7195557885797305
Western_Ghats,2008,88.7199459865941,8.159530804037631,0.22280141552263993,0.10846674602808049,0.8349404369504223
Western_Ghats,2009,89.47425807290006,9.176705499878205,-0.16838161266080592,0.11413096616622975,0.7881005554671282
Western_Ghats,2010,88.46034307088743,8.365395496594719,0.17009174649067527,0.1429689602913986,0.5255188115593367
Western_Ghats,2011,90.21662697061637,9.83111226576819,-0.20515979069384763,0.09051227070142542,0.9479427506604667
Western_Ghats,2012,88.49098439582717,8.913879252593484,-0.23148204337570977,0.08920546780154093,0.9535472711305014
Western_Ghats,2013,92.12788097332826,10.065428294804867,-0.40582324831801053,0.09109323180064388,0.9453286299728896
Western_Ghats,2014,88.05073398164329,12.432206218476747,-0.1669952337444039,0.08024046517329175,0.9819274699890379
Western_Ghats,2015,88.40088138335875,10.729362130918057,-0.17644506963249407,0.1421627424172206,0.5326777306479752
Western_Ghats,2016,90.28119075948788,10.267920203823344,-0.21812837262844137,0.06829156458284252,0.9972699924096845
Western_Ghats,2017,92.08677461845014,9.716474882969582,-0.5420736661125904,0.15811934884359102,0.39956346501129025
Western_Ghats,2018,84.74172971241134,8.639713575922617,-0.23348052284897747,0.0993474087126116,0.900248999768196
Western_Ghats,2019,90.54135577120118,7.5122807805340575,-0.20572254184404226,0.09737843328374216,0.912312216693459
Western_Ghats,2020,88.78760352066962,11.488794011013571,-0.25708194485349545,0.09836489104074897,0.9063672556075625
Western_Ghats,2021,92.36774843404508,8.516352292264887,-0.12749495957907975,0.16568225113692997,0.34394923956597145
Western_Ghats,2022,92.93016292185519,7.893599062827638,-0.10865243518124482,0.0909968961539196,0.9457673149363088
Western_Ghats,2023,89.0523198014524,11.225993212839814,-0.2700476233032275,0.09876916353015441,0.9038734134108208
Western_Ghats,2024,89.95618527485924,7.936945390684979,0.057558175970702924,0.08483407244248588,0.9695341873644046
Western_Ghats,2025,91.12299529347052,10.537588646378033,-0.12735683334472855,0.12916610608762719,0.651754947735036
Western_Ghats,2026,86.43870321516803,8.347368896354341,-0.18418681695400313,0.10334551047851626,0.8734089561431663
Western_Ghats,2027,90.82440822541396,6.978807649767923,-0.0344373310171113,0.11041046464342341,0.8193118171715057
Western_Ghats,2028,89.35700000299184,10.961639733567948,-0.268005544660167,0.09122418634925644,0.9447289829936765
Western_Ghats,2029,89.97864228236772,12.03560120608364,-0.19555363654021996,0.10202489098857026,0.8826082891354243
Western_Ghats,2030,89.07196842298983,12.302218455248827,-0.40689891014213564,0.10617463707033448,0.8526764044397979
Western_Ghats,2031,87.90635177096107,8.590579002912918,-0.08617871330206275,0.0847547541054191,0.9697855532945644
Western_Ghats,2032,87.72620690466795,11.011735912587191,-0.4255969560603009,0.09857907806344313,0.9050501281188247
Western_Ghats,2033,90.04326273738388,10.612181753583922,-0.27524096012430666,0.07713236234888685,0.9879881155503181
Western_Ghats,2034,88.8944908133399,7.945284946765497,0.12069169958124595,0.09330814074963184,0.9346743214786576
Western_Ghats,2035,90.82856948898154,11.27568285776788,-0.11475229006974291,0.09905092826157585,0.9021157275829292
Western_Ghats,2036,90.29182802969707,9.843385193480314,-0.25299270027680365,0.09528237800243788,0.9242705934627296
Western_Ghats,2037,89.57826998563736,8.48256103313585,-0.06595468909142686,0.1149000085426119,0.7814647757820954
Western_Ghats,2038,93.05417647746631,10.604785639320141,-0.09325504134225447,0.10346568474415796,0.872556202479234
Western_Ghats,2039,87.67894591307189,8.26309875579364,-0.10729667952666289,0.08424683959392365,0.9713631536498873
Western_Ghats,2040,93.63662659466615,10.644192802810839,-0.11890514928983728,0.12140630070583647,0.7234438357012516
