year,scenario,gmt_mean_c,gmt_p10_c,gmt_p90_c
1850,Hist-NAT,13.561741229338148,13.384812412489305,13.732923858963392
1851,Hist-NAT,13.564815256302541,13.42395641660924,13.707853932402253
1852,Hist-NAT,13.517128404052714,13.360298320062531,13.681181363724738
1853,Hist-NAT,13.519822445947382,13.329621566633017,13.655165943214138
1854,Hist-NAT,13.50230448600566,13.390804841196939,13.604276379480229
1855,Hist-NAT,13.516571734289695,13.417352041678338,13.640776526313612
1856,Hist-NAT,13.51629094118688,13.400495284597037,13.6232863476562
1857,Hist-NAT,13.512962020415893,13.37290271336721,13.668285038130426
1858,Hist-NAT,13.57446977182809,13.43449667989068,13.714387558671513
1859,Hist-NAT,13.569146628550651,13.415334466021614,13.723650056230685
1860,Hist-NAT,13.558700978899434,13.355772350631042,13.744177174589618
1861,Hist-NAT,13.51094308080841,13.32337541794099,13.65089109168539
1862,Hist-NAT,13.456033827664786,13.330932102007534,13.584204900765224
1863,Hist-NAT,13.4512949643071,13.35173598823261,13.561093173424968
1864,Hist-NAT,13.445408860839787,13.314879315465095,13.623337211106065
1865,Hist-NAT,13.463681683452371,13.359537016080576,13.596994917252351
1866,Hist-NAT,13.49252465398904,13.36234528833017,13.641693678698323
1867,Hist-NAT,13.495806893199836,13.337856219942301,13.672151652846605
1868,Hist-NAT,13.49442218174415,13.354304196455411,13.6317531711374
1869,Hist-NAT,13.537273849291738,13.412949876757903,13.658485419720659
1870,Hist-NAT,13.550754504107571,13.429143739230193,13.66335692669495
1871,Hist-NAT,13.508364033492676,13.307699021121147,13.647525544577416
1872,Hist-NAT,13.498342194670203,13.397813720688964,13.611436033067804
1873,Hist-NAT,13.508765743113806,13.369708340541411,13.65407898843838
1874,Hist-NAT,13.497025995138332,13.360570993602835,13.628517340210891
1875,Hist-NAT,13.46867720538695,13.361330483915276,13.575696857400322
1876,Hist-NAT,13.507981351489965,13.351390892585783,13.658755777246261
1877,Hist-NAT,13.514357472850513,13.404015655587603,13.648123357673654
1878,Hist-NAT,13.511149549196695,13.377557345318753,13.650288305924743
1879,Hist-NAT,13.490819657995539,13.345220298845032,13.619081651536181
1880,Hist-NAT,13.452605461103612,13.308633645200809,13.569197173742202
1881,Hist-NAT,13.497031266018132,13.374270267925459,13.629760069818257
1882,Hist-NAT,13.522579553531456,13.354291948703366,13.636758100892774
1883,Hist-NAT,13.474512675317426,13.284847997476993,13.60892536598837
1884,Hist-NAT,13.20705938193663,13.07451818152237,13.36118089041302
1885,Hist-NAT,13.252629323179546,13.082960436325857,13.410181777284038
1886,Hist-NAT,13.337752640462885,13.1616357397431,13.486639444812123
1887,Hist-NAT,13.38031809993503,13.209694210054863,13.489333827705224
1888,Hist-NAT,13.3862837902514,13.266541730373877,13.566744747153086
1889,Hist-NAT,13.405304531554803,13.263694769359352,13.54922684582247
1890,Hist-NAT,13.412963505187124,13.25555281650863,13.580909053777276
1891,Hist-NAT,13.390657168011924,13.216596644362067,13.516066363469765
1892,Hist-NAT,13.420551083405996,13.26449706659169,13.576766352947715
1893,Hist-NAT,13.447360035421005,13.2647126166781,13.5811554731618
1894,Hist-NAT,13.471028018561745,13.324016090885351,13.624824438203655
1895,Hist-NAT,13.489852216271297,13.322922905461741,13.62214105622532
1896,Hist-NAT,13.491709164587608,13.342215132005236,13.682751219038328
1897,Hist-NAT,13.50180467998071,13.381447455471204,13.642687304439601
1898,Hist-NAT,13.498522471835551,13.300142608408994,13.639737504601191
1899,Hist-NAT,13.49917143962786,13.376223875455992,13.65042154548218
1900,Hist-NAT,13.516984379117586,13.377241864407846,13.639884778812029
1901,Hist-NAT,13.527801888808368,13.425660979501595,13.641384412282736
1902,Hist-NAT,13.49677785527629,13.40683208764471,13.615374295538283
1903,Hist-NAT,13.327353226829695,13.18443333193722,13.432210731736575
1904,Hist-NAT,13.376253360947434,13.244556835964483,13.516717070032234
1905,Hist-NAT,13.41702429202075,13.287660124858792,13.551377285285053
1906,Hist-NAT,13.458839617033732,13.34052773063163,13.5455004436073
1907,Hist-NAT,13.441806582570079,13.317975735689657,13.561346626694217
1908,Hist-NAT,13.456472446690727,13.31123922047974,13.61439580795161
1909,Hist-NAT,13.465324583625712,13.317138821131635,13.60850917578394
1910,Hist-NAT,13.458006780150006,13.289143567697295,13.618108963292297
1911,Hist-NAT,13.462905975064675,13.322642057144554,13.63985850316097
1912,Hist-NAT,13.38094550324266,13.216637226057589,13.558267584777786
1913,Hist-NAT,13.353101204248654,13.219835508132132,13.505992745854389
1914,Hist-NAT,13.415371665909156,13.272383637699999,13.556655047244039
1915,Hist-NAT,13.433716464327828,13.25420682567904,13.569939319768475
1916,Hist-NAT,13.427196861685546,13.245748125170019,13.565673397775209
1917,Hist-NAT,13.463854830214995,13.28734476392152,13.608543940980155
1918,Hist-NAT,13.491656875717476,13.332985537807076,13.63773339106561
1919,Hist-NAT,13.495931360511038,13.291174363179783,13.639839083599913
1920,Hist-NAT,13.460058450998387,13.314715148584037,13.587597395565087
1921,Hist-NAT,13.470369737289873,13.348779991904717,13.625713886180971
1922,Hist-NAT,13.459829198706844,13.340291953631567,13.568035491176591
1923,Hist-NAT,13.462832740560023,13.358081565980779,13.545645172437355
1924,Hist-NAT,13.457146176870372,13.362255654481903,13.547437659437781
1925,Hist-NAT,13.476719243767104,13.378524845126629,13.589190955944627
1926,Hist-NAT,13.514273747266438,13.35305421541658,13.647380386496327
1927,Hist-NAT,13.5144558666369,13.333016854267418,13.663472851189141
1928,Hist-NAT,13.490413137428241,13.324786218153264,13.613811649872531
1929,Hist-NAT,13.469453012850405,13.322868140407603,13.59580860745661
1930,Hist-NAT,13.479591880717697,13.337861469277282,13.572904196020431
1931,Hist-NAT,13.459857684569227,13.284915090406292,13.624841906947301
1932,Hist-NAT,13.486662535653654,13.338830383982401,13.661551230295874
1933,Hist-NAT,13.480018868912065,13.29788968864836,13.622895017096852
1934,Hist-NAT,13.486669006663517,13.344145534427458,13.630386729119431
1935,Hist-NAT,13.485261204941102,13.297038650972098,13.654115972535896
1936,Hist-NAT,13.485109857688212,13.352366405191049,13.640104178648068
1937,Hist-NAT,13.495162759351308,13.364147400273145,13.662733306977112
1938,Hist-NAT,13.501526474404763,13.318151606537423,13.707130420720313
1939,Hist-NAT,13.485028184860129,13.313378660556008,13.610011381137515
1940,Hist-NAT,13.511589530908813,13.393501850937742,13.679804956846965
1941,Hist-NAT,13.521330709729302,13.39395578101168,13.636758918408919
1942,Hist-NAT,13.52059065950158,13.369157814211018,13.686352626834537
1943,Hist-NAT,13.51014500095974,13.362964019820812,13.633892629170981
1944,Hist-NAT,13.490932377554042,13.368089528217705,13.613207263741202
1945,Hist-NAT,13.507036852379938,13.327046289895378,13.629303180638312
1946,Hist-NAT,13.502481745908566,13.419883282007646,13.609805978178855
1947,Hist-NAT,13.492193879430806,13.383361678345238,13.632315735260402
1948,Hist-NAT,13.524632015564375,13.371664967704685,13.653068422791666
1949,Hist-NAT,13.5495890039989,13.38385801524438,13.715618032179862
1950,Hist-NAT,13.528229042493173,13.388715467811284,13.645368242230608
1951,Hist-NAT,13.494166856826135,13.372747043959077,13.657964935955055
1952,Hist-NAT,13.51927001005272,13.418651917594621,13.602645970044966
1953,Hist-NAT,13.544041682347801,13.421944611561718,13.713974458097288
1954,Hist-NAT,13.54326669063852,13.401925933597159,13.719993624372922
1955,Hist-NAT,13.525421851037375,13.372872701661896,13.670613858401003
1956,Hist-NAT,13.496667994458239,13.356531892101577,13.648650919108984
1957,Hist-NAT,13.499548716410608,13.388578490987953,13.629997225797092
1958,Hist-NAT,13.53093915016906,13.401646290782555,13.73185143624454
1959,Hist-NAT,13.538692040984134,13.432581940624976,13.647101746346545
1960,Hist-NAT,13.520968115289657,13.386937505788978,13.64941946470093
1961,Hist-NAT,13.54328716215353,13.433836427169245,13.680723311154367
1962,Hist-NAT,13.558674534806503,13.451026629550176,13.69206768117706
1963,Hist-NAT,13.463291608985923,13.349851111489283,13.56918512843581
1964,Hist-NAT,13.351067933753349,13.229035237146064,13.498014245435064
1965,Hist-NAT,13.34460737087475,13.22607500766054,13.472626285279471
1966,Hist-NAT,13.401801295555662,13.26500631443783,13.579281414301164
1967,Hist-NAT,13.427997548392165,13.269731872531025,13.558347149369093
1968,Hist-NAT,13.449122732481062,13.316220735640007,13.582248191497024
1969,Hist-NAT,13.439251170983924,13.276942465100763,13.605881696764868
1970,Hist-NAT,13.440570618837155,13.315603712298003,13.590316176923789
1971,Hist-NAT,13.478519556575032,13.355022653120312,13.632614277956463
1972,Hist-NAT,13.489518987694156,13.307703566114634,13.597328582440701
1973,Hist-NAT,13.510837141133072,13.361229602608848,13.645212044616676
1974,Hist-NAT,13.491879208266031,13.283807536649983,13.627268730445234
1975,Hist-NAT,13.402907395278636,13.265370404280862,13.561665437632502
1976,Hist-NAT,13.41441740365258,13.29908742135529,13.549537061663193
1977,Hist-NAT,13.464263048134029,13.354768848008337,13.565042932412695
1978,Hist-NAT,13.488084164177842,13.38804334911585,13.606576444263329
1979,Hist-NAT,13.482424806958335,13.39545713331409,13.597244803488081
1980,Hist-NAT,13.493352532970919,13.393097335983418,13.612881390001144
1981,Hist-NAT,13.49072646435581,13.370168843136117,13.583094234561576
1982,Hist-NAT,13.460559861058838,13.339890989769192,13.571940844169921
1983,Hist-NAT,13.357701926353558,13.202422496870975,13.482744510000083
1984,Hist-NAT,13.395424429951458,13.30367896024083,13.548656802663213
1985,Hist-NAT,13.388042300634034,13.247730714192624,13.557714385246527
1986,Hist-NAT,13.383921977326,13.20237636557099,13.516343217843332
1987,Hist-NAT,13.406274885410888,13.236501396432867,13.54140829511581
1988,Hist-NAT,13.46211445808226,13.290021679199521,13.608124968565534
1989,Hist-NAT,13.480232588151246,13.334822550777677,13.627064974650427
1990,Hist-NAT,13.453400025865523,13.329287255660239,13.571705918162445
1991,Hist-NAT,13.411969668852572,13.260342882044574,13.545230372807264
1992,Hist-NAT,13.173733577418703,13.07535153396634,13.289631478363992
1993,Hist-NAT,13.203009876638975,13.069167344739133,13.31493057285503
1994,Hist-NAT,13.289766401141916,13.143576145596416,13.40861405037997
1995,Hist-NAT,13.349222732862732,13.190226363049465,13.49160322827812
1996,Hist-NAT,13.381476012071552,13.21189315643793,13.507771982548537
1997,Hist-NAT,13.4045012688729,13.272726645517782,13.553763532277866
1998,Hist-NAT,13.409246641615336,13.276903067849094,13.545383946942144
1999,Hist-NAT,13.449341299125868,13.327567539826116,13.58233022412072
2000,Hist-NAT,13.478449868773293,13.38383095335709,13.585864751909531
2001,Hist-NAT,13.489215231062108,13.35912331955485,13.640330879306338
2002,Hist-NAT,13.518154914442997,13.367842334294703,13.657208877752101
2003,Hist-NAT,13.511643117223151,13.437804728085217,13.614610156112757
2004,Hist-NAT,13.488929046783706,13.37072524472499,13.641287259369
2005,Hist-NAT,13.47546497452083,13.368854513593636,13.612407035955442
2006,Hist-NAT,13.466661787896374,13.268614701303921,13.623811243821262
2007,Hist-NAT,13.468346945453758,13.318169439039718,13.59535315615235
2008,Hist-NAT,13.454303046148567,13.282590787516654,13.580621826145563
2009,Hist-NAT,13.465128058588189,13.298212235371597,13.578198689762894
2010,Hist-NAT,13.504008588770308,13.374099560672391,13.636879020382981
2011,Hist-NAT,13.484052519552677,13.362819403480819,13.631655997645543
2012,Hist-NAT,13.464283345544134,13.307488708518889,13.560932277607673
2013,Hist-NAT,13.463123610128765,13.36524043750784,13.577507482852274
2014,Hist-NAT,13.506330432901695,13.406191086802385,13.646839571373203
1850,Hist-ALL,13.557873579530105,13.369070512362516,13.689910474748189
1851,Hist-ALL,13.5527713175877,13.377860214563082,13.73565373007267
1852,Hist-ALL,13.50245625935844,13.385450844388838,13.639153518136373
1853,Hist-ALL,13.521319323581562,13.407261787798467,13.666412171986286
1854,Hist-ALL,13.494978413487894,13.376812674361918,13.661384736977931
1855,Hist-ALL,13.534792416616222,13.408485915605496,13.692433516457026
1856,Hist-ALL,13.519166385445038,13.417460197824505,13.646633751887748
1857,Hist-ALL,13.538298959841699,13.37083088328588,13.652892645539357
1858,Hist-ALL,13.533766825862587,13.39708411324952,13.711316376473912
1859,Hist-ALL,13.540712454825549,13.416088235291607,13.668622031923508
1860,Hist-ALL,13.51044088244893,13.387885149797029,13.627272560980765
1861,Hist-ALL,13.484519319649529,13.3382921280576,13.647738545367105
1862,Hist-ALL,13.404297885137504,13.289265593067773,13.53757917499957
1863,Hist-ALL,13.424304878708853,13.29958905683298,13.535656017545898
1864,Hist-ALL,13.477271196291074,13.309798505045176,13.61182054009684
1865,Hist-ALL,13.523434219678341,13.407793948062869,13.671400288681564
1866,Hist-ALL,13.518513321314197,13.400979746079235,13.669119831634509
1867,Hist-ALL,13.497309164566493,13.37284441196565,13.609706721559263
1868,Hist-ALL,13.503512080906047,13.344948079227015,13.626698141602436
1869,Hist-ALL,13.502362575645378,13.338653109216619,13.68601614078447
1870,Hist-ALL,13.514314755244072,13.37696963860975,13.688193857784075
1871,Hist-ALL,13.530376861109573,13.42827445910017,13.62925924732312
1872,Hist-ALL,13.555087921539407,13.408328487072248,13.690100464136208
1873,Hist-ALL,13.526437843324969,13.35153232834146,13.670514496829469
1874,Hist-ALL,13.511770200990297,13.36122509424511,13.667830547342902
1875,Hist-ALL,13.512830376469266,13.380644571258415,13.631901994823897
1876,Hist-ALL,13.522341808850362,13.381429001816514,13.68250728479324
1877,Hist-ALL,13.530277940262943,13.451993587973556,13.667411161032812
1878,Hist-ALL,13.507596247665694,13.400398804783048,13.679616673533332
1879,Hist-ALL,13.5317879627005,13.377345644323452,13.7323225469475
1880,Hist-ALL,13.499670671967692,13.353812764217873,13.646056916857987
1881,Hist-ALL,13.534440489385302,13.42001556330327,13.668116907932733
1882,Hist-ALL,13.557138014697962,13.440358215683005,13.67553914927941
1883,Hist-ALL,13.515660374966833,13.344676678857628,13.660843288251055
1884,Hist-ALL,13.215893614833611,13.112104357665572,13.328662720632162
1885,Hist-ALL,13.311276918096786,13.177663567286668,13.438021518108922
1886,Hist-ALL,13.390385364101858,13.262375659778774,13.508028961358018
1887,Hist-ALL,13.43587470016111,13.316581871791517,13.539002326010978
1888,Hist-ALL,13.481315849636825,13.355974612377889,13.626036667483225
1889,Hist-ALL,13.511540957236829,13.349718239101861,13.660298108638903
1890,Hist-ALL,13.503735980210838,13.338732907729451,13.611815488005515
1891,Hist-ALL,13.4594878352923,13.317790121140423,13.613334845437965
1892,Hist-ALL,13.511018279155309,13.400270611251482,13.63048682722884
1893,Hist-ALL,13.526211443685307,13.373644052850171,13.676444176774321
1894,Hist-ALL,13.500904617302153,13.36042015071792,13.685491508317961
1895,Hist-ALL,13.568202630143102,13.407622820882562,13.719470646499047
1896,Hist-ALL,13.574362674485164,13.452756816508543,13.694325087438227
1897,Hist-ALL,13.582146017968386,13.420585774791608,13.731353838606537
1898,Hist-ALL,13.588144237438975,13.485446093670998,13.76629792672323
1899,Hist-ALL,13.578945730449673,13.441925030285205,13.715066298093252
1900,Hist-ALL,13.575463578610584,13.429123108306765,13.700927527801849
1901,Hist-ALL,13.58337041109283,13.485111554785874,13.705403540527374
1902,Hist-ALL,13.561604722742471,13.376022729942548,13.69285742612239
1903,Hist-ALL,13.431679775811961,13.273480650983192,13.55087712693683
1904,Hist-ALL,13.46979998197714,13.307859622573778,13.622718620211703
1905,Hist-ALL,13.518432834432016,13.32559653192638,13.658821864355184
1906,Hist-ALL,13.53303473930848,13.403460120967036,13.684534011836178
1907,Hist-ALL,13.512454750197291,13.347640870756294,13.650334356132372
1908,Hist-ALL,13.569353136768795,13.46114770456212,13.697492874826372
1909,Hist-ALL,13.575883567775524,13.43115336260738,13.715207042088457
1910,Hist-ALL,13.588262107413975,13.426759019537638,13.703584366612187
1911,Hist-ALL,13.58619460838533,13.418964648811022,13.71112133908763
1912,Hist-ALL,13.507767382150629,13.394542490981433,13.630542731986946
1913,Hist-ALL,13.507226728710217,13.395538399333322,13.680788264389452
1914,Hist-ALL,13.55892882126159,13.39770949574086,13.744326114992225
1915,Hist-ALL,13.568300811881944,13.480766119387857,13.672783564602042
1916,Hist-ALL,13.58560764405681,13.493057657202934,13.714768353549431
1917,Hist-ALL,13.62698837377857,13.503407366466382,13.767307725944022
1918,Hist-ALL,13.636980974781308,13.495270344088414,13.759500063447422
1919,Hist-ALL,13.645176187280933,13.504689509917267,13.810513565041703
1920,Hist-ALL,13.66167644847966,13.524468991234404,13.794116828422966
1921,Hist-ALL,13.69080192847103,13.553682163465766,13.83583827332464
1922,Hist-ALL,13.67821216032675,13.54843565664466,13.792256026004235
1923,Hist-ALL,13.669630600986332,13.517658057819778,13.770944454005155
1924,Hist-ALL,13.692060782848774,13.532667666673632,13.827457978843176
1925,Hist-ALL,13.720868787340537,13.573706785952663,13.83851970436815
1926,Hist-ALL,13.730454725094175,13.583647955288148,13.86003953749534
1927,Hist-ALL,13.734079759430701,13.593791185173245,13.911573143724855
1928,Hist-ALL,13.71396615697436,13.56857052330148,13.868847539698441
1929,Hist-ALL,13.721829515632244,13.620529869376544,13.853033483715688
1930,Hist-ALL,13.75425900670997,13.589690758784547,13.903666708490556
1931,Hist-ALL,13.72614122851503,13.618450845044645,13.843545938826669
1932,Hist-ALL,13.709802374854865,13.616864127335617,13.820079953626584
1933,Hist-ALL,13.698825685125515,13.58719492241472,13.822656584161603
1934,Hist-ALL,13.708987037050077,13.547887935558077,13.863576083047104
1935,Hist-ALL,13.694119787761952,13.531776043270407,13.815639505079634
1936,Hist-ALL,13.720381208448607,13.598738539940644,13.845049828236558
1937,Hist-ALL,13.778055073189162,13.666637171702178,13.896869366926733
1938,Hist-ALL,13.804212888086994,13.707005053666126,13.938715318677641
1939,Hist-ALL,13.750794156968293,13.634936712580702,13.869436858414526
1940,Hist-ALL,13.740048462221576,13.611864398677625,13.846336659619414
1941,Hist-ALL,13.763731614763412,13.639911899925096,13.871710840646141
1942,Hist-ALL,13.77263929236424,13.65353108099742,13.887518707394577
1943,Hist-ALL,13.760549118065121,13.65108002404441,13.92017174669698
1944,Hist-ALL,13.74909496239551,13.554394506891986,13.895630190420263
1945,Hist-ALL,13.726327999823063,13.560392199569247,13.869991576786623
1946,Hist-ALL,13.742261825552045,13.55993654091838,13.882587047880332
1947,Hist-ALL,13.76121657209121,13.617731896906161,13.947706843742925
1948,Hist-ALL,13.803316008501525,13.677510676112172,13.937800116541286
1949,Hist-ALL,13.814386186247843,13.66941982784362,13.924666219672934
1950,Hist-ALL,13.811792878814227,13.666688949017077,13.96675844007163
1951,Hist-ALL,13.836701629542006,13.692747188153339,13.991160198391242
1952,Hist-ALL,13.809513167812634,13.669230327980381,13.944831203429391
1953,Hist-ALL,13.818815112744746,13.606096039961908,13.989323164932625
1954,Hist-ALL,13.836360167493462,13.649735664031756,13.955199800427021
1955,Hist-ALL,13.81321251013322,13.682879124035622,13.917957019300156
1956,Hist-ALL,13.800539490471769,13.60581867126001,13.9408822983888
1957,Hist-ALL,13.81693375907152,13.664915699772433,13.990855234042925
1958,Hist-ALL,13.823361275415126,13.698402996620127,13.970366602473074
1959,Hist-ALL,13.83245118301004,13.68832011738274,13.963109683826683
1960,Hist-ALL,13.864078615260139,13.741158013741643,13.995055444297208
1961,Hist-ALL,13.877744259308376,13.7097593428952,14.036139247277442
1962,Hist-ALL,13.83933022358291,13.699007775532834,14.058444868857515
1963,Hist-ALL,13.747821057355218,13.58650826530581,13.904308884954236
1964,Hist-ALL,13.663740449486124,13.463716862422359,13.822559303880542
1965,Hist-ALL,13.685332723405548,13.522029492349237,13.87435660633933
1966,Hist-ALL,13.739865164715468,13.56744594016871,13.862760831330922
1967,Hist-ALL,13.757867795321745,13.631905752647276,13.913666870222944
1968,Hist-ALL,13.785949020987593,13.631490997998537,13.960227540465416
1969,Hist-ALL,13.820613628435627,13.665702474705972,13.95676408207765
1970,Hist-ALL,13.831454897141525,13.677997984474548,14.00839717164215
1971,Hist-ALL,13.861048438685271,13.686006695328462,14.015912400646481
1972,Hist-ALL,13.8737266448522,13.72538583237457,14.06988132074947
1973,Hist-ALL,13.869325665150358,13.728582946766783,13.991030535058155
1974,Hist-ALL,13.898394385535935,13.778765993193991,14.02464775221669
1975,Hist-ALL,13.80545615983149,13.646102393431937,13.93629624014659
1976,Hist-ALL,13.826937938506811,13.671786130116669,14.017676098033837
1977,Hist-ALL,13.894642381657238,13.752534161433607,14.065883903146197
1978,Hist-ALL,13.972753971376925,13.816398081593974,14.089363487598945
1979,Hist-ALL,14.00245657441439,13.878354694010568,14.150802474172735
1980,Hist-ALL,13.981193013517125,13.818366813100482,14.096362595322944
1981,Hist-ALL,13.990912843107841,13.86196626444547,14.082378616556435
1982,Hist-ALL,13.997645420433964,13.834284816858196,14.123797341581986
1983,Hist-ALL,13.943329522866549,13.76136674012057,14.132801153131606
1984,Hist-ALL,13.982467848413744,13.809516178240381,14.150316991632177
1985,Hist-ALL,14.035992721709276,13.850607310839768,14.184913205351773
1986,Hist-ALL,14.047476348787349,13.923215355316978,14.18926246818964
1987,Hist-ALL,14.034882722276128,13.928376946893332,14.18031696465934
1988,Hist-ALL,14.09788099200793,13.914065021259438,14.304848367792578
1989,Hist-ALL,14.16907171110008,14.033636001630999,14.31478663393321
1990,Hist-ALL,14.189291032858856,14.054410532449946,14.362738052773285
1991,Hist-ALL,14.169288824705228,14.019649486700775,14.267593316010988
1992,Hist-ALL,13.93293254216074,13.776761471665287,14.133279633489668
1993,Hist-ALL,13.959872430716029,13.80037459217964,14.106974183755062
1994,Hist-ALL,14.027217260053416,13.898793441709136,14.145792537115824
1995,Hist-ALL,14.14395374723739,14.007580650652017,14.306284111873094
1996,Hist-ALL,14.229068932418013,14.094831811058105,14.356480604306494
1997,Hist-ALL,14.278268655786368,14.142325116934263,14.45699428762573
1998,Hist-ALL,14.28522488945307,14.158069671540323,14.447345866404515
1999,Hist-ALL,14.285013123836649,14.16275082637822,14.40691947316203
2000,Hist-ALL,14.327652930856342,14.217524725296931,14.427400047354064
2001,Hist-ALL,14.44233365712736,14.304529077613221,14.601140203761531
2002,Hist-ALL,14.455534422148903,14.313202081407184,14.646991952559073
2003,Hist-ALL,14.436617852341987,14.267520359667344,14.619451205049472
2004,Hist-ALL,14.412482061220446,14.28482103899708,14.584472005843924
2005,Hist-ALL,14.428509528312599,14.298695839920338,14.61223863604339
2006,Hist-ALL,14.443393571307576,14.332530884221523,14.586888480029677
2007,Hist-ALL,14.463687245566343,14.309086059095904,14.563437110606088
2008,Hist-ALL,14.476494100801467,14.325869895199252,14.606770388902675
2009,Hist-ALL,14.49045256062491,14.359197112200633,14.611735371324698
2010,Hist-ALL,14.522930373941275,14.387648883592618,14.637709010507148
2011,Hist-ALL,14.555372882354744,14.412673264430714,14.703609558181313
2012,Hist-ALL,14.550959652768805,14.397704729571029,14.688235539590455
2013,Hist-ALL,14.566028738863334,14.427266538229429,14.708916512903055
2014,Hist-ALL,14.586855400193555,14.462244718570355,14.707444770056606
2015,SSP2-4.5,14.596438386560596,14.453561762554068,14.77440906626652
2016,SSP2-4.5,14.61997729543961,14.480767074177146,14.727692851979544
2017,SSP2-4.5,14.635831895450947,14.515228094959003,14.772523503868763
2018,SSP2-4.5,14.61817290182939,14.469244417298233,14.80133101519291
2019,SSP2-4.5,14.637658960178438,14.505634279645983,14.729761896177063
2020,SSP2-4.5,14.677114152415312,14.536510219672532,14.816386878538083
2021,SSP2-4.5,14.69740823170647,14.508688531755478,14.85612424572094
2022,SSP2-4.5,14.694190308656495,14.570866895541945,14.797181738100642
2023,SSP2-4.5,14.74888228896992,14.63078517067712,14.921906223529367
2024,SSP2-4.5,14.767643816403831,14.67926903187319,14.922303226579448
2025,SSP2-4.5,14.794862807694999,14.652487043045557,14.970098183248307
2026,SSP2-4.5,14.815502178445747,14.716940242809079,14.92208705829297
2027,SSP2-4.5,14.823204806106288,14.666197435294071,14.987551247949323
2028,SSP2-4.5,14.850057196205233,14.69256959208779,14.99481006236719
2029,SSP2-4.5,14.877869909174064,14.733635705579001,15.01076165576032
2030,SSP2-4.5,14.881180299434856,14.764143945812908,15.023213996644534
2031,SSP2-4.5,14.926724537932627,14.784920830938745,15.078269176215077
2032,SSP2-4.5,14.916904450908216,14.784025492421637,15.075344043638495
2033,SSP2-4.5,14.95277307542883,14.794538521263172,15.106275826938196
2034,SSP2-4.5,14.997862801390292,14.885167704249085,15.122074605171258
2035,SSP2-4.5,14.964171615131981,14.81919155679871,15.08921872224505
2036,SSP2-4.5,14.959730814248559,14.843978853621564,15.066683485384136
2037,SSP2-4.5,15.019571454710997,14.92759186569927,15.131589316709078
2038,SSP2-4.5,15.026544400516146,14.926921296956442,15.139645783897397
2039,SSP2-4.5,15.103625053926928,14.965694656573016,15.272028602928476
2040,SSP2-4.5,15.102199255938155,14.946749136905805,15.24082598981642
2041,SSP2-4.5,15.122480269980576,14.959262242000648,15.293669660949183
2042,SSP2-4.5,15.134705763808629,14.9798318465072,15.260495048527366
2043,SSP2-4.5,15.16064035858538,15.026415422841541,15.330503821847923
2044,SSP2-4.5,15.141753971016975,14.988471319481704,15.275348464909053
2045,SSP2-4.5,15.185489737049133,15.022064965145876,15.316238246542582
2046,SSP2-4.5,15.214806056033067,15.079094050668783,15.36142879843302
2047,SSP2-4.5,15.24895492754677,15.105129900517886,15.413303836497368
2048,SSP2-4.5,15.293579352629333,15.156858311547012,15.402244574217644
2049,SSP2-4.5,15.322150786372442,15.16165820202263,15.457894869117599
2050,SSP2-4.5,15.305704269151654,15.129193759708176,15.533157421315156
2051,SSP2-4.5,15.356157849798116,15.213335499000072,15.584423025987968
2052,SSP2-4.5,15.36487559503817,15.249965544665452,15.519986936306196
2053,SSP2-4.5,15.347750447742287,15.205224248185715,15.456974949032974
2054,SSP2-4.5,15.383246476209479,15.189689369408176,15.530108689274783
2055,SSP2-4.5,15.4080032076939,15.278483917536391,15.558292579992548
2056,SSP2-4.5,15.427621418073482,15.299686630332099,15.539502482188169
2057,SSP2-4.5,15.440668207607237,15.33224825503844,15.560206689917152
2058,SSP2-4.5,15.471354105185746,15.362658836232436,15.598712326353967
2059,SSP2-4.5,15.535207063561325,15.373461497593837,15.729577711402083
2060,SSP2-4.5,15.552307592092179,15.423302873485772,15.67278092054101
2061,SSP2-4.5,15.525398352941076,15.393093013716504,15.66077000725674
2062,SSP2-4.5,15.52509716183909,15.397551959981445,15.653998994513785
2063,SSP2-4.5,15.572269221997992,15.422249214328849,15.735367182364433
2064,SSP2-4.5,15.554187393865044,15.42133729124543,15.691848155300045
2065,SSP2-4.5,15.595759844787208,15.49712173112872,15.700693321270995
2066,SSP2-4.5,15.65508818567155,15.502747479886063,15.784104869102105
2067,SSP2-4.5,15.655931988182187,15.504164121514396,15.784951141969373
2068,SSP2-4.5,15.64426361311362,15.531573057917836,15.776917881700848
2069,SSP2-4.5,15.61485137462429,15.514219706728573,15.702994212195392
2070,SSP2-4.5,15.661423251355162,15.48558544297806,15.813510956687054
2071,SSP2-4.5,15.71809887760857,15.586843390557414,15.91170522965449
2072,SSP2-4.5,15.720277148202024,15.576507290519544,15.851003989804838
2073,SSP2-4.5,15.698775149064693,15.558602780179053,15.872079472830638
2074,SSP2-4.5,15.705285280038188,15.527972960753129,15.841894784249671
2075,SSP2-4.5,15.744455721689203,15.569157817257757,15.893048069459962
2076,SSP2-4.5,15.751491152496076,15.599776340703773,15.98968400156723
2077,SSP2-4.5,15.726129722201422,15.575709112592516,15.858082485207381
2078,SSP2-4.5,15.74334577639288,15.592918898405326,15.903217272579031
2079,SSP2-4.5,15.750263067919489,15.589340751828434,15.910905011296217
2080,SSP2-4.5,15.784153622472902,15.678145072022858,15.919262332497283
2081,SSP2-4.5,15.82000141505772,15.70917332496091,15.967357667327496
2082,SSP2-4.5,15.852387637545087,15.733178335690752,15.987708453954065
2083,SSP2-4.5,15.881868582042687,15.76443911997436,15.996617620409575
2084,SSP2-4.5,15.877506063391422,15.738766847460573,16.040774129444866
2085,SSP2-4.5,15.863512890420989,15.78363482958967,15.97496569146881
2086,SSP2-4.5,15.83962410445328,15.68231587678444,16.040395158558674
2087,SSP2-4.5,15.8481713113485,15.684098873949608,15.979232189750713
2088,SSP2-4.5,15.873712042257702,15.717344515370684,15.994075557238592
2089,SSP2-4.5,15.918779857179203,15.77118201170921,16.050197366710243
2090,SSP2-4.5,15.940799305571833,15.787512009250491,16.08747499050233
2091,SSP2-4.5,15.935840844209254,15.744164600205881,16.052482113685414
2092,SSP2-4.5,15.939455717218257,15.84190516472604,16.064900561750754
2093,SSP2-4.5,15.944796028048966,15.834127912846373,16.059385391978385
2094,SSP2-4.5,15.927410350670277,15.76616689983602,16.14803233886438
2095,SSP2-4.5,15.950316348946197,15.81453550415701,16.107197341944165
2096,SSP2-4.5,15.970739266020665,15.753892991954228,16.105105606842642
2097,SSP2-4.5,15.962318528184758,15.763199229418172,16.14465924177536
2098,SSP2-4.5,15.92128630270001,15.783417859961997,16.06239294540656
2099,SSP2-4.5,15.92186954681096,15.783960440478046,16.02839620373132
2100,SSP2-4.5,15.970554600876742,15.847107956145914,16.11420007174947
