region,year,P_ant,P_nat,PR,FAR,PR_boot_5,PR_boot_95,significant,n_boot_failed
Central_India,1860,0.085,0.105,0.8095238095238096,-0.23529411764705865,0.5944103194103194,1.0972630718954246,False,0
Central_India,1861,0.08166666666666667,0.10833333333333334,0.7538461538461538,-0.3265306122448979,0.5635367372353675,1.0161422527763089,False,0
Central_India,1862,0.085,0.10166666666666667,0.8360655737704918,-0.196078431372549,0.5970149253731344,1.142857142857143,False,0
Central_India,1863,0.09,0.10166666666666667,0.8852459016393442,-0.12962962962962976,0.6527146464646465,1.2084935897435896,False,0
Central_India,1864,0.09833333333333333,0.1,0.9833333333333333,-0.016949152542372836,0.7311397557666215,1.3181818181818181,False,0
Central_India,1865,0.09833333333333333,0.09666666666666666,1.0172413793103448,0.016949152542372836,0.7083012820512821,1.4313725490196079,False,0
Central_India,1866,0.095,0.09,1.0555555555555556,0.052631578947368474,0.7451048951048952,1.5,False,0
Central_India,1867,0.09333333333333334,0.09833333333333333,0.9491525423728815,-0.05357142857142838,0.6900600323250982,1.3000943396226414,False,0
Central_India,1868,0.09666666666666666,0.10333333333333333,0.9354838709677419,-0.06896551724137945,0.6612903225806451,1.2586206896551726,False,0
Central_India,1869,0.09666666666666666,0.10666666666666667,0.9062499999999999,-0.10344827586206917,0.6337793427230046,1.2105263157894737,False,0
Central_India,1870,0.10333333333333333,0.10333333333333333,1.0,0.0,0.7287365177195686,1.354458333333333,False,0
Central_India,1871,0.105,0.10833333333333334,0.9692307692307691,-0.031746031746031855,0.7,1.3207884097035039,False,0
Central_India,1872,0.10833333333333334,0.10833333333333334,1.0,0.0,0.7141774891774891,1.3710468058191017,False,0
Central_India,1873,0.11333333333333333,0.10666666666666667,1.0624999999999998,0.0588235294117645,0.7563946216385241,1.4627665245202557,False,0
Central_India,1874,0.11,0.10166666666666667,1.081967213114754,0.07575757575757569,0.76607997265892,1.519310897435897,False,0
Central_India,1875,0.10666666666666667,0.095,1.1228070175438598,0.10937500000000011,0.7924135220125786,1.577958656330749,False,0
Central_India,1876,0.105,0.09333333333333334,1.125,0.11111111111111116,0.7777777777777779,1.5655279503105588,False,0
Central_India,1877,0.10666666666666667,0.09833333333333333,1.0847457627118646,0.07812500000000022,0.7891891891891892,1.5106877783275605,False,0
Central_India,1878,0.10166666666666667,0.09166666666666666,1.1090909090909091,0.09836065573770492,0.8208955223880596,1.4812405731523373,False,0
Central_India,1879,0.095,0.09,1.0555555555555556,0.052631578947368474,0.7678571428571429,1.4347826086956523,False,0
Central_India,1880,0.09666666666666666,0.09333333333333334,1.0357142857142856,0.0344827586206895,0.7575757575757576,1.365408067542214,False,0
Central_India,1881,0.09666666666666666,0.09333333333333334,1.0357142857142856,0.0344827586206895,0.753835005574136,1.428733766233766,False,0
Central_India,1882,0.095,0.09166666666666666,1.0363636363636364,0.03508771929824561,0.75,1.409288537549407,False,0
Central_India,1883,0.095,0.09,1.0555555555555556,0.052631578947368474,0.7741202346041055,1.4667375886524823,False,0
Central_India,1884,0.09833333333333333,0.09166666666666666,1.0727272727272728,0.06779661016949157,0.7775985663082438,1.500581395348837,False,0
Central_India,1885,0.09666666666666666,0.09,1.0740740740740742,0.06896551724137945,0.7746478873239436,1.5744946808510638,False,0
Central_India,1886,0.09833333333333333,0.09833333333333333,1.0,0.0,0.7205588235294118,1.3829787234042552,False,0
Central_India,1887,0.09833333333333333,0.08833333333333333,1.1132075471698113,0.10169491525423724,0.7656249999999999,1.59547619047619,False,0
Central_India,1888,0.1,0.08166666666666667,1.2244897959183674,0.18333333333333335,0.8569086651053864,1.7999999999999998,False,0
Central_India,1889,0.10333333333333333,0.08,1.2916666666666667,0.22580645161290325,0.9229548229548229,1.900714285714285,False,0
Central_India,1890,0.1,0.08333333333333333,1.2000000000000002,0.16666666666666674,0.8280980603448276,1.7579322638146164,False,0
Central_India,1891,0.09166666666666666,0.07833333333333334,1.1702127659574466,0.14545454545454528,0.8,1.8181818181818183,False,0
Central_India,1892,0.09333333333333334,0.08166666666666667,1.142857142857143,0.1250000000000001,0.7462433594738173,1.731886657101865,False,0
Central_India,1893,0.09333333333333334,0.08666666666666667,1.0769230769230769,0.0714285714285714,0.7452785923753666,1.5945945945945945,False,0
Central_India,1894,0.095,0.09,1.0555555555555556,0.052631578947368474,0.7236842105263157,1.5227813852813852,False,0
Central_India,1895,0.09833333333333333,0.08833333333333333,1.1132075471698113,0.10169491525423724,0.7500000000000001,1.6571804511278194,False,0
Central_India,1896,0.09833333333333333,0.09166666666666666,1.0727272727272728,0.06779661016949157,0.7382572115384616,1.5641583054626533,False,0
Central_India,1897,0.1,0.09666666666666666,1.0344827586206897,0.03333333333333344,0.7205344332855094,1.5511289622231872,False,0
Central_India,1898,0.105,0.1,1.0499999999999998,0.04761904761904745,0.7391304347826088,1.5555555555555556,False,0
Central_India,1899,0.11,0.09833333333333333,1.1186440677966103,0.10606060606060619,0.7848101265822786,1.5856893977103035,False,0
Central_India,1900,0.11,0.09666666666666666,1.1379310344827587,0.12121212121212122,0.8,1.7047348484848484,False,0
Central_India,1901,0.11,0.09666666666666666,1.1379310344827587,0.12121212121212122,0.7972051597051597,1.638525835866261,False,0
Central_India,1902,0.115,0.095,1.2105263157894737,0.17391304347826086,0.8421052631578947,1.711269841269841,False,0
Central_India,1903,0.10833333333333334,0.095,1.1403508771929824,0.12307692307692308,0.7965056884142095,1.6666666666666665,False,0
Central_India,1904,0.09666666666666666,0.08833333333333333,1.0943396226415094,0.08620689655172409,0.7825691699604742,1.6,False,0
Central_India,1905,0.095,0.095,1.0,0.0,0.7391304347826088,1.3913043478260871,False,0
Central_India,1906,0.09333333333333334,0.09666666666666666,0.9655172413793104,-0.03571428571428559,0.7321028784648187,1.2857142857142856,False,0
Central_India,1907,0.095,0.09666666666666666,0.9827586206896552,-0.01754385964912264,0.7498134328358209,1.3025939177101966,False,0
Central_India,1908,0.09166666666666666,0.09833333333333333,0.9322033898305084,-0.07272727272727275,0.7014179104477613,1.2182727272727272,False,0
Central_India,1909,0.08833333333333333,0.10166666666666667,0.8688524590163934,-0.15094339622641506,0.690116561437591,1.0862068965517242,False,0
Central_India,1910,0.095,0.1,0.95,-0.05263157894736836,0.7423719958202717,1.1765756302521009,False,0
Central_India,1911,0.10166666666666667,0.105,0.9682539682539684,-0.032786885245901454,0.7856593406593406,1.2037037037037037,False,0
Central_India,1912,0.105,0.1,1.0499999999999998,0.04761904761904745,0.8332251082251082,1.3111293260473589,False,0
Central_India,1913,0.105,0.09166666666666666,1.1454545454545455,0.12698412698412698,0.9354838709677419,1.4082096474953618,False,0
Central_India,1914,0.10333333333333333,0.095,1.087719298245614,0.08064516129032262,0.8787878787878788,1.3696054750402578,False,0
Central_India,1915,0.105,0.10166666666666667,1.0327868852459017,0.031746031746031744,0.8280520833333334,1.2985119047619045,False,0
Central_India,1916,0.11166666666666666,0.1,1.1166666666666665,0.10447761194029836,0.9105631868131868,1.3655364372469634,False,0
Central_India,1917,0.10833333333333334,0.09166666666666666,1.1818181818181819,0.15384615384615385,0.9523809523809524,1.4510504201680672,False,0
Central_India,1918,0.10333333333333333,0.09666666666666666,1.0689655172413792,0.06451612903225801,0.8307692307692307,1.3878795420607266,False,0
Central_India,1919,0.10833333333333334,0.09833333333333333,1.1016949152542375,0.09230769230769242,0.8749007936507937,1.3964150943396225,False,0
Central_India,1920,0.10666666666666667,0.1,1.0666666666666667,0.0625,0.8360431169997755,1.3653846153846154,False,0
Central_India,1921,0.10333333333333333,0.10333333333333333,1.0,0.0,0.757368202573682,1.340272727272727,False,0
Central_India,1922,0.095,0.10166666666666667,0.9344262295081968,-0.07017543859649122,0.6890154440154441,1.2508333333333326,False,0
Central_India,1923,0.10666666666666667,0.1,1.0666666666666667,0.0625,0.789344262295082,1.4565217391304348,False,0
Central_India,1924,0.115,0.09833333333333333,1.169491525423729,0.14492753623188426,0.868653079308817,1.6045138888888884,False,0
Central_India,1925,0.12166666666666667,0.09666666666666666,1.2586206896551726,0.20547945205479468,0.9454040404040405,1.7111324786324786,False,0
Central_India,1926,0.12166666666666667,0.08666666666666667,1.403846153846154,0.28767123287671237,1.0181499202551836,2.0,True,0
Central_India,1927,0.11833333333333333,0.08666666666666667,1.3653846153846154,0.2676056338028169,1.0,1.9476190476190471,False,0
Central_India,1928,0.12333333333333334,0.08833333333333333,1.3962264150943398,0.2837837837837839,1.030258467023173,1.975638792102207,True,0
Central_India,1929,0.125,0.08333333333333333,1.5,0.33333333333333337,1.1266725352112676,2.097560975609756,True,0
Central_India,1930,0.11666666666666667,0.08166666666666667,1.4285714285714286,0.30000000000000004,1.0360839160839161,2.061024033437826,True,0
Central_India,1931,0.115,0.08,1.4375,0.30434782608695654,1.0369093231162199,2.142857142857143,True,0
Central_India,1932,0.11166666666666666,0.08166666666666667,1.3673469387755102,0.26865671641791045,1.0,1.951872822299651,False,0
Central_India,1933,0.11333333333333333,0.085,1.3333333333333333,0.25,0.9701266395296246,1.9092885375494069,False,0
Central_India,1934,0.11,0.085,1.2941176470588234,0.22727272727272718,0.9533549370949294,1.8048780487804879,False,0
Central_India,1935,0.10666666666666667,0.08,1.3333333333333335,0.2500000000000001,0.9480451675570666,1.9166666666666667,False,0
Central_India,1936,0.10333333333333333,0.08166666666666667,1.2653061224489797,0.20967741935483875,0.9343715846994536,1.8109679446888747,False,0
Central_India,1937,0.10333333333333333,0.08666666666666667,1.1923076923076923,0.16129032258064513,0.8488451528952504,1.7180977936791888,False,0
Central_India,1938,0.11,0.07833333333333334,1.4042553191489362,0.28787878787878785,1.018120184899846,2.0,True,0
Central_India,1939,0.10666666666666667,0.08,1.3333333333333335,0.2500000000000001,0.9422511312217194,2.0,False,0
Central_India,1940,0.11,0.08,1.375,0.2727272727272727,1.0,1.9047619047619047,False,0
Central_India,1941,0.11,0.08,1.375,0.2727272727272727,1.0370033670033671,1.864864864864865,True,0
Central_India,1942,0.115,0.085,1.352941176470588,0.26086956521739124,1.016949152542373,1.8379914004914002,True,0
Central_India,1943,0.10666666666666667,0.09333333333333334,1.1428571428571428,0.125,0.8643371256094731,1.5283573806881243,False,0
Central_India,1944,0.10333333333333333,0.1,1.0333333333333332,0.03225806451612889,0.7846153846153846,1.3572102425876011,False,0
Central_India,1945,0.10333333333333333,0.09666666666666666,1.0689655172413792,0.06451612903225801,0.8103037766830871,1.437576219512195,False,0
Central_India,1946,0.10833333333333334,0.10333333333333333,1.0483870967741935,0.0461538461538461,0.7856593406593406,1.406811048336472,False,0
Central_India,1947,0.11,0.10166666666666667,1.081967213114754,0.07575757575757569,0.8050666438824334,1.4212765957446807,False,0
Central_India,1948,0.11166666666666666,0.09833333333333333,1.1355932203389831,0.11940298507462688,0.8498611111111111,1.5106382978723403,False,0
Central_India,1949,0.11,0.1,1.0999999999999999,0.09090909090909083,0.8360655737704918,1.4584935897435896,False,0
Central_India,1950,0.11,0.10333333333333333,1.064516129032258,0.06060606060606055,0.8132463768115942,1.3778888888888887,False,0
Central_India,1951,0.11333333333333333,0.10333333333333333,1.096774193548387,0.08823529411764697,0.842,1.421296296296296,False,0
Central_India,1952,0.115,0.10166666666666667,1.1311475409836065,0.1159420289855072,0.8805970149253731,1.4630291005291003,False,0
Central_India,1953,0.11,0.10166666666666667,1.081967213114754,0.07575757575757569,0.8266376811594203,1.4117647058823528,False,0
Central_India,1954,0.115,0.09833333333333333,1.169491525423729,0.14492753623188426,0.8955223880597015,1.5558265582655826,False,0
Central_India,1955,0.11833333333333333,0.10166666666666667,1.1639344262295082,0.14084507042253513,0.8999275362318839,1.5091080617495714,False,0
Central_India,1956,0.11333333333333333,0.09833333333333333,1.152542372881356,0.13235294117647056,0.9015573770491803,1.4583333333333333,False,0
Central_India,1957,0.11666666666666667,0.09333333333333334,1.25,0.19999999999999996,0.9841269841269842,1.6594696969696967,False,0
Central_India,1958,0.11166666666666666,0.09666666666666666,1.1551724137931034,0.13432835820895517,0.8903348554033486,1.5348837209302324,False,0
Central_India,1959,0.11333333333333333,0.095,1.1929824561403508,0.16176470588235292,0.9090909090909092,1.5687675070028007,False,0
Central_India,1960,0.11333333333333333,0.09333333333333334,1.2142857142857142,0.17647058823529405,0.9076410256410256,1.6512133468149643,False,0
Central_India,1961,0.11833333333333333,0.09,1.3148148148148149,0.23943661971830987,1.0,1.7561305207646671,False,0
Central_India,1962,0.12,0.085,1.4117647058823528,0.29166666666666663,1.0701149425287357,1.900238095238095,True,0
Central_India,1963,0.11833333333333333,0.07833333333333334,1.5106382978723403,0.3380281690140844,1.1403734110169492,2.048905565978737,True,0
Central_India,1964,0.12166666666666667,0.075,1.6222222222222225,0.38356164383561653,1.230634278002699,2.147058823529412,True,0
Central_India,1965,0.11833333333333333,0.07833333333333334,1.5106382978723403,0.3380281690140844,1.1817272727272727,1.973780487804878,True,0
Central_India,1966,0.11833333333333333,0.08,1.4791666666666665,0.3239436619718309,1.1832575757575758,1.9167792792792793,True,0
Central_India,1967,0.12166666666666667,0.08333333333333333,1.4600000000000002,0.31506849315068497,1.1247844827586206,1.9414149443561208,True,0
Central_India,1968,0.115,0.08833333333333333,1.3018867924528303,0.23188405797101463,1.0,1.6585643015521063,False,0
Central_India,1969,0.11833333333333333,0.08833333333333333,1.3396226415094339,0.2535211267605634,1.0163802221047065,1.8205128205128205,True,0
Central_India,1970,0.12,0.08666666666666667,1.3846153846153846,0.2777777777777778,1.098281332628239,1.847859025032938,True,0
Central_India,1971,0.11666666666666667,0.08666666666666667,1.346153846153846,0.2571428571428571,1.0525,1.772840909090909,True,0
Central_India,1972,0.11166666666666666,0.08833333333333333,1.2641509433962264,0.20895522388059695,0.9843749999999999,1.6444444444444446,False,0
Central_India,1973,0.11,0.09166666666666666,1.2000000000000002,0.16666666666666674,0.9242424242424243,1.6,False,0
Central_India,1974,0.11166666666666666,0.095,1.175438596491228,0.14925373134328346,0.8946153846153846,1.5959574468085105,False,0
Central_India,1975,0.115,0.09333333333333334,1.2321428571428572,0.18840579710144933,0.8985384426430852,1.6666666666666667,False,0
Central_India,1976,0.125,0.09833333333333333,1.2711864406779663,0.21333333333333349,0.9363492063492064,1.7557777777777777,False,0
Central_India,1977,0.11833333333333333,0.10166666666666667,1.1639344262295082,0.14084507042253513,0.8636363636363636,1.6304347826086958,False,0
Central_India,1978,0.11833333333333333,0.1,1.1833333333333333,0.15492957746478875,0.8614439946018894,1.6111678004535148,False,0
Central_India,1979,0.11333333333333333,0.1,1.1333333333333333,0.11764705882352944,0.8285008818342151,1.5384615384615383,False,0
Central_India,1980,0.11166666666666666,0.10333333333333333,1.0806451612903225,0.07462686567164178,0.7746478873239436,1.4792467948717947,False,0
Central_India,1981,0.105,0.10166666666666667,1.0327868852459017,0.031746031746031744,0.7312626058894716,1.4548181818181816,False,0
Central_India,1982,0.10333333333333333,0.10666666666666667,0.9687499999999999,-0.032258064516129226,0.6969038208168642,1.3550967741935482,False,0
Central_India,1983,0.10166666666666667,0.105,0.9682539682539684,-0.032786885245901454,0.6764308426073131,1.3673469387755102,False,0
Central_India,1984,0.09666666666666666,0.10333333333333333,0.9354838709677419,-0.06896551724137945,0.6428571428571428,1.2941176470588234,False,0
Central_India,1985,0.09333333333333334,0.10333333333333333,0.903225806451613,-0.10714285714285698,0.6574444194924769,1.240037037037037,False,0
Central_India,1986,0.08833333333333333,0.09666666666666666,0.9137931034482759,-0.09433962264150941,0.6664215686274509,1.265677179962894,False,0
Central_India,1987,0.09,0.09333333333333334,0.9642857142857142,-0.0370370370370372,0.6864493322859387,1.3802307692307692,False,0
Central_India,1988,0.09333333333333334,0.09333333333333334,1.0,0.0,0.7166441441441441,1.3914759725400458,False,0
Central_India,1989,0.1,0.09333333333333334,1.0714285714285714,0.06666666666666665,0.8142380952380952,1.4680851063829787,False,0
Central_India,1990,0.1,0.09833333333333333,1.016949152542373,0.01666666666666683,0.7498333333333334,1.354458333333333,False,0
Central_India,1991,0.10333333333333333,0.09833333333333333,1.0508474576271187,0.048387096774193616,0.7691750278706799,1.4468085106382977,False,0
Central_India,1992,0.10833333333333334,0.095,1.1403508771929824,0.12307692307692308,0.8253968253968255,1.5556623931623932,False,0
Central_India,1993,0.11333333333333333,0.09166666666666666,1.2363636363636363,0.19117647058823528,0.9076410256410256,1.6603333333333332,False,0
Central_India,1994,0.115,0.09333333333333334,1.2321428571428572,0.18840579710144933,0.9682539682539684,1.5670041417395297,False,0
Central_India,1995,0.11166666666666666,0.09,1.2407407407407407,0.19402985074626866,0.9564897698209718,1.5909554730983302,False,0
Central_India,1996,0.10666666666666667,0.085,1.2549019607843137,0.203125,0.9992857142857143,1.6363636363636362,False,0
Central_India,1997,0.11666666666666667,0.085,1.3725490196078431,0.27142857142857146,1.102023521272916,1.7381469979296065,True,0
Central_India,1998,0.11833333333333333,0.09333333333333334,1.2678571428571428,0.21126760563380276,1.0158606150793652,1.6307312252964425,True,0
Central_India,1999,0.12166666666666667,0.09333333333333334,1.3035714285714286,0.23287671232876717,1.0441176470588236,1.6222222222222225,True,0
Central_India,2000,0.12,0.09333333333333334,1.2857142857142856,0.2222222222222221,1.0151292335115865,1.645833333333333,True,0
Central_India,2001,0.12333333333333334,0.095,1.2982456140350878,0.22972972972972971,1.0483870967741935,1.625,True,0
Central_India,2002,0.12166666666666667,0.09166666666666666,1.3272727272727274,0.24657534246575352,1.0610931174089069,1.6812529550827415,True,0
Central_India,2003,0.12666666666666668,0.09333333333333334,1.3571428571428572,0.26315789473684215,1.0724120082815733,1.6875694444444445,True,0
Central_India,2004,0.12833333333333333,0.10166666666666667,1.262295081967213,0.20779220779220775,1.0172267679719462,1.5800909090909088,True,0
Central_India,2005,0.13,0.10166666666666667,1.278688524590164,0.21794871794871795,1.0133333333333334,1.5854680696661825,True,0
Indo_Gangetic_Plain,1860,0.085,0.065,1.3076923076923077,0.23529411764705888,0.8084697217675941,2.0607007575757574,False,0
Indo_Gangetic_Plain,1861,0.08833333333333333,0.065,1.358974358974359,0.26415094339622647,0.8371855719031798,2.1074999999999995,False,0
Indo_Gangetic_Plain,1862,0.08666666666666667,0.06666666666666667,1.3,0.23076923076923084,0.7872340425531915,2.097107897664071,False,0
Indo_Gangetic_Plain,1863,0.08166666666666667,0.06666666666666667,1.225,0.1836734693877552,0.782608695652174,2.001470588235293,False,0
Indo_Gangetic_Plain,1864,0.08666666666666667,0.07,1.238095238095238,0.19230769230769218,0.7618095238095239,2.0,False,0
Indo_Gangetic_Plain,1865,0.08166666666666667,0.06833333333333333,1.1951219512195121,0.16326530612244894,0.7446561108362196,1.911764705882353,False,0
Indo_Gangetic_Plain,1866,0.08,0.065,1.2307692307692308,0.1875,0.75,2.0,False,0
Indo_Gangetic_Plain,1867,0.08,0.065,1.2307692307692308,0.1875,0.8125,2.0,False,0
Indo_Gangetic_Plain,1868,0.08333333333333333,0.06666666666666667,1.25,0.19999999999999996,0.8331920903954801,1.9413398692810457,False,0
Indo_Gangetic_Plain,1869,0.07833333333333334,0.07666666666666666,1.0217391304347827,0.021276595744680993,0.7142857142857142,1.500714285714285,False,0
Indo_Gangetic_Plain,1870,0.07833333333333334,0.07833333333333334,1.0,0.0,0.719298245614035,1.4474999999999998,False,0
Indo_Gangetic_Plain,1871,0.07833333333333334,0.08166666666666667,0.9591836734693878,-0.04255319148936154,0.6617409867172676,1.3615338164251205,False,0
Indo_Gangetic_Plain,1872,0.085,0.08666666666666667,0.9807692307692308,-0.019607843137254832,0.6721183401639343,1.4055432984004412,False,0
Indo_Gangetic_Plain,1873,0.08,0.085,0.9411764705882353,-0.0625,0.6726974664679584,1.3002777777777776,False,0
Indo_Gangetic_Plain,1874,0.07833333333333334,0.08166666666666667,0.9591836734693878,-0.04255319148936154,0.6983134920634921,1.2979787234042552,False,0
Indo_Gangetic_Plain,1875,0.075,0.08166666666666667,0.9183673469387755,-0.0888888888888888,0.6607142857142857,1.2778423772609817,False,0
Indo_Gangetic_Plain,1876,0.08,0.08166666666666667,0.979591836734694,-0.02083333333333326,0.7356637466307279,1.365982028241335,False,0
Indo_Gangetic_Plain,1877,0.07833333333333334,0.08166666666666667,0.9591836734693878,-0.04255319148936154,0.7333333333333333,1.273044397463002,False,0
Indo_Gangetic_Plain,1878,0.08166666666666667,0.08666666666666667,0.9423076923076923,-0.061224489795918435,0.7449399114484504,1.215877570540411,False,0
Indo_Gangetic_Plain,1879,0.08,0.08666666666666667,0.923076923076923,-0.08333333333333348,0.6884733606557378,1.2293362403100772,False,0
Indo_Gangetic_Plain,1880,0.07666666666666666,0.08833333333333333,0.8679245283018867,-0.15217391304347827,0.6562243852459017,1.134702797202797,False,0
Indo_Gangetic_Plain,1881,0.07666666666666666,0.09166666666666666,0.8363636363636363,-0.19565217391304346,0.6615123859191656,1.0667424242424242,False,0
Indo_Gangetic_Plain,1882,0.07833333333333334,0.08833333333333333,0.8867924528301887,-0.12765957446808507,0.7030564692982455,1.1463414634146343,False,0
Indo_Gangetic_Plain,1883,0.07833333333333334,0.08666666666666667,0.9038461538461539,-0.1063829787234043,0.6935483870967742,1.1944444444444446,False,0
Indo_Gangetic_Plain,1884,0.075,0.08666666666666667,0.8653846153846153,-0.15555555555555567,0.6557094403617862,1.1163474692202462,False,0
Indo_Gangetic_Plain,1885,0.075,0.085,0.8823529411764705,-0.13333333333333353,0.6947848761408084,1.1666666666666665,False,0
Indo_Gangetic_Plain,1886,0.07333333333333333,0.09,0.8148148148148149,-0.22727272727272707,0.6190162907268171,1.0851988899167435,False,0
Indo_Gangetic_Plain,1887,0.07166666666666667,0.09,0.7962962962962964,-0.2558139534883719,0.5967741935483871,1.0233125354509358,False,0
Indo_Gangetic_Plain,1888,0.07166666666666667,0.08833333333333333,0.8113207547169812,-0.2325581395348837,0.603448275862069,1.0681818181818183,False,0
Indo_Gangetic_Plain,1889,0.075,0.07666666666666666,0.9782608695652174,-0.022222222222222143,0.7445157740278796,1.3157894736842104,False,0
Indo_Gangetic_Plain,1890,0.07833333333333334,0.07333333333333333,1.0681818181818183,0.06382978723404265,0.8214285714285713,1.3811355311355307,False,0
Indo_Gangetic_Plain,1891,0.08166666666666667,0.07,1.1666666666666665,0.1428571428571428,0.8867924528301887,1.5557189542483658,False,0
Indo_Gangetic_Plain,1892,0.07666666666666666,0.06666666666666667,1.15,0.13043478260869557,0.8597272727272728,1.58630831643002,False,0
Indo_Gangetic_Plain,1893,0.08166666666666667,0.07166666666666667,1.1395348837209303,0.12244897959183676,0.8260869565217392,1.6002631578947366,False,0
Indo_Gangetic_Plain,1894,0.08,0.07,1.1428571428571428,0.125,0.8275112443778111,1.620689655172414,False,0
Indo_Gangetic_Plain,1895,0.07833333333333334,0.06666666666666667,1.175,0.14893617021276595,0.846068376068376,1.65625,False,0
Indo_Gangetic_Plain,1896,0.075,0.06666666666666667,1.125,0.11111111111111116,0.8125,1.5151515151515151,False,0
Indo_Gangetic_Plain,1897,0.07333333333333333,0.07,1.0476190476190474,0.0454545454545453,0.7592592592592592,1.4528388278388273,False,0
Indo_Gangetic_Plain,1898,0.07166666666666667,0.06833333333333333,1.048780487804878,0.04651162790697683,0.75,1.4728046594982074,False,0
Indo_Gangetic_Plain,1899,0.07333333333333333,0.06666666666666667,1.1,0.09090909090909094,0.7658948685857321,1.545601173020528,False,0
Indo_Gangetic_Plain,1900,0.07333333333333333,0.07166666666666667,1.0232558139534884,0.022727272727272818,0.7234042553191489,1.44858934169279,False,0
Indo_Gangetic_Plain,1901,0.07166666666666667,0.06833333333333333,1.048780487804878,0.04651162790697683,0.7012005191434134,1.5143290043290043,False,0
Indo_Gangetic_Plain,1902,0.07166666666666667,0.06833333333333333,1.048780487804878,0.04651162790697683,0.7173707957342085,1.5282181571815714,False,0
Indo_Gangetic_Plain,1903,0.07166666666666667,0.07,1.0238095238095237,0.023255813953488302,0.7068458417849899,1.4839631336405528,False,0
Indo_Gangetic_Plain,1904,0.07333333333333333,0.06833333333333333,1.0731707317073171,0.06818181818181823,0.771875,1.5000000000000002,False,0
Indo_Gangetic_Plain,1905,0.07333333333333333,0.065,1.1282051282051282,0.11363636363636365,0.8460030165912519,1.4706699346405228,False,0
Indo_Gangetic_Plain,1906,0.07666666666666666,0.06333333333333334,1.2105263157894735,0.17391304347826075,0.9164855072463768,1.5883107088989443,False,0
Indo_Gangetic_Plain,1907,0.07666666666666666,0.06666666666666667,1.15,0.13043478260869557,0.8444444444444446,1.580779569892473,False,0
Indo_Gangetic_Plain,1908,0.07666666666666666,0.06666666666666667,1.15,0.13043478260869557,0.8333333333333333,1.6061923583662712,False,0
Indo_Gangetic_Plain,1909,0.07666666666666666,0.06833333333333333,1.121951219512195,0.10869565217391297,0.8163265306122449,1.5833333333333335,False,0
Indo_Gangetic_Plain,1910,0.08,0.07166666666666667,1.1162790697674418,0.10416666666666663,0.8,1.5667117117117118,False,0
Indo_Gangetic_Plain,1911,0.07833333333333334,0.07,1.119047619047619,0.1063829787234043,0.8084697217675941,1.5428571428571427,False,0
Indo_Gangetic_Plain,1912,0.08,0.075,1.0666666666666667,0.0625,0.7647058823529411,1.4546753246753246,False,0
Indo_Gangetic_Plain,1913,0.07333333333333333,0.07333333333333333,1.0,0.0,0.7169811320754718,1.4119081779053084,False,0
Indo_Gangetic_Plain,1914,0.07833333333333334,0.075,1.0444444444444445,0.042553191489361764,0.7856442577030812,1.4516513056835638,False,0
Indo_Gangetic_Plain,1915,0.08166666666666667,0.07833333333333334,1.0425531914893615,0.04081632653061207,0.7719298245614035,1.4864864864864864,False,0
Indo_Gangetic_Plain,1916,0.08166666666666667,0.08,1.0208333333333333,0.020408163265306034,0.7646524064171123,1.4186046511627906,False,0
Indo_Gangetic_Plain,1917,0.08,0.07666666666666666,1.0434782608695654,0.04166666666666685,0.7735021516054286,1.4473684210526314,False,0
Indo_Gangetic_Plain,1918,0.07833333333333334,0.08333333333333333,0.9400000000000001,-0.06382978723404253,0.6861274509803922,1.3243581081081082,False,0
Indo_Gangetic_Plain,1919,0.08166666666666667,0.085,0.9607843137254901,-0.04081632653061229,0.6998484848484849,1.3516409266409264,False,0
Indo_Gangetic_Plain,1920,0.08166666666666667,0.07666666666666666,1.065217391304348,0.061224489795918435,0.757916392363397,1.5128551628551627,False,0
Indo_Gangetic_Plain,1921,0.08,0.07666666666666666,1.0434782608695654,0.04166666666666685,0.7541666666666667,1.4857142857142858,False,0
Indo_Gangetic_Plain,1922,0.07833333333333334,0.07666666666666666,1.0217391304347827,0.021276595744680993,0.7578971393791846,1.4007317073170724,False,0
Indo_Gangetic_Plain,1923,0.08166666666666667,0.07833333333333334,1.0425531914893615,0.04081632653061207,0.7902295285359802,1.4728535353535348,False,0
Indo_Gangetic_Plain,1924,0.08,0.08166666666666667,0.979591836734694,-0.02083333333333326,0.7121083718541346,1.3243243243243243,False,0
Indo_Gangetic_Plain,1925,0.08,0.08666666666666667,0.923076923076923,-0.08333333333333348,0.6981074481074482,1.2666666666666668,False,0
Indo_Gangetic_Plain,1926,0.08,0.08333333333333333,0.9600000000000001,-0.04166666666666652,0.7067629917435648,1.3250290697674418,False,0
Indo_Gangetic_Plain,1927,0.08,0.08,1.0,0.0,0.734625850340136,1.3637472283813747,False,0
Indo_Gangetic_Plain,1928,0.08,0.08166666666666667,0.979591836734694,-0.02083333333333326,0.7246126936531733,1.3432142857142855,False,0
Indo_Gangetic_Plain,1929,0.075,0.08666666666666667,0.8653846153846153,-0.15555555555555567,0.6612903225806451,1.155191570881226,False,0
Indo_Gangetic_Plain,1930,0.07,0.08666666666666667,0.8076923076923077,-0.23809523809523814,0.6060606060606061,1.0638991674375577,False,0
Indo_Gangetic_Plain,1931,0.07166666666666667,0.09166666666666666,0.7818181818181819,-0.2790697674418603,0.5789062500000001,1.0717032967032964,False,0
Indo_Gangetic_Plain,1932,0.075,0.08666666666666667,0.8653846153846153,-0.15555555555555567,0.6537927350427349,1.1666666666666667,False,0
Indo_Gangetic_Plain,1933,0.07666666666666666,0.08166666666666667,0.9387755102040816,-0.0652173913043479,0.6888706739526411,1.292821507760532,False,0
Indo_Gangetic_Plain,1934,0.075,0.08,0.9375,-0.06666666666666665,0.7048994038748138,1.2932661717921523,False,0
Indo_Gangetic_Plain,1935,0.07333333333333333,0.08333333333333333,0.88,-0.13636363636363646,0.6480936819172113,1.2105263157894735,False,0
Indo_Gangetic_Plain,1936,0.075,0.08333333333333333,0.9,-0.11111111111111116,0.66,1.240162162162162,False,0
Indo_Gangetic_Plain,1937,0.07833333333333334,0.09166666666666666,0.8545454545454546,-0.17021276595744683,0.6166666666666667,1.151088534107402,False,0
Indo_Gangetic_Plain,1938,0.08333333333333333,0.09,0.9259259259259259,-0.08000000000000007,0.6491228070175439,1.2980730630268966,False,0
Indo_Gangetic_Plain,1939,0.07833333333333334,0.08833333333333333,0.8867924528301887,-0.12765957446808507,0.6071135831381732,1.302325581395349,False,0
Indo_Gangetic_Plain,1940,0.07833333333333334,0.095,0.8245614035087719,-0.2127659574468086,0.5757575757575758,1.1456286266924565,False,0
Indo_Gangetic_Plain,1941,0.08333333333333333,0.1,0.8333333333333333,-0.20000000000000018,0.5768648018648018,1.1524599542334093,False,0
Indo_Gangetic_Plain,1942,0.08333333333333333,0.10166666666666667,0.8196721311475409,-0.2200000000000002,0.5506884057971014,1.1636363636363638,False,0
Indo_Gangetic_Plain,1943,0.08166666666666667,0.1,0.8166666666666667,-0.22448979591836737,0.5440546218487395,1.222222222222222,False,0
Indo_Gangetic_Plain,1944,0.08333333333333333,0.1,0.8333333333333333,-0.20000000000000018,0.546875,1.2448979591836735,False,0
Indo_Gangetic_Plain,1945,0.085,0.09833333333333333,0.8644067796610171,-0.1568627450980391,0.5756461675579323,1.2765957446808511,False,0
Indo_Gangetic_Plain,1946,0.08333333333333333,0.1,0.8333333333333333,-0.20000000000000018,0.5554804804804804,1.2402222222222221,False,0
Indo_Gangetic_Plain,1947,0.08333333333333333,0.105,0.7936507936507936,-0.26,0.5350740808487288,1.1641083916083914,False,0
Indo_Gangetic_Plain,1948,0.09166666666666666,0.10333333333333333,0.8870967741935484,-0.1272727272727272,0.6235294117647059,1.2746141009595326,False,0
Indo_Gangetic_Plain,1949,0.09,0.09666666666666666,0.9310344827586207,-0.07407407407407418,0.6527777777777778,1.3491731266149867,False,0
Indo_Gangetic_Plain,1950,0.09166666666666666,0.095,0.9649122807017543,-0.036363636363636376,0.6805277777777778,1.3915065722952478,False,0
Indo_Gangetic_Plain,1951,0.09333333333333334,0.09,1.0370370370370372,0.03571428571428592,0.737625227686703,1.45686638388123,False,0
Indo_Gangetic_Plain,1952,0.09333333333333334,0.09333333333333334,1.0,0.0,0.7095383759733037,1.3728104575163396,False,0
Indo_Gangetic_Plain,1953,0.09333333333333334,0.09666666666666666,0.9655172413793104,-0.03571428571428559,0.6865671641791045,1.3674006444683136,False,0
Indo_Gangetic_Plain,1954,0.09333333333333334,0.095,0.9824561403508772,-0.017857142857142794,0.6716311300639658,1.3879325643300797,False,0
Indo_Gangetic_Plain,1955,0.09333333333333334,0.09166666666666666,1.0181818181818183,0.017857142857143016,0.6968434343434343,1.4222222222222223,False,0
Indo_Gangetic_Plain,1956,0.09,0.09666666666666666,0.9310344827586207,-0.07407407407407418,0.6615384615384615,1.26092132505176,False,0
Indo_Gangetic_Plain,1957,0.08833333333333333,0.09166666666666666,0.9636363636363637,-0.037735849056603765,0.65625,1.3809956709956708,False,0
Indo_Gangetic_Plain,1958,0.08333333333333333,0.08666666666666667,0.9615384615384615,-0.040000000000000036,0.6771847507331379,1.3723772609819116,False,0
Indo_Gangetic_Plain,1959,0.09,0.08833333333333333,1.0188679245283019,0.01851851851851849,0.7030564692982455,1.439166193987521,False,0
Indo_Gangetic_Plain,1960,0.09166666666666666,0.08666666666666667,1.0576923076923075,0.05454545454545434,0.7538934426229508,1.512226391494684,False,0
Indo_Gangetic_Plain,1961,0.085,0.08666666666666667,0.9807692307692308,-0.019607843137254832,0.7016666666666667,1.375,False,0
Indo_Gangetic_Plain,1962,0.085,0.08333333333333333,1.0200000000000002,0.019607843137255165,0.7191823899371068,1.3960416666666664,False,0
Indo_Gangetic_Plain,1963,0.08166666666666667,0.085,0.9607843137254901,-0.04081632653061229,0.6785714285714286,1.3846153846153846,False,0
Indo_Gangetic_Plain,1964,0.08333333333333333,0.085,0.980392156862745,-0.02000000000000024,0.6768797399783315,1.4669444444444444,False,0
Indo_Gangetic_Plain,1965,0.07833333333333334,0.08333333333333333,0.9400000000000001,-0.06382978723404253,0.6545104895104895,1.4048363095238094,False,0
Indo_Gangetic_Plain,1966,0.08,0.08666666666666667,0.923076923076923,-0.08333333333333348,0.6290322580645161,1.2917892156862745,False,0
Indo_Gangetic_Plain,1967,0.08333333333333333,0.07833333333333334,1.0638297872340425,0.05999999999999994,0.7590012143290831,1.4250265957446808,False,0
Indo_Gangetic_Plain,1968,0.075,0.07333333333333333,1.0227272727272727,0.022222222222222254,0.7254901960784313,1.5319602272727264,False,0
Indo_Gangetic_Plain,1969,0.07833333333333334,0.075,1.0444444444444445,0.042553191489361764,0.7141483516483516,1.5409328683522228,False,0
Indo_Gangetic_Plain,1970,0.07333333333333333,0.07333333333333333,1.0,0.0,0.690909090909091,1.4705882352941175,False,0
Indo_Gangetic_Plain,1971,0.07,0.07666666666666666,0.9130434782608697,-0.09523809523809512,0.6362762237762238,1.3421052631578947,False,0
Indo_Gangetic_Plain,1972,0.065,0.075,0.8666666666666667,-0.15384615384615374,0.6000000000000001,1.2222222222222223,False,0
Indo_Gangetic_Plain,1973,0.06333333333333334,0.08166666666666667,0.7755102040816327,-0.2894736842105261,0.5454545454545455,1.0976829268292683,False,0
Indo_Gangetic_Plain,1974,0.06,0.08166666666666667,0.7346938775510204,-0.36111111111111094,0.5305522208883554,1.0250320512820512,False,0
Indo_Gangetic_Plain,1975,0.065,0.08,0.8125,-0.23076923076923084,0.5899010207237859,1.1351351351351353,False,0
Indo_Gangetic_Plain,1976,0.06333333333333334,0.075,0.8444444444444446,-0.18421052631578938,0.5833333333333334,1.1891891891891893,False,0
Indo_Gangetic_Plain,1977,0.06666666666666667,0.075,0.888888888888889,-0.125,0.641433962264151,1.238352638352638,False,0
Indo_Gangetic_Plain,1978,0.06833333333333333,0.08,0.8541666666666666,-0.17073170731707332,0.6100531738118977,1.1951219512195121,False,0
Indo_Gangetic_Plain,1979,0.065,0.08,0.8125,-0.23076923076923084,0.6190476190476191,1.076923076923077,False,0
Indo_Gangetic_Plain,1980,0.06833333333333333,0.08,0.8541666666666666,-0.17073170731707332,0.6604654566744731,1.1539316239316237,False,0
Indo_Gangetic_Plain,1981,0.07166666666666667,0.07833333333333334,0.9148936170212766,-0.09302325581395343,0.7114160839160839,1.1579545454545452,False,0
Indo_Gangetic_Plain,1982,0.075,0.08166666666666667,0.9183673469387755,-0.0888888888888888,0.7358490566037736,1.1592758985200844,False,0
Indo_Gangetic_Plain,1983,0.075,0.08333333333333333,0.9,-0.11111111111111116,0.7076923076923076,1.1363636363636362,False,0
Indo_Gangetic_Plain,1984,0.07666666666666666,0.08166666666666667,0.9387755102040816,-0.0652173913043479,0.7407037037037038,1.2145470383275259,False,0
Indo_Gangetic_Plain,1985,0.08,0.08166666666666667,0.979591836734694,-0.02083333333333326,0.7592273307790549,1.2703931203931205,False,0
Indo_Gangetic_Plain,1986,0.07666666666666666,0.08,0.9583333333333333,-0.04347826086956519,0.7457473035439137,1.2442073170731707,False,0
Indo_Gangetic_Plain,1987,0.07833333333333334,0.08833333333333333,0.8867924528301887,-0.12765957446808507,0.698397723869422,1.1363636363636362,False,0
Indo_Gangetic_Plain,1988,0.08,0.09166666666666666,0.8727272727272728,-0.14583333333333326,0.6984126984126985,1.1136363636363635,False,0
Indo_Gangetic_Plain,1989,0.08,0.095,0.8421052631578947,-0.1875,0.65625,1.0952380952380951,False,0
Indo_Gangetic_Plain,1990,0.08666666666666667,0.09666666666666666,0.896551724137931,-0.11538461538461542,0.6983405483405484,1.1489361702127658,False,0
Indo_Gangetic_Plain,1991,0.08666666666666667,0.10166666666666667,0.8524590163934427,-0.1730769230769229,0.6811292270531402,1.0834039548022598,False,0
Indo_Gangetic_Plain,1992,0.08833333333333333,0.10333333333333333,0.8548387096774194,-0.16981132075471694,0.6773945409429281,1.0862443778110944,False,0
Indo_Gangetic_Plain,1993,0.09166666666666666,0.09833333333333333,0.9322033898305084,-0.07272727272727275,0.7412334217506632,1.1608418367346938,False,0
Indo_Gangetic_Plain,1994,0.10166666666666667,0.10166666666666667,1.0,0.0,0.7948542325254654,1.2592592592592593,False,0
Indo_Gangetic_Plain,1995,0.10833333333333334,0.10333333333333333,1.0483870967741935,0.0461538461538461,0.8550724637681159,1.3396226415094339,False,0
Indo_Gangetic_Plain,1996,0.11666666666666667,0.10333333333333333,1.1290322580645162,0.11428571428571432,0.8984949832775919,1.4130809595202398,False,0
Indo_Gangetic_Plain,1997,0.12333333333333334,0.10666666666666667,1.15625,0.1351351351351351,0.8960748207016864,1.464347290640394,False,0
Indo_Gangetic_Plain,1998,0.12666666666666668,0.10333333333333333,1.2258064516129032,0.1842105263157895,0.9341666666666666,1.5966666666666667,False,0
Indo_Gangetic_Plain,1999,0.135,0.10166666666666667,1.3278688524590165,0.24691358024691368,1.028169014084507,1.7222222222222223,True,0
Indo_Gangetic_Plain,2000,0.13666666666666666,0.1,1.3666666666666665,0.2682926829268292,1.0578893651765666,1.809085106382978,True,0
Indo_Gangetic_Plain,2001,0.13833333333333334,0.1,1.3833333333333333,0.27710843373493976,1.05618779342723,1.8478260869565217,True,0
Indo_Gangetic_Plain,2002,0.13666666666666666,0.09833333333333333,1.3898305084745763,0.2804878048780488,1.0433876811594203,1.9048941798941796,True,0
Indo_Gangetic_Plain,2003,0.13833333333333334,0.095,1.456140350877193,0.3132530120481928,1.121185997910136,1.9149822695035459,True,0
Indo_Gangetic_Plain,2004,0.13666666666666666,0.095,1.43859649122807,0.30487804878048774,1.0923076923076922,1.9334057971014493,True,0
Indo_Gangetic_Plain,2005,0.135,0.09666666666666666,1.396551724137931,0.28395061728395066,1.0303030303030303,1.93703612073231,True,0
Northeast,1860,0.1,0.08166666666666667,1.2244897959183674,0.18333333333333335,0.8805326814204838,1.7142857142857144,False,0
Northeast,1861,0.105,0.07333333333333333,1.4318181818181817,0.3015873015873015,1.0416241496598637,1.9696969696969697,True,0
Northeast,1862,0.1,0.07333333333333333,1.3636363636363638,0.2666666666666667,0.984758602978942,1.843870192307692,False,0
Northeast,1863,0.09666666666666666,0.07833333333333334,1.2340425531914894,0.18965517241379315,0.9409430438842203,1.641117216117216,False,0
Northeast,1864,0.09666666666666666,0.085,1.1372549019607843,0.12068965517241381,0.8069892473118279,1.6500000000000001,False,0
Northeast,1865,0.09666666666666666,0.08833333333333333,1.0943396226415094,0.08620689655172409,0.7796610169491526,1.6444444444444446,False,0
Northeast,1866,0.09833333333333333,0.09166666666666666,1.0727272727272728,0.06779661016949157,0.7534420289855073,1.5556623931623932,False,0
Northeast,1867,0.10166666666666667,0.08833333333333333,1.150943396226415,0.13114754098360648,0.85,1.5454545454545454,False,0
Northeast,1868,0.11,0.085,1.2941176470588234,0.22727272727272718,1.0,1.7142857142857144,False,0
Northeast,1869,0.10833333333333334,0.08833333333333333,1.2264150943396226,0.18461538461538463,0.9218129960317459,1.6744476744186045,False,0
Northeast,1870,0.105,0.09166666666666666,1.1454545454545455,0.12698412698412698,0.8253968253968255,1.5909090909090908,False,0
Northeast,1871,0.105,0.09666666666666666,1.0862068965517242,0.07936507936507942,0.7936507936507936,1.4684903748733533,False,0
Northeast,1872,0.11166666666666666,0.095,1.175438596491228,0.14925373134328346,0.916522988505747,1.583514492753623,False,0
Northeast,1873,0.11666666666666667,0.1,1.1666666666666665,0.1428571428571428,0.8998529411764705,1.5401739130434782,False,0
Northeast,1874,0.11833333333333333,0.1,1.1833333333333333,0.15492957746478875,0.9027777777777778,1.5556623931623934,False,0
Northeast,1875,0.11333333333333333,0.1,1.1333333333333333,0.11764705882352944,0.8648034398034399,1.5,False,0
Northeast,1876,0.10833333333333334,0.1,1.0833333333333333,0.07692307692307687,0.818041958041958,1.4510728819829817,False,0
Northeast,1877,0.11166666666666666,0.09666666666666666,1.1551724137931034,0.13432835820895517,0.8870967741935484,1.5687675070028007,False,0
Northeast,1878,0.11833333333333333,0.10333333333333333,1.1451612903225807,0.12676056338028174,0.8767123287671234,1.517925824175824,False,0
Northeast,1879,0.12166666666666667,0.1,1.2166666666666666,0.17808219178082185,0.922005772005772,1.6154664484451717,False,0
Northeast,1880,0.12,0.1,1.2,0.16666666666666663,0.9451283040710013,1.5652584085315833,False,0
Northeast,1881,0.12,0.10333333333333333,1.161290322580645,0.13888888888888873,0.9295774647887324,1.4807692307692306,False,0
Northeast,1882,0.12333333333333334,0.10166666666666667,1.2131147540983607,0.17567567567567566,0.9482646663681147,1.6001886792452829,False,0
Northeast,1883,0.12833333333333333,0.10333333333333333,1.2419354838709677,0.19480519480519476,1.0,1.608816425120773,False,0
Northeast,1884,0.12833333333333333,0.1,1.2833333333333332,0.22077922077922074,1.0156129807692307,1.6296296296296298,True,0
Northeast,1885,0.13166666666666665,0.1,1.3166666666666664,0.2405063291139239,1.0302804161013117,1.6734230769230765,True,0
Northeast,1886,0.135,0.09333333333333334,1.4464285714285714,0.308641975308642,1.140747261345853,1.909191919191919,True,0
Northeast,1887,0.12833333333333333,0.095,1.3508771929824561,0.2597402597402597,1.029139458955224,1.7504999999999997,True,0
Northeast,1888,0.12,0.09833333333333333,1.2203389830508475,0.18055555555555558,0.9304045893719807,1.620111111111111,False,0
Northeast,1889,0.12,0.09833333333333333,1.2203389830508475,0.18055555555555558,0.8999999999999999,1.680090909090909,False,0
Northeast,1890,0.12166666666666667,0.09833333333333333,1.2372881355932204,0.1917808219178082,0.9322033898305084,1.6744186046511627,False,0
Northeast,1891,0.12,0.09166666666666666,1.309090909090909,0.23611111111111116,0.9841141833077317,1.7602978723404252,False,0
Northeast,1892,0.10833333333333334,0.08833333333333333,1.2264150943396226,0.18461538461538463,0.914185463659148,1.6944444444444446,False,0
Northeast,1893,0.105,0.08833333333333333,1.1886792452830188,0.15873015873015872,0.91659604519774,1.6193452380952376,False,0
Northeast,1894,0.10666666666666667,0.08833333333333333,1.207547169811321,0.1718750000000001,0.9274829497016198,1.6050308495491217,False,0
Northeast,1895,0.10833333333333334,0.09,1.2037037037037037,0.1692307692307693,0.9433962264150942,1.5946267696267695,False,0
Northeast,1896,0.11166666666666666,0.09166666666666666,1.2181818181818183,0.17910447761194037,0.9648148148148147,1.596153846153846,False,0
Northeast,1897,0.11166666666666666,0.10333333333333333,1.0806451612903225,0.07462686567164178,0.8610243055555556,1.4092245989304812,False,0
Northeast,1898,0.11,0.09833333333333333,1.1186440677966103,0.10606060606060619,0.8656572904707234,1.4883720930232558,False,0
Northeast,1899,0.11,0.09833333333333333,1.1186440677966103,0.10606060606060619,0.8749208860759493,1.5000000000000002,False,0
Northeast,1900,0.11,0.09666666666666666,1.1379310344827587,0.12121212121212122,0.8771929824561403,1.4823946886446884,False,0
Northeast,1901,0.11166666666666666,0.1,1.1166666666666665,0.10447761194029836,0.8970588235294118,1.4082096474953618,False,0
Northeast,1902,0.11166666666666666,0.09666666666666666,1.1551724137931034,0.13432835820895517,0.9078846153846153,1.5,False,0
Northeast,1903,0.10333333333333333,0.09333333333333334,1.107142857142857,0.09677419354838701,0.8419354838709677,1.4365454545454543,False,0
Northeast,1904,0.09833333333333333,0.09,1.0925925925925926,0.0847457627118644,0.8392331932773109,1.3829787234042552,False,0
Northeast,1905,0.095,0.09333333333333334,1.0178571428571428,0.01754385964912275,0.7894366197183099,1.3192292252107585,False,0
Northeast,1906,0.09333333333333334,0.095,0.9824561403508772,-0.017857142857142794,0.7857142857142857,1.2292467948717947,False,0
Northeast,1907,0.095,0.09833333333333333,0.9661016949152543,-0.0350877192982455,0.761134328358209,1.2094755071746657,False,0
Northeast,1908,0.095,0.09166666666666666,1.0363636363636364,0.03508771929824561,0.8135063559322034,1.341737182677949,False,0
Northeast,1909,0.095,0.08833333333333333,1.0754716981132075,0.07017543859649122,0.8412518037518038,1.3696054750402578,False,0
Northeast,1910,0.1,0.09166666666666666,1.090909090909091,0.08333333333333348,0.8198450704225352,1.4407594524119947,False,0
Northeast,1911,0.1,0.1,1.0,0.0,0.7592273307790549,1.3278735632183905,False,0
Northeast,1912,0.1,0.1,1.0,0.0,0.7538461538461538,1.3269230769230769,False,0
Northeast,1913,0.09666666666666666,0.09666666666666666,1.0,0.0,0.7286632039365775,1.3461930926216639,False,0
Northeast,1914,0.095,0.095,1.0,0.0,0.7464683624132857,1.3541666666666667,False,0
Northeast,1915,0.095,0.09166666666666666,1.0363636363636364,0.03508771929824561,0.7599032258064516,1.4288409703504041,False,0
Northeast,1916,0.09,0.08833333333333333,1.0188679245283019,0.01851851851851849,0.7710924369747899,1.3864332096474954,False,0
Northeast,1917,0.09166666666666666,0.07833333333333334,1.1702127659574466,0.14545454545454528,0.8387096774193549,1.667083333333333,False,0
Northeast,1918,0.09166666666666666,0.08166666666666667,1.1224489795918366,0.10909090909090902,0.8331761006289308,1.5106877783275605,False,0
Northeast,1919,0.08666666666666667,0.09,0.962962962962963,-0.038461538461538325,0.7058823529411765,1.2857142857142856,False,0
Northeast,1920,0.085,0.08666666666666667,0.9807692307692308,-0.019607843137254832,0.7089811912225706,1.32025,False,0
Northeast,1921,0.08166666666666667,0.085,0.9607843137254901,-0.04081632653061229,0.7212459016393443,1.2727272727272727,False,0
Northeast,1922,0.08,0.08833333333333333,0.9056603773584906,-0.10416666666666674,0.6617273180458624,1.2053369111508643,False,0
Northeast,1923,0.08833333333333333,0.08666666666666667,1.0192307692307692,0.01886792452830177,0.7717261904761904,1.363821892393321,False,0
Northeast,1924,0.095,0.09,1.0555555555555556,0.052631578947368474,0.8069892473118279,1.4042553191489362,False,0
Northeast,1925,0.095,0.085,1.1176470588235294,0.10526315789473684,0.8381417112299465,1.5122610415293343,False,0
Northeast,1926,0.09,0.08333333333333333,1.08,0.07407407407407418,0.8103037766830871,1.47375,False,0
Northeast,1927,0.09333333333333334,0.07833333333333334,1.1914893617021276,0.1607142857142857,0.9148385913426266,1.5885532591414944,False,0
Northeast,1928,0.09833333333333333,0.08,1.2291666666666665,0.18644067796610164,0.9257834757834758,1.657894736842105,False,0
Northeast,1929,0.10333333333333333,0.08166666666666667,1.2653061224489797,0.20967741935483875,0.91828231292517,1.795128205128205,False,0
Northeast,1930,0.105,0.07833333333333334,1.3404255319148934,0.25396825396825384,0.9666091954022987,1.8465290806754218,False,0
Northeast,1931,0.10666666666666667,0.075,1.4222222222222223,0.296875,0.98,2.0264285714285712,False,0
Northeast,1932,0.10666666666666667,0.08166666666666667,1.306122448979592,0.2343750000000001,0.9282967032967033,1.8604974160206718,False,0
Northeast,1933,0.11833333333333333,0.08166666666666667,1.4489795918367347,0.3098591549295775,1.0150793650793652,2.0,True,0
Northeast,1934,0.11666666666666667,0.08666666666666667,1.346153846153846,0.2571428571428571,0.9827115987460816,1.8604651162790697,False,0
Northeast,1935,0.11833333333333333,0.09,1.3148148148148149,0.23943661971830987,0.9686995967741935,1.8002439024390244,False,0
Northeast,1936,0.12,0.09333333333333334,1.2857142857142856,0.2222222222222221,0.9392992424242423,1.7805938494167552,False,0
Northeast,1937,0.11833333333333333,0.10166666666666667,1.1639344262295082,0.14084507042253513,0.8767123287671234,1.5925925925925928,False,0
Northeast,1938,0.11833333333333333,0.09833333333333333,1.2033898305084747,0.16901408450704236,0.8787081339712919,1.651587301587301,False,0
Northeast,1939,0.11833333333333333,0.09666666666666666,1.2241379310344829,0.18309859154929586,0.8830263157894737,1.673469387755102,False,0
Northeast,1940,0.12166666666666667,0.105,1.1587301587301588,0.13698630136986312,0.8857142857142857,1.5172721674876848,False,0
Northeast,1941,0.11833333333333333,0.10166666666666667,1.1639344262295082,0.14084507042253513,0.8850514031675465,1.4902317290552585,False,0
Northeast,1942,0.115,0.10166666666666667,1.1311475409836065,0.1159420289855072,0.8771794871794871,1.4841672152732055,False,0
Northeast,1943,0.11166666666666666,0.09833333333333333,1.1355932203389831,0.11940298507462688,0.8590543259557345,1.5,False,0
Northeast,1944,0.10833333333333334,0.095,1.1403508771929824,0.12307692307692308,0.8936086214255229,1.4042806484295847,False,0
Northeast,1945,0.11,0.09166666666666666,1.2000000000000002,0.16666666666666674,0.9824561403508772,1.488888888888889,False,0
Northeast,1946,0.11,0.09166666666666666,1.2000000000000002,0.16666666666666674,0.9835928961748633,1.488421573478476,False,0
Northeast,1947,0.11166666666666666,0.09666666666666666,1.1551724137931034,0.13432835820895517,0.9343715846994536,1.4119081779053082,False,0
Northeast,1948,0.11833333333333333,0.095,1.2456140350877192,0.19718309859154926,1.015873015873016,1.5371082621082621,True,0
Northeast,1949,0.11166666666666666,0.09666666666666666,1.1551724137931034,0.13432835820895517,0.9116310160427809,1.4287114845938373,False,0
Northeast,1950,0.11166666666666666,0.09833333333333333,1.1355932203389831,0.11940298507462688,0.8676470588235294,1.4878332387975044,False,0
Northeast,1951,0.11833333333333333,0.095,1.2456140350877192,0.19718309859154926,0.9453649167733675,1.6124837168910113,False,0
Northeast,1952,0.12166666666666667,0.09333333333333334,1.3035714285714286,0.23287671232876717,1.016949152542373,1.6600000000000001,True,0
Northeast,1953,0.11666666666666667,0.1,1.1666666666666665,0.1428571428571428,0.8983600305110603,1.5091080617495714,False,0
Northeast,1954,0.11833333333333333,0.10666666666666667,1.109375,0.09859154929577463,0.8533137254901961,1.4482758620689657,False,0
Northeast,1955,0.11666666666666667,0.10333333333333333,1.1290322580645162,0.11428571428571432,0.830943722943723,1.529471788715486,False,0
Northeast,1956,0.11833333333333333,0.10666666666666667,1.109375,0.09859154929577463,0.8356164383561644,1.4629629629629628,False,0
Northeast,1957,0.12,0.09833333333333333,1.2203389830508475,0.18055555555555558,0.8969820017559262,1.641509433962264,False,0
Northeast,1958,0.11833333333333333,0.10333333333333333,1.1451612903225807,0.12676056338028174,0.8428571428571427,1.5385384615384614,False,0
Northeast,1959,0.12333333333333334,0.10166666666666667,1.2131147540983607,0.17567567567567566,0.8928088803088803,1.6481481481481484,False,0
Northeast,1960,0.12,0.09833333333333333,1.2203389830508475,0.18055555555555558,0.8984949832775919,1.6382978723404253,False,0
Northeast,1961,0.12666666666666668,0.09666666666666666,1.310344827586207,0.23684210526315796,0.9583039906103287,1.8085106382978722,False,0
Northeast,1962,0.12666666666666668,0.1,1.2666666666666666,0.21052631578947367,0.9305555555555556,1.7362906463267758,False,0
Northeast,1963,0.12666666666666668,0.10166666666666667,1.2459016393442623,0.19736842105263164,0.8931979166666667,1.7393832153690596,False,0
Northeast,1964,0.12833333333333333,0.105,1.222222222222222,0.18181818181818177,0.9130434782608695,1.6798284734133786,False,0
Northeast,1965,0.12833333333333333,0.10333333333333333,1.2419354838709677,0.19480519480519476,0.9062499999999999,1.7037037037037037,False,0
Northeast,1966,0.13833333333333334,0.10666666666666667,1.296875,0.22891566265060237,0.9864677177177178,1.7038126361655772,False,0
Northeast,1967,0.14166666666666666,0.10666666666666667,1.3281249999999998,0.24705882352941166,1.0384134615384617,1.740037037037037,True,0
Northeast,1968,0.13666666666666666,0.115,1.1884057971014492,0.15853658536585358,0.9248538961038961,1.5471698113207546,False,0
Northeast,1969,0.14333333333333334,0.11166666666666666,1.283582089552239,0.2209302325581396,1.0140296323394915,1.6786051212938005,True,0
Northeast,1970,0.13833333333333334,0.11,1.2575757575757576,0.20481927710843373,1.0,1.5925925925925928,False,0
Northeast,1971,0.135,0.10666666666666667,1.265625,0.2098765432098766,0.9642421602787457,1.6365454545454543,False,0
Northeast,1972,0.135,0.10166666666666667,1.3278688524590165,0.24691358024691368,1.0605169340463458,1.703935185185185,True,0
Northeast,1973,0.13166666666666665,0.09833333333333333,1.3389830508474576,0.25316455696202533,1.0633943833943833,1.7250245098039216,True,0
Northeast,1974,0.13333333333333333,0.09,1.4814814814814816,0.32500000000000007,1.1427565392354124,1.9773809523809511,True,0
Northeast,1975,0.13833333333333334,0.09166666666666666,1.5090909090909093,0.33734939759036153,1.1998591549295774,1.9150673035171513,True,0
Northeast,1976,0.14,0.08666666666666667,1.6153846153846154,0.38095238095238093,1.2812499999999998,2.075,True,0
Northeast,1977,0.14,0.08666666666666667,1.6153846153846154,0.38095238095238093,1.2881227529532615,2.0715156794425083,True,0
Northeast,1978,0.14333333333333334,0.08833333333333333,1.6226415094339623,0.38372093023255816,1.3389693821760524,1.9514846235418875,True,0
Northeast,1979,0.14166666666666666,0.08666666666666667,1.6346153846153846,0.388235294117647,1.3389880952380953,2.000999999999999,True,0
Northeast,1980,0.14333333333333334,0.08166666666666667,1.7551020408163267,0.430232558139535,1.4442561205273072,2.150108695652174,True,0
Northeast,1981,0.14,0.085,1.647058823529412,0.3928571428571429,1.3557826520438685,2.0213238770685575,True,0
Northeast,1982,0.145,0.08333333333333333,1.74,0.4252873563218391,1.417784156142365,2.20461229946524,True,0
Northeast,1983,0.14166666666666666,0.08833333333333333,1.6037735849056602,0.3764705882352941,1.2902992052360915,2.0212765957446805,True,0
Northeast,1984,0.13833333333333334,0.08333333333333333,1.6600000000000001,0.3975903614457832,1.3558775287042102,2.0858403361344537,True,0
Northeast,1985,0.14166666666666666,0.085,1.6666666666666665,0.3999999999999999,1.3333333333333335,2.1005555555555553,True,0
Northeast,1986,0.13833333333333334,0.08833333333333333,1.5660377358490567,0.3614457831325302,1.2829304245283017,1.9743589743589742,True,0
Northeast,1987,0.13666666666666666,0.09,1.5185185185185184,0.3414634146341463,1.2264150943396226,1.8800000000000001,True,0
Northeast,1988,0.135,0.085,1.588235294117647,0.37037037037037035,1.272727272727273,1.9600392156862745,True,0
Northeast,1989,0.13,0.08833333333333333,1.4716981132075473,0.3205128205128206,1.2258064516129032,1.7857142857142856,True,0
Northeast,1990,0.12666666666666668,0.085,1.4901960784313726,0.32894736842105265,1.2172360248447205,1.8373942917547563,True,0
Northeast,1991,0.125,0.09,1.3888888888888888,0.28,1.1249038461538459,1.7368421052631577,True,0
Northeast,1992,0.12833333333333333,0.095,1.3508771929824561,0.2597402597402597,1.0908412483039347,1.6800425531914895,True,0
Northeast,1993,0.12833333333333333,0.09333333333333334,1.3749999999999998,0.2727272727272726,1.1111111111111112,1.711269841269841,True,0
Northeast,1994,0.125,0.09333333333333334,1.3392857142857142,0.2533333333333333,1.0932820512820511,1.7200465116279071,True,0
Northeast,1995,0.12333333333333334,0.09333333333333334,1.3214285714285714,0.2432432432432432,1.0833333333333335,1.645833333333333,True,0
Northeast,1996,0.12,0.09333333333333334,1.2857142857142856,0.2222222222222221,1.0454545454545454,1.5715608465608464,True,0
Northeast,1997,0.11833333333333333,0.09833333333333333,1.2033898305084747,0.16901408450704236,0.9507786885245901,1.5085225455708349,False,0
Northeast,1998,0.11666666666666667,0.09833333333333333,1.1864406779661019,0.15714285714285725,0.9558155080213904,1.4401153846153845,False,0
Northeast,1999,0.12,0.09833333333333333,1.2203389830508475,0.18055555555555558,1.0,1.4808379120879118,False,0
Northeast,2000,0.11833333333333333,0.10333333333333333,1.1451612903225807,0.12676056338028174,0.9466306306306306,1.3749999999999998,False,0
Northeast,2001,0.12,0.10666666666666667,1.1249999999999998,0.11111111111111094,0.9263591800356507,1.3559322033898307,False,0
Northeast,2002,0.13166666666666665,0.10166666666666667,1.2950819672131146,0.22784810126582267,1.0746268656716418,1.5961707152496625,True,0
Northeast,2003,0.135,0.10166666666666667,1.3278688524590165,0.24691358024691368,1.0951636904761906,1.625,True,0
Northeast,2004,0.13666666666666666,0.10666666666666667,1.2812499999999998,0.21951219512195108,1.0703736306729266,1.5439393939393937,True,0
Northeast,2005,0.13333333333333333,0.10833333333333334,1.2307692307692306,0.1874999999999999,1.0135045045045046,1.5172721674876848,True,0
Western_Ghats,1860,0.10666666666666667,0.105,1.015873015873016,0.01562500000000011,0.7498333333333335,1.3962264150943398,False,0
Western_Ghats,1861,0.10666666666666667,0.10166666666666667,1.0491803278688525,0.046875,0.7857142857142857,1.4260582010582008,False,0
Western_Ghats,1862,0.105,0.10666666666666667,0.9843749999999999,-0.01587301587301604,0.7246376811594202,1.34,False,0
Western_Ghats,1863,0.11,0.11,1.0,0.0,0.746317091739627,1.3846828609986503,False,0
Western_Ghats,1864,0.10666666666666667,0.10666666666666667,1.0,0.0,0.7468270042194093,1.3216836734693875,False,0
Western_Ghats,1865,0.10833333333333334,0.105,1.0317460317460319,0.030769230769230882,0.7856593406593406,1.3622194854953473,False,0
Western_Ghats,1866,0.11166666666666666,0.11166666666666666,1.0,0.0,0.7762323943661971,1.30197102425876,False,0
Western_Ghats,1867,0.12,0.115,1.0434782608695652,0.04166666666666663,0.8081928345626975,1.3333333333333335,False,0
Western_Ghats,1868,0.125,0.11666666666666667,1.0714285714285714,0.06666666666666665,0.8428195488721804,1.4001754385964913,False,0
Western_Ghats,1869,0.125,0.12166666666666667,1.0273972602739725,0.026666666666666505,0.7814897745932229,1.3509803921568626,False,0
Western_Ghats,1870,0.125,0.125,1.0,0.0,0.7624702380952382,1.3228450555261764,False,0
Western_Ghats,1871,0.12166666666666667,0.12833333333333333,0.9480519480519481,-0.0547945205479452,0.7293048128342245,1.2354697102721686,False,0
Western_Ghats,1872,0.12,0.13333333333333333,0.9,-0.11111111111111116,0.7160423681257014,1.1539003250270854,False,0
Western_Ghats,1873,0.11833333333333333,0.135,0.8765432098765431,-0.14084507042253525,0.6986593432553744,1.0921874999999999,False,0
Western_Ghats,1874,0.12,0.13333333333333333,0.9,-0.11111111111111116,0.7282608695652174,1.1093857020547946,False,0
Western_Ghats,1875,0.12,0.135,0.8888888888888888,-0.125,0.7380654761904761,1.0789682539682537,False,0
Western_Ghats,1876,0.11333333333333333,0.13333333333333333,0.85,-0.17647058823529416,0.71010279743849,1.043510230179028,False,0
Western_Ghats,1877,0.10833333333333334,0.135,0.8024691358024691,-0.24615384615384617,0.6558769002595476,0.9851166701702754,True,0
Western_Ghats,1878,0.10833333333333334,0.13833333333333334,0.7831325301204819,-0.27692307692307705,0.64277950310559,0.9718505477308295,True,0
Western_Ghats,1879,0.11,0.14333333333333334,0.7674418604651162,-0.3030303030303032,0.6276018969495001,0.9324774774774774,True,0
Western_Ghats,1880,0.10666666666666667,0.14166666666666666,0.7529411764705883,-0.3281249999999998,0.6161616161616161,0.8974504662004662,True,0
Western_Ghats,1881,0.10666666666666667,0.13833333333333334,0.7710843373493976,-0.296875,0.6195147915732856,0.9480852480852482,True,0
Western_Ghats,1882,0.10833333333333334,0.13833333333333334,0.7831325301204819,-0.27692307692307705,0.6454398826979473,0.9583896396396396,True,0
Western_Ghats,1883,0.105,0.13666666666666666,0.7682926829268293,-0.3015873015873016,0.617270816916207,0.9445555555555555,True,0
Western_Ghats,1884,0.10666666666666667,0.14,0.7619047619047619,-0.3125,0.6276491447642887,0.953125,True,0
Western_Ghats,1885,0.105,0.13666666666666666,0.7682926829268293,-0.3015873015873016,0.6194511540526034,0.97300853485064,True,0
Western_Ghats,1886,0.10333333333333333,0.13833333333333334,0.7469879518072289,-0.338709677419355,0.5977220166512488,0.9412767379679144,True,0
Western_Ghats,1887,0.09833333333333333,0.13,0.7564102564102564,-0.3220338983050848,0.6125,0.9259932659932659,True,0
Western_Ghats,1888,0.09833333333333333,0.12666666666666668,0.7763157894736841,-0.2881355932203393,0.6210126582278481,0.9571428571428571,True,0
Western_Ghats,1889,0.1,0.12,0.8333333333333334,-0.19999999999999996,0.6744186046511628,1.0462655086848633,False,0
Western_Ghats,1890,0.10333333333333333,0.11833333333333333,0.8732394366197184,-0.14516129032258052,0.7124305555555556,1.1035390199637023,False,0
Western_Ghats,1891,0.10333333333333333,0.11,0.9393939393939393,-0.06451612903225823,0.7562820512820513,1.2,False,0
Western_Ghats,1892,0.105,0.10666666666666667,0.9843749999999999,-0.01587301587301604,0.7692307692307693,1.3148635477582846,False,0
Western_Ghats,1893,0.105,0.105,1.0,0.0,0.7777777777777778,1.3160377358490565,False,0
Western_Ghats,1894,0.1,0.105,0.9523809523809524,-0.050000000000000044,0.7182918020946191,1.2609839816933637,False,0
Western_Ghats,1895,0.1,0.10166666666666667,0.9836065573770492,-0.016666666666666607,0.7361111111111112,1.3215109890109888,False,0
Western_Ghats,1896,0.10333333333333333,0.10666666666666667,0.9687499999999999,-0.032258064516129226,0.7389386189258312,1.2745098039215685,False,0
Western_Ghats,1897,0.10333333333333333,0.105,0.9841269841269842,-0.016129032258064502,0.7714285714285714,1.283261863922241,False,0
Western_Ghats,1898,0.115,0.105,1.0952380952380953,0.08695652173913049,0.873015873015873,1.4000000000000001,False,0
Western_Ghats,1899,0.11333333333333333,0.1,1.1333333333333333,0.11764705882352944,0.8635579937304075,1.4231996726677576,False,0
Western_Ghats,1900,0.11666666666666667,0.1,1.1666666666666665,0.1428571428571428,0.9090209790209791,1.5105272108843535,False,0
Western_Ghats,1901,0.125,0.09833333333333333,1.2711864406779663,0.21333333333333349,0.9721825396825398,1.643005952380952,False,0
Western_Ghats,1902,0.12333333333333334,0.09833333333333333,1.2542372881355932,0.20270270270270274,0.9576203489594282,1.6525652173913041,False,0
Western_Ghats,1903,0.12166666666666667,0.09666666666666666,1.2586206896551726,0.20547945205479468,0.9341666666666666,1.6525439407955596,False,0
Western_Ghats,1904,0.12166666666666667,0.09666666666666666,1.2586206896551726,0.20547945205479468,0.9558494293239684,1.7001063829787233,False,0
Western_Ghats,1905,0.12166666666666667,0.10166666666666667,1.1967213114754098,0.1643835616438356,0.8831168831168831,1.5715608465608464,False,0
Western_Ghats,1906,0.11833333333333333,0.09666666666666666,1.2241379310344829,0.18309859154929586,0.9142857142857144,1.6753130590339884,False,0
Western_Ghats,1907,0.11666666666666667,0.1,1.1666666666666665,0.1428571428571428,0.8875,1.5385384615384614,False,0
Western_Ghats,1908,0.115,0.10166666666666667,1.1311475409836065,0.1159420289855072,0.8461538461538461,1.5714285714285714,False,0
Western_Ghats,1909,0.11166666666666666,0.10333333333333333,1.0806451612903225,0.07462686567164178,0.8132463768115942,1.4585648148148145,False,0
Western_Ghats,1910,0.10833333333333334,0.10333333333333333,1.0483870967741935,0.0461538461538461,0.7939640035118526,1.4363636363636363,False,0
Western_Ghats,1911,0.105,0.11,0.9545454545454545,-0.04761904761904767,0.7106670584778136,1.267925824175824,False,0
Western_Ghats,1912,0.10666666666666667,0.10833333333333334,0.9846153846153847,-0.015625,0.743886804252658,1.3138286893704847,False,0
Western_Ghats,1913,0.10833333333333334,0.10666666666666667,1.015625,0.01538461538461533,0.7745821596244131,1.3464387464387462,False,0
Western_Ghats,1914,0.115,0.11166666666666666,1.0298507462686568,0.02898550724637694,0.8,1.3448275862068966,False,0
Western_Ghats,1915,0.11166666666666666,0.11833333333333333,0.9436619718309859,-0.05970149253731338,0.7435897435897435,1.2296399297423888,False,0
Western_Ghats,1916,0.115,0.115,1.0,0.0,0.7901234567901234,1.2857142857142856,False,0
Western_Ghats,1917,0.11833333333333333,0.12,0.9861111111111112,-0.014084507042253502,0.7594500218245309,1.2954072339318237,False,0
Western_Ghats,1918,0.10833333333333334,0.12166666666666667,0.8904109589041096,-0.12307692307692308,0.7027027027027027,1.1595137914913511,False,0
Western_Ghats,1919,0.10833333333333334,0.12,0.9027777777777778,-0.10769230769230775,0.7120573201898504,1.1487162162162161,False,0
Western_Ghats,1920,0.10666666666666667,0.11333333333333333,0.9411764705882354,-0.0625,0.7498493975903614,1.1866774675972083,False,0
Western_Ghats,1921,0.1,0.11333333333333333,0.8823529411764707,-0.1333333333333333,0.6944444444444444,1.1429723502304148,False,0
Western_Ghats,1922,0.09666666666666666,0.11,0.8787878787878788,-0.13793103448275867,0.6874533582089553,1.1277282086479066,False,0
Western_Ghats,1923,0.1,0.11,0.9090909090909092,-0.09999999999999987,0.6984443928488507,1.1846153846153846,False,0
Western_Ghats,1924,0.09833333333333333,0.11,0.8939393939393939,-0.1186440677966103,0.6666666666666666,1.175537634408602,False,0
Western_Ghats,1925,0.095,0.11166666666666666,0.8507462686567164,-0.17543859649122795,0.6144492254733218,1.1364420062695926,False,0
Western_Ghats,1926,0.1,0.11166666666666666,0.8955223880597015,-0.1166666666666667,0.6520327498588367,1.2204331450094161,False,0
Western_Ghats,1927,0.09833333333333333,0.12166666666666667,0.8082191780821917,-0.2372881355932206,0.5843614718614718,1.0952380952380953,False,0
Western_Ghats,1928,0.10166666666666667,0.12666666666666668,0.8026315789473684,-0.24590163934426235,0.5714285714285715,1.0938244047619048,False,0
Western_Ghats,1929,0.105,0.12333333333333334,0.8513513513513513,-0.17460317460317465,0.6063107433674809,1.1748894093156386,False,0
Western_Ghats,1930,0.10666666666666667,0.12166666666666667,0.8767123287671234,-0.140625,0.6234505021520803,1.1968852459016392,False,0
Western_Ghats,1931,0.11333333333333333,0.125,0.9066666666666666,-0.10294117647058831,0.6451254480286739,1.2758620689655173,False,0
Western_Ghats,1932,0.11166666666666666,0.125,0.8933333333333333,-0.11940298507462699,0.6280448717948718,1.2550600885515495,False,0
Western_Ghats,1933,0.10833333333333334,0.12666666666666668,0.8552631578947368,-0.1692307692307693,0.6067236433181926,1.1492910447761193,False,0
Western_Ghats,1934,0.10166666666666667,0.13166666666666665,0.7721518987341773,-0.29508196721311464,0.5580806594053577,1.0557189542483658,False,0
Western_Ghats,1935,0.105,0.12833333333333333,0.8181818181818182,-0.2222222222222221,0.5850718430505664,1.1132614555256064,False,0
Western_Ghats,1936,0.10333333333333333,0.12666666666666668,0.8157894736842104,-0.22580645161290347,0.595732727707387,1.089366883116883,False,0
Western_Ghats,1937,0.10166666666666667,0.12666666666666668,0.8026315789473684,-0.24590163934426235,0.6,1.014960354477612,False,0
Western_Ghats,1938,0.10666666666666667,0.13,0.8205128205128205,-0.21875,0.62784496124031,1.0541291291291293,False,0
Western_Ghats,1939,0.105,0.125,0.84,-0.19047619047619047,0.6285531135531135,1.082493956486704,False,0
Western_Ghats,1940,0.105,0.12666666666666668,0.8289473684210525,-0.2063492063492065,0.5976862218241529,1.0857142857142859,False,0
Western_Ghats,1941,0.10666666666666667,0.13,0.8205128205128205,-0.21875,0.6206075533661741,1.0655845556514236,False,0
Western_Ghats,1942,0.10333333333333333,0.13166666666666665,0.7848101265822786,-0.27419354838709675,0.5866436781609196,1.0151751893939394,False,0
Western_Ghats,1943,0.10166666666666667,0.13166666666666665,0.7721518987341773,-0.29508196721311464,0.6,0.9872252747252747,True,0
Western_Ghats,1944,0.11,0.13,0.8461538461538461,-0.18181818181818188,0.6455279813457696,1.0910303030303028,False,0
Western_Ghats,1945,0.11833333333333333,0.125,0.9466666666666667,-0.05633802816901401,0.7240756127960116,1.2,False,0
Western_Ghats,1946,0.12,0.12166666666666667,0.9863013698630136,-0.01388888888888884,0.7654320987654321,1.2649626517273576,False,0
Western_Ghats,1947,0.12166666666666667,0.12,1.013888888888889,0.013698630136986467,0.8022093023255814,1.2760395537525355,False,0
Western_Ghats,1948,0.12,0.11166666666666666,1.0746268656716418,0.06944444444444442,0.833095238095238,1.3793103448275863,False,0
Western_Ghats,1949,0.12,0.11,1.0909090909090908,0.08333333333333326,0.8204594017094017,1.423853848291192,False,0
Western_Ghats,1950,0.12166666666666667,0.11166666666666666,1.0895522388059702,0.0821917808219178,0.8332251082251083,1.381958041958042,False,0
Western_Ghats,1951,0.115,0.10666666666666667,1.078125,0.07246376811594202,0.821917808219178,1.3560601215222259,False,0
Western_Ghats,1952,0.11666666666666667,0.105,1.1111111111111112,0.10000000000000009,0.8713865546218488,1.4183253588516747,False,0
Western_Ghats,1953,0.12166666666666667,0.105,1.1587301587301588,0.13698630136986312,0.9538461538461538,1.4151729559748425,False,0
Western_Ghats,1954,0.125,0.10166666666666667,1.2295081967213115,0.18666666666666665,1.0,1.5091080617495714,False,0
Western_Ghats,1955,0.11833333333333333,0.10166666666666667,1.1639344262295082,0.14084507042253513,0.9451283040710013,1.4230769230769231,False,0
Western_Ghats,1956,0.11333333333333333,0.10333333333333333,1.096774193548387,0.08823529411764697,0.8939393939393939,1.346153846153846,False,0
Western_Ghats,1957,0.11166666666666666,0.09833333333333333,1.1355932203389831,0.11940298507462688,0.9411325724319579,1.3667006802721087,False,0
Western_Ghats,1958,0.12166666666666667,0.09333333333333334,1.3035714285714286,0.23287671232876717,1.0499590163934425,1.6048533872598583,True,0
Western_Ghats,1959,0.12666666666666668,0.09333333333333334,1.3571428571428572,0.26315789473684215,1.0966652136006974,1.6522182786157944,True,0
Western_Ghats,1960,0.125,0.1,1.25,0.19999999999999996,1.0447431957857771,1.5319858156028365,True,0
Western_Ghats,1961,0.12666666666666668,0.09833333333333333,1.288135593220339,0.22368421052631582,1.0413690476190478,1.569088669950739,True,0
Western_Ghats,1962,0.13666666666666666,0.09666666666666666,1.4137931034482758,0.2926829268292682,1.1641668705652068,1.7,True,0
Western_Ghats,1963,0.13,0.105,1.2380952380952381,0.1923076923076923,1.0151402080506557,1.5,True,0
Western_Ghats,1964,0.12666666666666668,0.10666666666666667,1.1875,0.1578947368421053,0.984362599206349,1.4482758620689657,False,0
Western_Ghats,1965,0.125,0.11166666666666666,1.119402985074627,0.1066666666666668,0.911764705882353,1.362536231884058,False,0
Western_Ghats,1966,0.12,0.12,1.0,0.0,0.7887323943661972,1.279503676470588,False,0
Western_Ghats,1967,0.12166666666666667,0.11833333333333333,1.028169014084507,0.0273972602739726,0.77195893794381,1.3709677419354838,False,0
Western_Ghats,1968,0.125,0.12333333333333334,1.0135135135135136,0.01333333333333342,0.7790697674418604,1.3136342099028664,False,0
Western_Ghats,1969,0.13333333333333333,0.13166666666666665,1.0126582278481013,0.012500000000000067,0.7840167984189724,1.2875085616438358,False,0
Western_Ghats,1970,0.13333333333333333,0.12833333333333333,1.038961038961039,0.03750000000000009,0.8042620137299772,1.3686567164179102,False,0
Western_Ghats,1971,0.13166666666666665,0.125,1.0533333333333332,0.050632911392405,0.7951124083964725,1.37107607125662,False,0
Western_Ghats,1972,0.13,0.125,1.04,0.03846153846153855,0.7974598015737256,1.3582089552238807,False,0
Western_Ghats,1973,0.12833333333333333,0.125,1.0266666666666666,0.02597402597402587,0.8,1.307800650054171,False,0
Western_Ghats,1974,0.12166666666666667,0.11666666666666667,1.042857142857143,0.04109589041095896,0.7837250293772032,1.372565636424061,False,0
Western_Ghats,1975,0.13166666666666665,0.12,1.097222222222222,0.08860759493670878,0.8665765765765766,1.3837865467184622,False,0
Western_Ghats,1976,0.13833333333333334,0.12,1.152777777777778,0.1325301204819278,0.8987250045863145,1.4912280701754386,False,0
Western_Ghats,1977,0.145,0.11833333333333333,1.2253521126760563,0.1839080459770115,0.9423535183627698,1.5808436724565755,False,0
Western_Ghats,1978,0.13,0.11833333333333333,1.0985915492957747,0.08974358974358987,0.8309750812567714,1.4562841530054644,False,0
Western_Ghats,1979,0.12666666666666668,0.12,1.0555555555555556,0.052631578947368474,0.7974598015737256,1.3571961620469084,False,0
Western_Ghats,1980,0.135,0.11666666666666667,1.1571428571428573,0.13580246913580252,0.8938370188370188,1.5523054371002132,False,0
Western_Ghats,1981,0.13166666666666665,0.11333333333333333,1.1617647058823528,0.13924050632911378,0.8985507246376812,1.5384615384615383,False,0
Western_Ghats,1982,0.12333333333333334,0.11333333333333333,1.0882352941176472,0.08108108108108114,0.823529411764706,1.439458140729327,False,0
Western_Ghats,1983,0.12666666666666668,0.105,1.2063492063492065,0.17105263157894746,0.8933095238095238,1.5966666666666667,False,0
Western_Ghats,1984,0.12333333333333334,0.10166666666666667,1.2131147540983607,0.17567567567567566,0.9027777777777778,1.6170793036750484,False,0
Western_Ghats,1985,0.12166666666666667,0.09666666666666666,1.2586206896551726,0.20547945205479468,0.9551549942594719,1.6603773584905661,False,0
Western_Ghats,1986,0.125,0.09,1.3888888888888888,0.28,1.0751463890696162,1.7873460246360582,True,0
Western_Ghats,1987,0.13,0.08833333333333333,1.4716981132075473,0.3205128205128206,1.1729337152209494,1.857285714285714,True,0
Western_Ghats,1988,0.12333333333333334,0.09,1.3703703703703705,0.2702702702702703,1.0594941956882256,1.76100790513834,True,0
Western_Ghats,1989,0.115,0.08833333333333333,1.3018867924528303,0.23188405797101463,1.0307692307692307,1.6875694444444445,True,0
Western_Ghats,1990,0.11333333333333333,0.09,1.2592592592592593,0.20588235294117652,1.0144437916177047,1.5918367346938775,True,0
Western_Ghats,1991,0.12166666666666667,0.09166666666666666,1.3272727272727274,0.24657534246575352,1.075701040253279,1.6327511773940344,True,0
Western_Ghats,1992,0.12833333333333333,0.09666666666666666,1.3275862068965516,0.24675324675324672,1.0908412483039347,1.6365454545454545,True,0
Western_Ghats,1993,0.13166666666666665,0.09666666666666666,1.3620689655172413,0.26582278481012656,1.1027941176470588,1.696512803234501,True,0
Western_Ghats,1994,0.13833333333333334,0.10166666666666667,1.360655737704918,0.2650602409638554,1.0793650793650793,1.7142857142857142,True,0
Western_Ghats,1995,0.14,0.09666666666666666,1.4482758620689657,0.30952380952380965,1.1788992537313432,1.8447754137115837,True,0
Western_Ghats,1996,0.13833333333333334,0.09666666666666666,1.4310344827586208,0.3012048192771085,1.1498770491803278,1.7805938494167552,True,0
Western_Ghats,1997,0.135,0.09666666666666666,1.396551724137931,0.28395061728395066,1.126984126984127,1.7453431372549018,True,0
Western_Ghats,1998,0.145,0.09333333333333334,1.5535714285714284,0.35632183908045967,1.2949112021857923,1.911207729468599,True,0
Western_Ghats,1999,0.14833333333333334,0.09666666666666666,1.5344827586206897,0.3483146067415731,1.2853629976580798,1.8575549450549447,True,0
Western_Ghats,2000,0.145,0.09833333333333333,1.4745762711864407,0.32183908045977017,1.2498287671232877,1.7735849056603774,True,0
Western_Ghats,2001,0.14833333333333334,0.10833333333333334,1.3692307692307693,0.2696629213483146,1.1351351351351353,1.6539407313997478,True,0
Western_Ghats,2002,0.15333333333333332,0.11166666666666666,1.373134328358209,0.2717391304347826,1.1341056910569107,1.6982952664680566,True,0
Western_Ghats,2003,0.155,0.115,1.3478260869565217,0.25806451612903225,1.1249297752808989,1.6551724137931034,True,0
Western_Ghats,2004,0.155,0.11833333333333333,1.3098591549295775,0.23655913978494625,1.0975440379403796,1.6,True,0
Western_Ghats,2005,0.15833333333333333,0.12166666666666667,1.3013698630136985,0.231578947368421,1.116883116883117,1.5483870967741935,True,0
