state,year,rx5day_mm
Assam,2000,230.1631585927077
Assam,2001,229.19555113349165
Assam,2002,282.8127286225977
Assam,2003,266.1596935043873
Assam,2004,311.06000451907306
Assam,2005,184.60416560777477
Assam,2006,197.72350154997596
Assam,2007,348.0132003347639
Assam,2008,196.3602946503062
Assam,2009,207.3885457683617
Assam,2010,245.17107003507482
Assam,2011,228.15871388341338
Assam,2012,289.04559266533647
Assam,2013,168.82615802993237
Assam,2014,334.7762287623446
Assam,2015,286.0588555497183
Assam,2016,193.13600004491676
Assam,2017,268.7134820347101
Assam,2018,213.86825884496665
Assam,2019,254.3069545732418
Assam,2020,213.0543812261501
Bihar,2000,243.2756117998486
Bihar,2001,164.1259770196227
Bihar,2002,165.48948689675188
Bihar,2003,165.36416978180316
Bihar,2004,189.03736583825827
Bihar,2005,158.87858379014563
Bihar,2006,215.44191449114956
Bihar,2007,235.83435821870563
Bihar,2008,166.2631877860092
Bihar,2009,192.70287367360876
Bihar,2010,154.4422843759365
Bihar,2011,182.84154596581052
Bihar,2012,158.81757741013436
Bihar,2013,117.93933378898961
Bihar,2014,142.01479605720357
Bihar,2015,167.99721134468894
Bihar,2016,167.93298420528998
Bihar,2017,161.09998846915047
Bihar,2018,170.09465141838976
Bihar,2019,277.62056538701825
Bihar,2020,160.64765478900668
Chhattisgarh,2000,193.56703170337815
Chhattisgarh,2001,254.7014724220877
Chhattisgarh,2002,170.37765503779286
Chhattisgarh,2003,234.82357452009046
Chhattisgarh,2004,206.5284010025107
Chhattisgarh,2005,225.94859226496658
Chhattisgarh,2006,221.6260616230881
Chhattisgarh,2007,190.78554831786104
Chhattisgarh,2008,171.12683996414378
Chhattisgarh,2009,182.8621169852988
Chhattisgarh,2010,169.7476196009909
Chhattisgarh,2011,228.19035260383268
Chhattisgarh,2012,202.50210523590178
Chhattisgarh,2013,190.50051436837424
Chhattisgarh,2014,237.80960117032208
Chhattisgarh,2015,207.24197278946704
Chhattisgarh,2016,227.75188826341397
Chhattisgarh,2017,197.57605251490676
Chhattisgarh,2018,192.1158223647254
Chhattisgarh,2019,191.4269742788699
Chhattisgarh,2020,192.81919045953512
Goa,2000,311.0430607325594
Goa,2001,232.91492107552543
Goa,2002,353.9543403610137
Goa,2003,285.380164470711
Goa,2004,318.87419131488144
Goa,2005,394.466147040937
Goa,2006,341.67627438213265
Goa,2007,385.60599018918197
Goa,2008,407.6442162496463
Goa,2009,420.1290855484469
Goa,2010,371.67077845490917
Goa,2011,417.275588098906
Goa,2012,310.10158128949473
Goa,2013,382.37897146059953
Goa,2014,342.0448134976853
Goa,2015,260.21717085349
Goa,2016,350.2041303607779
Goa,2017,303.58286391321565
Goa,2018,378.1695081376933
Goa,2019,444.3907449825909
Goa,2020,386.7259799642582
Haryana,2000,97.908981674381
Haryana,2001,108.74126566848986
Haryana,2002,90.76880018485065
Haryana,2003,125.1471440044018
Haryana,2004,80.63375165805174
Haryana,2005,136.68371308411295
Haryana,2006,120.57727958959175
Haryana,2007,81.51486295764234
Haryana,2008,123.47764109573598
Haryana,2009,103.56206318974857
Haryana,2010,138.8308168942046
Haryana,2011,113.33417814178932
Haryana,2012,169.09581036698924
Haryana,2013,89.75912994711406
Haryana,2014,77.14604758924663
Haryana,2015,126.24573654034813
Haryana,2016,102.40705998446961
Haryana,2017,102.09295975338063
Haryana,2018,119.37432489540963
Haryana,2019,82.14852271298749
Haryana,2020,94.44236947855818
Jharkhand,2000,137.34261843557653
Jharkhand,2001,134.3362939200945
Jharkhand,2002,180.40675797542028
Jharkhand,2003,137.2158640372087
Jharkhand,2004,120.47503594551482
Jharkhand,2005,133.17021578956053
Jharkhand,2006,154.74153444686382
Jharkhand,2007,187.17548466612806
Jharkhand,2008,172.43405304871115
Jharkhand,2009,192.6209186497713
Jharkhand,2010,93.30363165733411
Jharkhand,2011,242.99301343062263
Jharkhand,2012,121.24165819500998
Jharkhand,2013,109.83392911830015
Jharkhand,2014,182.19017720957072
Jharkhand,2015,165.2638163559433
Jharkhand,2016,166.33797303013952
Jharkhand,2017,167.05889145265223
Jharkhand,2018,130.6350675138169
Jharkhand,2019,154.93450823804335
Jharkhand,2020,135.0787577325567
Karnataka,2000,143.57644245286463
Karnataka,2001,94.96666484833504
Karnataka,2002,97.12962827023958
Karnataka,2003,104.17141877734413
Karnataka,2004,99.32769803409096
Karnataka,2005,122.57694222614056
Karnataka,2006,102.61132698912398
Karnataka,2007,161.00120726969195
Karnataka,2008,129.0272333670117
Karnataka,2009,156.4795362919598
Karnataka,2010,121.9240689455547
Karnataka,2011,136.94209431557542
Karnataka,2012,106.84855580725944
Karnataka,2013,125.6997562499715
Karnataka,2014,122.00355530734933
Karnataka,2015,101.1640191764364
Karnataka,2016,132.3560386311936
Karnataka,2017,128.94467393451802
Karnataka,2018,127.86413439973461
Karnataka,2019,131.40034943561892
Karnataka,2020,141.1674033658603
Kerala,2000,228.45154588072236
Kerala,2001,191.39323549182575
Kerala,2002,158.77363615905074
Kerala,2003,223.66142834051215
Kerala,2004,201.33921367717238
Kerala,2005,194.76891929966433
Kerala,2006,192.61080924960226
Kerala,2007,292.94148405389774
Kerala,2008,184.61967414050443
Kerala,2009,234.18086935783762
Kerala,2010,256.0477428857412
Kerala,2011,230.37197341214505
Kerala,2012,195.71678186889062
Kerala,2013,242.36029749977112
Kerala,2014,193.30736863799766
Kerala,2015,154.89718449599098
Kerala,2016,155.34724554370467
Kerala,2017,184.60852717243012
Kerala,2018,309.11969313588975
Kerala,2019,265.6852776608951
Kerala,2020,250.66534918773993
Madhya Pradesh,2000,172.99012053536194
Madhya Pradesh,2001,186.604063845593
Madhya Pradesh,2002,172.9631441997341
Madhya Pradesh,2003,169.9646568706951
Madhya Pradesh,2004,175.21117043697518
Madhya Pradesh,2005,246.85009076760568
Madhya Pradesh,2006,194.04142578466588
Madhya Pradesh,2007,211.55519678903403
Madhya Pradesh,2008,204.02225259542632
Madhya Pradesh,2009,165.62004359038937
Madhya Pradesh,2010,121.39732571305298
Madhya Pradesh,2011,225.4200571640199
Madhya Pradesh,2012,218.90638575887914
Madhya Pradesh,2013,204.92762451595365
Madhya Pradesh,2014,172.98701398845904
Madhya Pradesh,2015,179.0258000762896
Madhya Pradesh,2016,261.57360924890907
Madhya Pradesh,2017,146.20077429671284
Madhya Pradesh,2018,159.0808884087678
Madhya Pradesh,2019,218.1835412017096
Madhya Pradesh,2020,177.10178051609978
Maharashtra,2000,203.01493980925497
Maharashtra,2001,159.52026639189572
Maharashtra,2002,249.07244447016927
Maharashtra,2003,152.3107889727935
Maharashtra,2004,192.1749625627829
Maharashtra,2005,198.26073400878474
Maharashtra,2006,260.670711017845
Maharashtra,2007,209.48969477803834
Maharashtra,2008,192.41077622638983
Maharashtra,2009,215.9261217172954
Maharashtra,2010,207.0140542808066
Maharashtra,2011,149.88948473055038
Maharashtra,2012,140.08358518949962
Maharashtra,2013,224.18338520402472
Maharashtra,2014,202.3699120016087
Maharashtra,2015,185.5507890320437
Maharashtra,2016,224.66508918549366
Maharashtra,2017,157.93182954933962
Maharashtra,2018,179.98088388923065
Maharashtra,2019,226.6114482135767
Maharashtra,2020,174.07375856556826
Meghalaya,2000,219.99168763660697
Meghalaya,2001,254.3359316900497
Meghalaya,2002,306.6914879645204
Meghalaya,2003,286.0351320662589
Meghalaya,2004,395.68818800006164
Meghalaya,2005,218.09123354580538
Meghalaya,2006,201.47000506489854
Meghalaya,2007,400.5173066761927
Meghalaya,2008,210.9655869705479
Meghalaya,2009,298.64245405353483
Meghalaya,2010,286.97297198846917
Meghalaya,2011,240.79273567235103
Meghalaya,2012,299.5193545350046
Meghalaya,2013,167.1785977402229
Meghalaya,2014,363.2812638829966
Meghalaya,2015,376.9854438562272
Meghalaya,2016,253.44567451984423
Meghalaya,2017,327.38607885311745
Meghalaya,2018,200.72087539639813
Meghalaya,2019,276.5847990706798
Meghalaya,2020,252.4383751880706
NCT of Delhi,2000,105.59648401596968
NCT of Delhi,2001,126.42720570283778
NCT of Delhi,2002,95.16424698635464
NCT of Delhi,2003,106.65348215232608
NCT of Delhi,2004,94.00111333924721
NCT of Delhi,2005,117.86634978557606
NCT of Delhi,2006,150.58091797979708
NCT of Delhi,2007,114.4029726744777
NCT of Delhi,2008,114.90983584995185
NCT of Delhi,2009,107.51584759880515
NCT of Delhi,2010,132.0403658491454
NCT of Delhi,2011,85.27697767715108
NCT of Delhi,2012,107.46877112755409
NCT of Delhi,2013,74.96432871408594
NCT of Delhi,2014,77.03901092391209
NCT of Delhi,2015,152.77666414701022
NCT of Delhi,2016,167.12798078027788
NCT of Delhi,2017,119.79790659080264
NCT of Delhi,2018,84.52120868113246
NCT of Delhi,2019,97.13405370928044
NCT of Delhi,2020,72.64463164040406
Odisha,2000,197.142303281844
Odisha,2001,273.6273666485098
Odisha,2002,145.7345072455498
Odisha,2003,200.6599438462983
Odisha,2004,163.1803921085696
Odisha,2005,201.190898270031
Odisha,2006,226.0542635720952
Odisha,2007,231.54989866690096
Odisha,2008,221.36405283767982
Odisha,2009,234.50379230806578
Odisha,2010,181.05537167569733
Odisha,2011,223.38967802996012
Odisha,2012,222.0881090617726
Odisha,2013,171.6819834494774
Odisha,2014,261.2364276494509
Odisha,2015,181.67991864193885
Odisha,2016,170.35038949526682
Odisha,2017,176.26120753105704
Odisha,2018,203.64213015498956
Odisha,2019,220.53881802589396
Odisha,2020,205.35900171240473
Punjab,2000,70.57181689016757
Punjab,2001,89.4486474835827
Punjab,2002,95.88541363151133
Punjab,2003,97.83493711920985
Punjab,2004,61.32719380905659
Punjab,2005,95.02189239536236
Punjab,2006,117.01368578576471
Punjab,2007,65.47211378462268
Punjab,2008,108.7902398798194
Punjab,2009,138.58318344938945
Punjab,2010,100.58471201980733
Punjab,2011,95.02431138478359
Punjab,2012,115.57060750258306
Punjab,2013,115.52648915497147
Punjab,2014,121.09329132386587
Punjab,2015,106.82130557857135
Punjab,2016,74.71530933866606
Punjab,2017,95.9265313272639
Punjab,2018,178.6922292032566
Punjab,2019,98.15975707900941
Punjab,2020,76.48178139050508
Tripura,2000,116.01285041624993
Tripura,2001,157.7587476837731
Tripura,2002,126.74547213843294
Tripura,2003,240.71475066320502
Tripura,2004,240.2637233478454
Tripura,2005,133.05596973429414
Tripura,2006,155.05703112522974
Tripura,2007,172.2600127928378
Tripura,2008,131.84686294126126
Tripura,2009,132.04931514832032
Tripura,2010,95.68374826057985
Tripura,2011,169.3645443596725
Tripura,2012,116.39516134492192
Tripura,2013,118.22693363527189
Tripura,2014,157.16645876396117
Tripura,2015,195.2336121832717
Tripura,2016,120.23625410657785
Tripura,2017,189.60203894852955
Tripura,2018,224.23110625443445
Tripura,2019,109.48843455889906
Tripura,2020,115.76668656479576
Uttar Pradesh,2000,137.25825448236034
Uttar Pradesh,2001,148.86671006125482
Uttar Pradesh,2002,163.67624577270377
Uttar Pradesh,2003,175.58575782218287
Uttar Pradesh,2004,163.77185182134704
Uttar Pradesh,2005,185.98677572224446
Uttar Pradesh,2006,146.45670136973044
Uttar Pradesh,2007,146.41501954239743
Uttar Pradesh,2008,210.60391368432528
Uttar Pradesh,2009,146.0822719956446
Uttar Pradesh,2010,157.34205493118932
Uttar Pradesh,2011,163.20901894817152
Uttar Pradesh,2012,161.02503783389477
Uttar Pradesh,2013,179.52946991466882
Uttar Pradesh,2014,140.24432044286792
Uttar Pradesh,2015,131.00585518262287
Uttar Pradesh,2016,161.3116823220152
Uttar Pradesh,2017,172.95958909926327
Uttar Pradesh,2018,178.795396285772
Uttar Pradesh,2019,190.30298793388036
Uttar Pradesh,2020,143.64726342814035
West Bengal,2000,200.86189340592063
West Bengal,2001,180.36868448512644
West Bengal,2002,228.27626243707252
West Bengal,2003,178.70214793341052
West Bengal,2004,191.8361718688501
West Bengal,2005,193.21974500335398
West Bengal,2006,161.61694823896133
West Bengal,2007,293.3004234913832
West Bengal,2008,219.67457748302186
West Bengal,2009,216.92111155834772
West Bengal,2010,156.28109871927643
West Bengal,2011,268.59311943192824
West Bengal,2012,168.82846690563233
West Bengal,2013,163.64493583096979
West Bengal,2014,219.91339926440838
West Bengal,2015,241.97090344890577
West Bengal,2016,186.6354965554002
West Bengal,2017,259.21648382660106
West Bengal,2018,150.24591288961983
West Bengal,2019,217.56511052638575
West Bengal,2020,176.85140921079488
Arunachal Pradesh,2000,305.0812072760249
Arunachal Pradesh,2001,224.29240761497726
Arunachal Pradesh,2002,342.4037937681538
Arunachal Pradesh,2003,307.25695897884935
Arunachal Pradesh,2004,338.35864038044843
Arunachal Pradesh,2005,223.8367473904515
Arunachal Pradesh,2006,255.43959295241277
Arunachal Pradesh,2007,311.04330474653096
Arunachal Pradesh,2008,259.2640009594733
Arunachal Pradesh,2009,278.2894240644212
Arunachal Pradesh,2010,274.0595139955303
Arunachal Pradesh,2011,218.06495763671026
Arunachal Pradesh,2012,365.96707252009634
Arunachal Pradesh,2013,251.6873691935266
Arunachal Pradesh,2014,294.62356503133276
Arunachal Pradesh,2015,294.7734184813764
Arunachal Pradesh,2016,241.94211716381966
Arunachal Pradesh,2017,301.66479873688945
Arunachal Pradesh,2018,242.1803790729969
Arunachal Pradesh,2019,350.68032323361757
Arunachal Pradesh,2020,319.5564439402365
